<?xml version="1.0" encoding="UTF-8"?>
<osm version="0.6" generator="openstreetmap-cgimap 2.1.0 (2768239 spike-08.openstreetmap.org)" copyright="OpenStreetMap and contributors" attribution="http://www.openstreetmap.org/copyright" license="http://opendatacommons.org/licenses/odbl/1-0/">
 <bounds minlat="-26.8681800" minlon="116.6821000" maxlat="-26.7733500" maxlon="116.8503300"/>
 <node id="1170206794" visible="true" version="3" changeset="72799973" timestamp="2019-07-30T08:19:08Z" user="Misa_zumba" uid="8774347" lat="-27.0810391" lon="116.4104971"/>
 <node id="2600748201" visible="true" version="4" changeset="170814134" timestamp="2025-08-22T07:22:40Z" user="Mar Mar" uid="2963768" lat="-26.6617484" lon="116.7383518"/>
 <node id="2600748213" visible="true" version="2" changeset="60991805" timestamp="2018-07-23T15:42:56Z" user="kwametedros" uid="2171127" lat="-26.7087080" lon="116.7102313"/>
 <node id="2600748232" visible="true" version="3" changeset="60991805" timestamp="2018-07-23T15:42:56Z" user="kwametedros" uid="2171127" lat="-26.7445038" lon="116.6891813"/>
 <node id="2600748234" visible="true" version="3" changeset="60991805" timestamp="2018-07-23T15:42:56Z" user="kwametedros" uid="2171127" lat="-26.7600432" lon="116.6810167"/>
 <node id="2600748235" visible="true" version="2" changeset="60991805" timestamp="2018-07-23T15:42:56Z" user="kwametedros" uid="2171127" lat="-26.7648570" lon="116.6807699"/>
 <node id="2600748236" visible="true" version="1" changeset="19707682" timestamp="2013-12-30T00:57:24Z" user="Warin61" uid="1830192" lat="-26.7680444" lon="116.6812826"/>
 <node id="2600748237" visible="true" version="2" changeset="60991805" timestamp="2018-07-23T15:42:56Z" user="kwametedros" uid="2171127" lat="-26.7732578" lon="116.6834521"/>
 <node id="2600748238" visible="true" version="2" changeset="60991805" timestamp="2018-07-23T15:42:56Z" user="kwametedros" uid="2171127" lat="-26.7917646" lon="116.6837418"/>
 <node id="2600748263" visible="true" version="2" changeset="60991805" timestamp="2018-07-23T15:42:56Z" user="kwametedros" uid="2171127" lat="-26.8518283" lon="116.6539586"/>
 <node id="2600748266" visible="true" version="2" changeset="60991805" timestamp="2018-07-23T15:42:56Z" user="kwametedros" uid="2171127" lat="-26.8720426" lon="116.6445708"/>
 <node id="2600748291" visible="true" version="2" changeset="60991805" timestamp="2018-07-23T15:42:56Z" user="kwametedros" uid="2171127" lat="-26.8888325" lon="116.6341746"/>
 <node id="2600748292" visible="true" version="3" changeset="71469074" timestamp="2019-06-21T06:08:13Z" user="mapman44" uid="2888253" lat="-26.8929279" lon="116.6301459"/>
 <node id="2600748305" visible="true" version="3" changeset="71469074" timestamp="2019-06-21T06:08:13Z" user="mapman44" uid="2888253" lat="-26.8995730" lon="116.6205007"/>
 <node id="2600748310" visible="true" version="3" changeset="72797476" timestamp="2019-07-30T07:11:14Z" user="Misa_zumba" uid="8774347" lat="-26.9178847" lon="116.6102466"/>
 <node id="2600748314" visible="true" version="2" changeset="60991805" timestamp="2018-07-23T15:42:56Z" user="kwametedros" uid="2171127" lat="-26.9379150" lon="116.5931261"/>
 <node id="2600748324" visible="true" version="2" changeset="60991805" timestamp="2018-07-23T15:42:56Z" user="kwametedros" uid="2171127" lat="-26.9601221" lon="116.5772152"/>
 <node id="2600748328" visible="true" version="2" changeset="60991805" timestamp="2018-07-23T15:42:56Z" user="kwametedros" uid="2171127" lat="-26.9638803" lon="116.5730149"/>
 <node id="2600748334" visible="true" version="2" changeset="60991805" timestamp="2018-07-23T15:42:56Z" user="kwametedros" uid="2171127" lat="-26.9662757" lon="116.5654027"/>
 <node id="2600748336" visible="true" version="1" changeset="19707682" timestamp="2013-12-30T00:57:25Z" user="Warin61" uid="1830192" lat="-26.9670364" lon="116.5616792"/>
 <node id="2600748337" visible="true" version="2" changeset="60991805" timestamp="2018-07-23T15:42:56Z" user="kwametedros" uid="2171127" lat="-26.9690200" lon="116.5509349"/>
 <node id="2600748339" visible="true" version="2" changeset="60991805" timestamp="2018-07-23T15:42:56Z" user="kwametedros" uid="2171127" lat="-26.9704065" lon="116.5485102"/>
 <node id="2600748341" visible="true" version="2" changeset="60991805" timestamp="2018-07-23T15:42:56Z" user="kwametedros" uid="2171127" lat="-26.9715539" lon="116.5461874"/>
 <node id="2600879061" visible="true" version="2" changeset="60991805" timestamp="2018-07-23T15:42:56Z" user="kwametedros" uid="2171127" lat="-26.7961916" lon="116.6815692"/>
 <node id="2600879127" visible="true" version="2" changeset="60991805" timestamp="2018-07-23T15:42:56Z" user="kwametedros" uid="2171127" lat="-26.8030770" lon="116.6777497"/>
 <node id="2600879132" visible="true" version="2" changeset="60991805" timestamp="2018-07-23T15:42:56Z" user="kwametedros" uid="2171127" lat="-26.8083342" lon="116.6744024"/>
 <node id="2600879134" visible="true" version="2" changeset="60991805" timestamp="2018-07-23T15:42:56Z" user="kwametedros" uid="2171127" lat="-26.8109005" lon="116.6728145"/>
 <node id="2600879136" visible="true" version="2" changeset="60991805" timestamp="2018-07-23T15:42:56Z" user="kwametedros" uid="2171127" lat="-26.8149939" lon="116.6704434"/>
 <node id="2600879138" visible="true" version="2" changeset="71469074" timestamp="2019-06-21T06:08:13Z" user="mapman44" uid="2888253" lat="-26.8364189" lon="116.6609606"/>
 <node id="2600879139" visible="true" version="2" changeset="60991805" timestamp="2018-07-23T15:42:56Z" user="kwametedros" uid="2171127" lat="-26.8436678" lon="116.6578209"/>
 <node id="2600879140" visible="true" version="2" changeset="71469074" timestamp="2019-06-21T06:08:13Z" user="mapman44" uid="2888253" lat="-26.8487660" lon="116.6550306"/>
 <node id="2602288036" visible="true" version="3" changeset="63113878" timestamp="2018-10-02T06:15:30Z" user="Warin61" uid="1830192" lat="-26.7544796" lon="116.6833475"/>
 <node id="2602288152" visible="true" version="2" changeset="60991805" timestamp="2018-07-23T15:42:56Z" user="kwametedros" uid="2171127" lat="-26.9742217" lon="116.5385431"/>
 <node id="2602288153" visible="true" version="2" changeset="60991805" timestamp="2018-07-23T15:42:56Z" user="kwametedros" uid="2171127" lat="-26.9760479" lon="116.5289676"/>
 <node id="2602288154" visible="true" version="3" changeset="71469074" timestamp="2019-06-21T06:08:13Z" user="mapman44" uid="2888253" lat="-26.9786247" lon="116.5216773"/>
 <node id="2602288155" visible="true" version="2" changeset="60991805" timestamp="2018-07-23T15:42:56Z" user="kwametedros" uid="2171127" lat="-26.9829702" lon="116.5172034"/>
 <node id="2602288156" visible="true" version="1" changeset="19725009" timestamp="2013-12-30T23:50:00Z" user="Warin61" uid="1830192" lat="-26.9866264" lon="116.5167199"/>
 <node id="2602288157" visible="true" version="2" changeset="19740554" timestamp="2014-01-01T03:05:40Z" user="Warin61" uid="1830192" lat="-26.9879895" lon="116.5153158"/>
 <node id="2602288158" visible="true" version="2" changeset="60991805" timestamp="2018-07-23T15:42:56Z" user="kwametedros" uid="2171127" lat="-26.9902459" lon="116.5060455"/>
 <node id="2602288159" visible="true" version="2" changeset="60991805" timestamp="2018-07-23T15:42:56Z" user="kwametedros" uid="2171127" lat="-26.9946865" lon="116.5013033"/>
 <node id="2602288160" visible="true" version="2" changeset="60991805" timestamp="2018-07-23T15:42:56Z" user="kwametedros" uid="2171127" lat="-26.9977170" lon="116.4988464"/>
 <node id="2602288161" visible="true" version="2" changeset="60696085" timestamp="2018-07-13T18:30:26Z" user="kwametedros" uid="2171127" lat="-27.0212647" lon="116.4799046"/>
 <node id="2602288162" visible="true" version="2" changeset="60696085" timestamp="2018-07-13T18:30:26Z" user="kwametedros" uid="2171127" lat="-27.0592669" lon="116.4469362"/>
 <node id="2602288165" visible="true" version="2" changeset="60696085" timestamp="2018-07-13T18:30:27Z" user="kwametedros" uid="2171127" lat="-27.0727352" lon="116.4140566"/>
 <node id="2604076725" visible="true" version="1" changeset="19740554" timestamp="2014-01-01T03:05:36Z" user="Warin61" uid="1830192" lat="-26.9877112" lon="116.5158707"/>
 <node id="3020136884" visible="true" version="1" changeset="24785572" timestamp="2014-08-16T12:03:30Z" user="dhx1" uid="1187510" lat="-26.7746700" lon="116.8193600">
  <tag k="ele" v="408"/>
  <tag k="name" v="Balloo Hill"/>
  <tag k="natural" v="peak"/>
 </node>
 <node id="5759155627" visible="true" version="1" changeset="60696085" timestamp="2018-07-13T18:30:26Z" user="kwametedros" uid="2171127" lat="-27.0570238" lon="116.4526856"/>
 <node id="5759155628" visible="true" version="1" changeset="60696085" timestamp="2018-07-13T18:30:26Z" user="kwametedros" uid="2171127" lat="-27.0712975" lon="116.4159930"/>
 <node id="5759155630" visible="true" version="1" changeset="60696085" timestamp="2018-07-13T18:30:26Z" user="kwametedros" uid="2171127" lat="-27.0543580" lon="116.4558077"/>
 <node id="5759155634" visible="true" version="1" changeset="60696085" timestamp="2018-07-13T18:30:26Z" user="kwametedros" uid="2171127" lat="-27.0741252" lon="116.4131069"/>
 <node id="5759155635" visible="true" version="1" changeset="60696085" timestamp="2018-07-13T18:30:26Z" user="kwametedros" uid="2171127" lat="-27.0718516" lon="116.4150810"/>
 <node id="5759155646" visible="true" version="1" changeset="60696085" timestamp="2018-07-13T18:30:26Z" user="kwametedros" uid="2171127" lat="-27.0264831" lon="116.4757419"/>
 <node id="5759155647" visible="true" version="1" changeset="60696085" timestamp="2018-07-13T18:30:26Z" user="kwametedros" uid="2171127" lat="-27.0398719" lon="116.4657748"/>
 <node id="5759155653" visible="true" version="1" changeset="60696085" timestamp="2018-07-13T18:30:26Z" user="kwametedros" uid="2171127" lat="-27.0555141" lon="116.4548957"/>
 <node id="5759155656" visible="true" version="1" changeset="60696085" timestamp="2018-07-13T18:30:26Z" user="kwametedros" uid="2171127" lat="-27.0340904" lon="116.4696479"/>
 <node id="5759155657" visible="true" version="1" changeset="60696085" timestamp="2018-07-13T18:30:26Z" user="kwametedros" uid="2171127" lat="-27.0441434" lon="116.4628136"/>
 <node id="5759155662" visible="true" version="1" changeset="60696085" timestamp="2018-07-13T18:30:26Z" user="kwametedros" uid="2171127" lat="-27.0563645" lon="116.4539516"/>
 <node id="5759155663" visible="true" version="1" changeset="60696085" timestamp="2018-07-13T18:30:26Z" user="kwametedros" uid="2171127" lat="-27.0700269" lon="116.4193940"/>
 <node id="5759155665" visible="true" version="1" changeset="60696085" timestamp="2018-07-13T18:30:26Z" user="kwametedros" uid="2171127" lat="-27.0353996" lon="116.4687896"/>
 <node id="5759155666" visible="true" version="1" changeset="60696085" timestamp="2018-07-13T18:30:26Z" user="kwametedros" uid="2171127" lat="-27.0495805" lon="116.4590692"/>
 <node id="5779521415" visible="true" version="1" changeset="60991805" timestamp="2018-07-23T15:42:54Z" user="kwametedros" uid="2171127" lat="-26.7594205" lon="116.6811293"/>
 <node id="5779521430" visible="true" version="1" changeset="60991805" timestamp="2018-07-23T15:42:55Z" user="kwametedros" uid="2171127" lat="-26.7853406" lon="116.6838330"/>
 <node id="5779521432" visible="true" version="1" changeset="60991805" timestamp="2018-07-23T15:42:55Z" user="kwametedros" uid="2171127" lat="-26.7723382" lon="116.6829961"/>
 <node id="5779521434" visible="true" version="1" changeset="60991805" timestamp="2018-07-23T15:42:55Z" user="kwametedros" uid="2171127" lat="-26.7353966" lon="116.6945431"/>
 <node id="5779521436" visible="true" version="1" changeset="60991805" timestamp="2018-07-23T15:42:55Z" user="kwametedros" uid="2171127" lat="-26.6815051" lon="116.7261784"/>
 <node id="5779521449" visible="true" version="1" changeset="60991805" timestamp="2018-07-23T15:42:55Z" user="kwametedros" uid="2171127" lat="-26.7928277" lon="116.6833287"/>
 <node id="5779521451" visible="true" version="1" changeset="60991805" timestamp="2018-07-23T15:42:55Z" user="kwametedros" uid="2171127" lat="-26.7704320" lon="116.6820574"/>
 <node id="5779521453" visible="true" version="1" changeset="60991805" timestamp="2018-07-23T15:42:55Z" user="kwametedros" uid="2171127" lat="-26.7623184" lon="116.6807270"/>
 <node id="5779521455" visible="true" version="1" changeset="60991805" timestamp="2018-07-23T15:42:55Z" user="kwametedros" uid="2171127" lat="-26.6794967" lon="116.7273062"/>
 <node id="5779521456" visible="true" version="1" changeset="60991805" timestamp="2018-07-23T15:42:55Z" user="kwametedros" uid="2171127" lat="-26.6746638" lon="116.7301789"/>
 <node id="5779521470" visible="true" version="1" changeset="60991805" timestamp="2018-07-23T15:42:55Z" user="kwametedros" uid="2171127" lat="-26.7911038" lon="116.6838330"/>
 <node id="5779521472" visible="true" version="1" changeset="60991805" timestamp="2018-07-23T15:42:55Z" user="kwametedros" uid="2171127" lat="-26.7756332" lon="116.6836560"/>
 <node id="5779521474" visible="true" version="1" changeset="60991805" timestamp="2018-07-23T15:42:55Z" user="kwametedros" uid="2171127" lat="-26.7606372" lon="116.6808933"/>
 <node id="5779521476" visible="true" version="1" changeset="60991805" timestamp="2018-07-23T15:42:55Z" user="kwametedros" uid="2171127" lat="-26.7001970" lon="116.7151773"/>
 <node id="5779521477" visible="true" version="1" changeset="60991805" timestamp="2018-07-23T15:42:55Z" user="kwametedros" uid="2171127" lat="-26.6624553" lon="116.7374423"/>
 <node id="5779521493" visible="true" version="1" changeset="60991805" timestamp="2018-07-23T15:42:55Z" user="kwametedros" uid="2171127" lat="-26.7737367" lon="116.6835701"/>
 <node id="5779521495" visible="true" version="1" changeset="60991805" timestamp="2018-07-23T15:42:55Z" user="kwametedros" uid="2171127" lat="-26.7691628" lon="116.6815799"/>
 <node id="5779521497" visible="true" version="1" changeset="60991805" timestamp="2018-07-23T15:42:55Z" user="kwametedros" uid="2171127" lat="-26.6849417" lon="116.7241466"/>
 <node id="5779521505" visible="true" version="1" changeset="60991805" timestamp="2018-07-23T15:42:55Z" user="kwametedros" uid="2171127" lat="-26.6629059" lon="116.7370909"/>
 <node id="5779521512" visible="true" version="1" changeset="60991805" timestamp="2018-07-23T15:42:55Z" user="kwametedros" uid="2171127" lat="-26.7888053" lon="116.6839054"/>
 <node id="5779521514" visible="true" version="1" changeset="60991805" timestamp="2018-07-23T15:42:56Z" user="kwametedros" uid="2171127" lat="-26.7638990" lon="116.6806787"/>
 <node id="6562222369" visible="true" version="1" changeset="71469074" timestamp="2019-06-21T06:08:13Z" user="mapman44" uid="2888253" lat="-26.9924067" lon="116.5031879"/>
 <node id="6562222370" visible="true" version="1" changeset="71469074" timestamp="2019-06-21T06:08:13Z" user="mapman44" uid="2888253" lat="-26.9912116" lon="116.5044558"/>
 <node id="6562222371" visible="true" version="1" changeset="71469074" timestamp="2019-06-21T06:08:13Z" user="mapman44" uid="2888253" lat="-26.9894592" lon="116.5084420"/>
 <node id="6562222372" visible="true" version="1" changeset="71469074" timestamp="2019-06-21T06:08:13Z" user="mapman44" uid="2888253" lat="-26.9898334" lon="116.5071365"/>
 <node id="6562222373" visible="true" version="1" changeset="71469074" timestamp="2019-06-21T06:08:13Z" user="mapman44" uid="2888253" lat="-26.9822697" lon="116.5177137"/>
 <node id="6562222374" visible="true" version="1" changeset="71469074" timestamp="2019-06-21T06:08:13Z" user="mapman44" uid="2888253" lat="-26.9803564" lon="116.5197170"/>
 <node id="6562222375" visible="true" version="1" changeset="71469074" timestamp="2019-06-21T06:08:13Z" user="mapman44" uid="2888253" lat="-26.9782180" lon="116.5225589"/>
 <node id="6562222376" visible="true" version="1" changeset="71469074" timestamp="2019-06-21T06:08:13Z" user="mapman44" uid="2888253" lat="-26.9738164" lon="116.5404765"/>
 <node id="6562222377" visible="true" version="1" changeset="71469074" timestamp="2019-06-21T06:08:13Z" user="mapman44" uid="2888253" lat="-26.9624124" lon="116.5752760"/>
 <node id="6562222378" visible="true" version="1" changeset="71469074" timestamp="2019-06-21T06:08:13Z" user="mapman44" uid="2888253" lat="-26.9614107" lon="116.5764387"/>
 <node id="6562222379" visible="true" version="1" changeset="71469074" timestamp="2019-06-21T06:08:13Z" user="mapman44" uid="2888253" lat="-26.9575284" lon="116.5788046"/>
 <node id="6562222380" visible="true" version="1" changeset="71469074" timestamp="2019-06-21T06:08:13Z" user="mapman44" uid="2888253" lat="-26.9524720" lon="116.5822898"/>
 <node id="6562222381" visible="true" version="1" changeset="71469074" timestamp="2019-06-21T06:08:13Z" user="mapman44" uid="2888253" lat="-26.9496036" lon="116.5841686"/>
 <node id="6562222382" visible="true" version="1" changeset="71469074" timestamp="2019-06-21T06:08:13Z" user="mapman44" uid="2888253" lat="-26.9466566" lon="116.5862038"/>
 <node id="6562222383" visible="true" version="1" changeset="71469074" timestamp="2019-06-21T06:08:13Z" user="mapman44" uid="2888253" lat="-26.9422709" lon="116.5893960"/>
 <node id="6562222384" visible="true" version="1" changeset="71469074" timestamp="2019-06-21T06:08:13Z" user="mapman44" uid="2888253" lat="-26.9159543" lon="116.6117564"/>
 <node id="6562265685" visible="true" version="1" changeset="71469074" timestamp="2019-06-21T06:08:13Z" user="mapman44" uid="2888253" lat="-26.9143577" lon="116.6127124"/>
 <node id="6562265686" visible="true" version="1" changeset="71469074" timestamp="2019-06-21T06:08:13Z" user="mapman44" uid="2888253" lat="-26.9059508" lon="116.6173056"/>
 <node id="6562265687" visible="true" version="2" changeset="90354703" timestamp="2020-09-03T10:14:21Z" user="TheSwavu" uid="2622285" lat="-26.9028537" lon="116.6187512">
  <tag k="ford" v="yes"/>
 </node>
 <node id="6562265688" visible="true" version="1" changeset="71469074" timestamp="2019-06-21T06:08:13Z" user="mapman44" uid="2888253" lat="-26.9010964" lon="116.6195982"/>
 <node id="6562265689" visible="true" version="1" changeset="71469074" timestamp="2019-06-21T06:08:13Z" user="mapman44" uid="2888253" lat="-26.8988250" lon="116.6214526"/>
 <node id="6562265690" visible="true" version="1" changeset="71469074" timestamp="2019-06-21T06:08:13Z" user="mapman44" uid="2888253" lat="-26.8910535" lon="116.6321617"/>
 <node id="6562265691" visible="true" version="1" changeset="71469074" timestamp="2019-06-21T06:08:13Z" user="mapman44" uid="2888253" lat="-26.8920911" lon="116.6311109"/>
 <node id="6562265692" visible="true" version="1" changeset="71469074" timestamp="2019-06-21T06:08:13Z" user="mapman44" uid="2888253" lat="-26.8680217" lon="116.6467022"/>
 <node id="6562265693" visible="true" version="1" changeset="71469074" timestamp="2019-06-21T06:08:13Z" user="mapman44" uid="2888253" lat="-26.8383364" lon="116.6601385"/>
 <node id="6562265694" visible="true" version="1" changeset="71469074" timestamp="2019-06-21T06:08:13Z" user="mapman44" uid="2888253" lat="-26.8342347" lon="116.6616458"/>
 <node id="6562265695" visible="true" version="1" changeset="71469074" timestamp="2019-06-21T06:08:13Z" user="mapman44" uid="2888253" lat="-26.8292489" lon="116.6640568"/>
 <node id="6562265696" visible="true" version="1" changeset="71469074" timestamp="2019-06-21T06:08:13Z" user="mapman44" uid="2888253" lat="-26.8253481" lon="116.6659121"/>
 <node id="6562265697" visible="true" version="1" changeset="71469074" timestamp="2019-06-21T06:08:13Z" user="mapman44" uid="2888253" lat="-26.8220265" lon="116.6675750"/>
 <node id="6562265698" visible="true" version="1" changeset="71469074" timestamp="2019-06-21T06:08:13Z" user="mapman44" uid="2888253" lat="-26.8137363" lon="116.6710209"/>
 <node id="6612488296" visible="true" version="1" changeset="72222970" timestamp="2019-07-14T04:05:24Z" user="Ewen Hill" uid="935037" lat="-26.7568638" lon="116.6821204"/>
 <node id="6612488311" visible="true" version="1" changeset="72222970" timestamp="2019-07-14T04:05:24Z" user="Ewen Hill" uid="935037" lat="-26.7537377" lon="116.6837814"/>
 <node id="6612874176" visible="true" version="1" changeset="72230506" timestamp="2019-07-14T11:38:28Z" user="Ewen Hill" uid="935037" lat="-26.9855800" lon="116.5168583"/>
 <node id="6612890994" visible="true" version="1" changeset="72230506" timestamp="2019-07-14T11:38:28Z" user="Ewen Hill" uid="935037" lat="-27.0286937" lon="116.4739711"/>
 <node id="7166404799" visible="true" version="1" changeset="80198908" timestamp="2020-01-28T12:40:07Z" user="magrej" uid="7345137" lat="-26.7905983" lon="116.6780351"/>
 <node id="7166404800" visible="true" version="1" changeset="80198908" timestamp="2020-01-28T12:40:07Z" user="magrej" uid="7345137" lat="-26.7907426" lon="116.6780620"/>
 <node id="7166404801" visible="true" version="1" changeset="80198908" timestamp="2020-01-28T12:40:07Z" user="magrej" uid="7345137" lat="-26.7912474" lon="116.6780620"/>
 <node id="7166404802" visible="true" version="1" changeset="80198908" timestamp="2020-01-28T12:40:07Z" user="magrej" uid="7345137" lat="-26.7915759" lon="116.6780979"/>
 <node id="7166404804" visible="true" version="1" changeset="80198908" timestamp="2020-01-28T12:40:07Z" user="magrej" uid="7345137" lat="-26.7918724" lon="116.6781697"/>
 <node id="7166404805" visible="true" version="1" changeset="80198908" timestamp="2020-01-28T12:40:07Z" user="magrej" uid="7345137" lat="-26.7920246" lon="116.6781787"/>
 <node id="7166404806" visible="true" version="1" changeset="80198908" timestamp="2020-01-28T12:40:07Z" user="magrej" uid="7345137" lat="-26.7921929" lon="116.6782146"/>
 <node id="7166404808" visible="true" version="1" changeset="80198908" timestamp="2020-01-28T12:40:07Z" user="magrej" uid="7345137" lat="-26.7926656" lon="116.6783403"/>
 <node id="7166404809" visible="true" version="1" changeset="80198908" timestamp="2020-01-28T12:40:07Z" user="magrej" uid="7345137" lat="-26.7946448" lon="116.6781697"/>
 <node id="7166404812" visible="true" version="1" changeset="80198908" timestamp="2020-01-28T12:40:07Z" user="magrej" uid="7345137" lat="-26.7951656" lon="116.6779992"/>
 <node id="7166404813" visible="true" version="1" changeset="80198908" timestamp="2020-01-28T12:40:07Z" user="magrej" uid="7345137" lat="-26.7957665" lon="116.6777299"/>
 <node id="7166404814" visible="true" version="1" changeset="80198908" timestamp="2020-01-28T12:40:07Z" user="magrej" uid="7345137" lat="-26.7960630" lon="116.6775773"/>
 <node id="7166404817" visible="true" version="1" changeset="80198908" timestamp="2020-01-28T12:40:07Z" user="magrej" uid="7345137" lat="-26.7968642" lon="116.6772541"/>
 <node id="7166404818" visible="true" version="1" changeset="80198908" timestamp="2020-01-28T12:40:07Z" user="magrej" uid="7345137" lat="-26.7970004" lon="116.6771913"/>
 <node id="7166404819" visible="true" version="1" changeset="80198908" timestamp="2020-01-28T12:40:07Z" user="magrej" uid="7345137" lat="-26.7972007" lon="116.6770656"/>
 <node id="7166404820" visible="true" version="1" changeset="80198908" timestamp="2020-01-28T12:40:07Z" user="magrej" uid="7345137" lat="-26.7973049" lon="116.6769489"/>
 <node id="7166404821" visible="true" version="1" changeset="80198908" timestamp="2020-01-28T12:40:07Z" user="magrej" uid="7345137" lat="-26.7975212" lon="116.6766527"/>
 <node id="7166404822" visible="true" version="1" changeset="80198908" timestamp="2020-01-28T12:40:07Z" user="magrej" uid="7345137" lat="-26.7975934" lon="116.6765091"/>
 <node id="7166404823" visible="true" version="1" changeset="80198908" timestamp="2020-01-28T12:40:07Z" user="magrej" uid="7345137" lat="-26.7977776" lon="116.6762488"/>
 <node id="7166404824" visible="true" version="1" changeset="80198908" timestamp="2020-01-28T12:40:07Z" user="magrej" uid="7345137" lat="-26.7980741" lon="116.6754409"/>
 <node id="7166404825" visible="true" version="1" changeset="80198908" timestamp="2020-01-28T12:40:07Z" user="magrej" uid="7345137" lat="-26.7982584" lon="116.6746240"/>
 <node id="7166404826" visible="true" version="1" changeset="80198908" timestamp="2020-01-28T12:40:07Z" user="magrej" uid="7345137" lat="-26.7984026" lon="116.6743368"/>
 <node id="7166404829" visible="true" version="1" changeset="80198908" timestamp="2020-01-28T12:40:07Z" user="magrej" uid="7345137" lat="-26.7987952" lon="116.6738341"/>
 <node id="7166404830" visible="true" version="1" changeset="80198908" timestamp="2020-01-28T12:40:07Z" user="magrej" uid="7345137" lat="-26.7989154" lon="116.6737174"/>
 <node id="7166404831" visible="true" version="1" changeset="80198908" timestamp="2020-01-28T12:40:07Z" user="magrej" uid="7345137" lat="-26.8007181" lon="116.6722812"/>
 <node id="7166404832" visible="true" version="1" changeset="80198908" timestamp="2020-01-28T12:40:07Z" user="magrej" uid="7345137" lat="-26.8009265" lon="116.6720299"/>
 <node id="7166404834" visible="true" version="1" changeset="80198908" timestamp="2020-01-28T12:40:07Z" user="magrej" uid="7345137" lat="-26.8012229" lon="116.6716169"/>
 <node id="7166404835" visible="true" version="1" changeset="80198908" timestamp="2020-01-28T12:40:07Z" user="magrej" uid="7345137" lat="-26.8012950" lon="116.6714733"/>
 <node id="7166404839" visible="true" version="1" changeset="80198908" timestamp="2020-01-28T12:40:07Z" user="magrej" uid="7345137" lat="-26.8016155" lon="116.6702795"/>
 <node id="7166404840" visible="true" version="1" changeset="80198908" timestamp="2020-01-28T12:40:07Z" user="magrej" uid="7345137" lat="-26.8017277" lon="116.6699384"/>
 <node id="7166404841" visible="true" version="1" changeset="80198908" timestamp="2020-01-28T12:40:07Z" user="magrej" uid="7345137" lat="-26.8017918" lon="116.6697947"/>
 <node id="7166404842" visible="true" version="1" changeset="80198908" timestamp="2020-01-28T12:40:07Z" user="magrej" uid="7345137" lat="-26.8018959" lon="116.6696870"/>
 <node id="7166404843" visible="true" version="1" changeset="80198908" timestamp="2020-01-28T12:40:07Z" user="magrej" uid="7345137" lat="-26.8020401" lon="116.6695703"/>
 <node id="7166404844" visible="true" version="1" changeset="80198908" timestamp="2020-01-28T12:40:07Z" user="magrej" uid="7345137" lat="-26.8032660" lon="116.6687176"/>
 <node id="7166404845" visible="true" version="1" changeset="80198908" timestamp="2020-01-28T12:40:07Z" user="magrej" uid="7345137" lat="-26.8047482" lon="116.6678917"/>
 <node id="7166404847" visible="true" version="1" changeset="80198908" timestamp="2020-01-28T12:40:07Z" user="magrej" uid="7345137" lat="-26.8053250" lon="116.6676225"/>
 <node id="7166404848" visible="true" version="1" changeset="80198908" timestamp="2020-01-28T12:40:07Z" user="magrej" uid="7345137" lat="-26.8055093" lon="116.6674968"/>
 <node id="7166404849" visible="true" version="1" changeset="80198908" timestamp="2020-01-28T12:40:07Z" user="magrej" uid="7345137" lat="-26.8090425" lon="116.6658092"/>
 <node id="7166404850" visible="true" version="1" changeset="80198908" timestamp="2020-01-28T12:40:07Z" user="magrej" uid="7345137" lat="-26.8093309" lon="116.6657194"/>
 <node id="7166404851" visible="true" version="1" changeset="80198908" timestamp="2020-01-28T12:40:07Z" user="magrej" uid="7345137" lat="-26.8096353" lon="116.6655758"/>
 <node id="7166404852" visible="true" version="1" changeset="80198908" timestamp="2020-01-28T12:40:07Z" user="magrej" uid="7345137" lat="-26.8099237" lon="116.6654861"/>
 <node id="7166404853" visible="true" version="1" changeset="80198908" timestamp="2020-01-28T12:40:07Z" user="magrej" uid="7345137" lat="-26.8102602" lon="116.6654502"/>
 <node id="7166404854" visible="true" version="1" changeset="80198908" timestamp="2020-01-28T12:40:07Z" user="magrej" uid="7345137" lat="-26.8105646" lon="116.6654502"/>
 <node id="7166404855" visible="true" version="1" changeset="80198908" timestamp="2020-01-28T12:40:07Z" user="magrej" uid="7345137" lat="-26.8112376" lon="116.6654861"/>
 <node id="7166404856" visible="true" version="1" changeset="80198908" timestamp="2020-01-28T12:40:07Z" user="magrej" uid="7345137" lat="-26.8115260" lon="116.6655399"/>
 <node id="7166404857" visible="true" version="1" changeset="80198908" timestamp="2020-01-28T12:40:07Z" user="magrej" uid="7345137" lat="-26.8118304" lon="116.6655399"/>
 <node id="7166404858" visible="true" version="1" changeset="80198908" timestamp="2020-01-28T12:40:07Z" user="magrej" uid="7345137" lat="-26.8121509" lon="116.6655040"/>
 <node id="7166404859" visible="true" version="1" changeset="80198908" timestamp="2020-01-28T12:40:07Z" user="magrej" uid="7345137" lat="-26.8124553" lon="116.6654322"/>
 <node id="7166404861" visible="true" version="1" changeset="80198908" timestamp="2020-01-28T12:40:07Z" user="magrej" uid="7345137" lat="-26.8130962" lon="116.6653424"/>
 <node id="7166404862" visible="true" version="1" changeset="80198908" timestamp="2020-01-28T12:40:07Z" user="magrej" uid="7345137" lat="-26.8134007" lon="116.6652347"/>
 <node id="7166404863" visible="true" version="1" changeset="80198908" timestamp="2020-01-28T12:40:07Z" user="magrej" uid="7345137" lat="-26.8136410" lon="116.6650372"/>
 <node id="7166404864" visible="true" version="1" changeset="80198908" timestamp="2020-01-28T12:40:07Z" user="magrej" uid="7345137" lat="-26.8138493" lon="116.6648039"/>
 <node id="7166404865" visible="true" version="1" changeset="80198908" timestamp="2020-01-28T12:40:07Z" user="magrej" uid="7345137" lat="-26.8140896" lon="116.6645705"/>
 <node id="7166404866" visible="true" version="1" changeset="80198908" timestamp="2020-01-28T12:40:07Z" user="magrej" uid="7345137" lat="-26.8142979" lon="116.6643191"/>
 <node id="7166404867" visible="true" version="1" changeset="80198908" timestamp="2020-01-28T12:40:07Z" user="magrej" uid="7345137" lat="-26.8149869" lon="116.6636369"/>
 <node id="7166404868" visible="true" version="1" changeset="80198908" timestamp="2020-01-28T12:40:07Z" user="magrej" uid="7345137" lat="-26.8154836" lon="116.6632599"/>
 <node id="7166404869" visible="true" version="1" changeset="80198908" timestamp="2020-01-28T12:40:07Z" user="magrej" uid="7345137" lat="-26.8157399" lon="116.6630445"/>
 <node id="7166404870" visible="true" version="1" changeset="80198908" timestamp="2020-01-28T12:40:07Z" user="magrej" uid="7345137" lat="-26.8160283" lon="116.6629727"/>
 <node id="7166404871" visible="true" version="1" changeset="80198908" timestamp="2020-01-28T12:40:07Z" user="magrej" uid="7345137" lat="-26.8163167" lon="116.6628650"/>
 <node id="7166404872" visible="true" version="1" changeset="80198908" timestamp="2020-01-28T12:40:07Z" user="magrej" uid="7345137" lat="-26.8172460" lon="116.6626136"/>
 <node id="7166404873" visible="true" version="1" changeset="80198908" timestamp="2020-01-28T12:40:07Z" user="magrej" uid="7345137" lat="-26.8183515" lon="116.6620750"/>
 <node id="7166404874" visible="true" version="1" changeset="80198908" timestamp="2020-01-28T12:40:07Z" user="magrej" uid="7345137" lat="-26.8186559" lon="116.6619494"/>
 <node id="7166404875" visible="true" version="1" changeset="80198908" timestamp="2020-01-28T12:40:07Z" user="magrej" uid="7345137" lat="-26.8193609" lon="116.6615005"/>
 <node id="7166404876" visible="true" version="1" changeset="80198908" timestamp="2020-01-28T12:40:07Z" user="magrej" uid="7345137" lat="-26.8196653" lon="116.6613569"/>
 <node id="7166404877" visible="true" version="1" changeset="80198908" timestamp="2020-01-28T12:40:07Z" user="magrej" uid="7345137" lat="-26.8199537" lon="116.6611774"/>
 <node id="7166404878" visible="true" version="1" changeset="80198908" timestamp="2020-01-28T12:40:07Z" user="magrej" uid="7345137" lat="-26.8204984" lon="116.6607824"/>
 <node id="7166404879" visible="true" version="1" changeset="80198908" timestamp="2020-01-28T12:40:07Z" user="magrej" uid="7345137" lat="-26.8208349" lon="116.6604772"/>
 <node id="7166404880" visible="true" version="1" changeset="80198908" timestamp="2020-01-28T12:40:07Z" user="magrej" uid="7345137" lat="-26.8213315" lon="116.6599566"/>
 <node id="7166404881" visible="true" version="1" changeset="80198908" timestamp="2020-01-28T12:40:07Z" user="magrej" uid="7345137" lat="-26.8216039" lon="116.6589871"/>
 <node id="7166404884" visible="true" version="1" changeset="80198908" timestamp="2020-01-28T12:40:07Z" user="magrej" uid="7345137" lat="-26.8218763" lon="116.6576227"/>
 <node id="7166418485" visible="true" version="1" changeset="80198908" timestamp="2020-01-28T12:40:07Z" user="magrej" uid="7345137" lat="-26.8219884" lon="116.6572996"/>
 <node id="7166418486" visible="true" version="1" changeset="80198908" timestamp="2020-01-28T12:40:07Z" user="magrej" uid="7345137" lat="-26.8221646" lon="116.6570123"/>
 <node id="7166418487" visible="true" version="1" changeset="80198908" timestamp="2020-01-28T12:40:07Z" user="magrej" uid="7345137" lat="-26.8223569" lon="116.6567610"/>
 <node id="7166418488" visible="true" version="1" changeset="80198908" timestamp="2020-01-28T12:40:07Z" user="magrej" uid="7345137" lat="-26.8226132" lon="116.6565097"/>
 <node id="7166418489" visible="true" version="1" changeset="80198908" timestamp="2020-01-28T12:40:07Z" user="magrej" uid="7345137" lat="-26.8228696" lon="116.6563301"/>
 <node id="7166418490" visible="true" version="1" changeset="80198908" timestamp="2020-01-28T12:40:07Z" user="magrej" uid="7345137" lat="-26.8234143" lon="116.6560788"/>
 <node id="7166418491" visible="true" version="1" changeset="80198908" timestamp="2020-01-28T12:40:07Z" user="magrej" uid="7345137" lat="-26.8237187" lon="116.6559711"/>
 <node id="7166418492" visible="true" version="1" changeset="80198908" timestamp="2020-01-28T12:40:07Z" user="magrej" uid="7345137" lat="-26.8243275" lon="116.6558634"/>
 <node id="7166418493" visible="true" version="1" changeset="80198908" timestamp="2020-01-28T12:40:07Z" user="magrej" uid="7345137" lat="-26.8246319" lon="116.6558634"/>
 <node id="7166418494" visible="true" version="1" changeset="80198908" timestamp="2020-01-28T12:40:07Z" user="magrej" uid="7345137" lat="-26.8249203" lon="116.6558095"/>
 <node id="7166418496" visible="true" version="1" changeset="80198908" timestamp="2020-01-28T12:40:07Z" user="magrej" uid="7345137" lat="-26.8256813" lon="116.6559980"/>
 <node id="7166418497" visible="true" version="1" changeset="80198908" timestamp="2020-01-28T12:40:07Z" user="magrej" uid="7345137" lat="-26.8261058" lon="116.6560788"/>
 <node id="7166418499" visible="true" version="1" changeset="80198908" timestamp="2020-01-28T12:40:07Z" user="magrej" uid="7345137" lat="-26.8267547" lon="116.6561327"/>
 <node id="7166418501" visible="true" version="1" changeset="80198908" timestamp="2020-01-28T12:40:07Z" user="magrej" uid="7345137" lat="-26.8279882" lon="116.6561596"/>
 <node id="7166418503" visible="true" version="1" changeset="80198908" timestamp="2020-01-28T12:40:07Z" user="magrej" uid="7345137" lat="-26.8285490" lon="116.6561057"/>
 <node id="7166418504" visible="true" version="1" changeset="80198908" timestamp="2020-01-28T12:40:07Z" user="magrej" uid="7345137" lat="-26.8290216" lon="116.6561057"/>
 <node id="7166418505" visible="true" version="1" changeset="80198908" timestamp="2020-01-28T12:40:07Z" user="magrej" uid="7345137" lat="-26.8293500" lon="116.6561237"/>
 <node id="7166418506" visible="true" version="1" changeset="80198908" timestamp="2020-01-28T12:40:07Z" user="magrej" uid="7345137" lat="-26.8296544" lon="116.6561865"/>
 <node id="7166418507" visible="true" version="1" changeset="80198908" timestamp="2020-01-28T12:40:07Z" user="magrej" uid="7345137" lat="-26.8300549" lon="116.6562404"/>
 <node id="7166418508" visible="true" version="1" changeset="80198908" timestamp="2020-01-28T12:40:07Z" user="magrej" uid="7345137" lat="-26.8301910" lon="116.6563032"/>
 <node id="7166418509" visible="true" version="1" changeset="80198908" timestamp="2020-01-28T12:40:07Z" user="magrej" uid="7345137" lat="-26.8304474" lon="116.6565456"/>
 <node id="7166418510" visible="true" version="1" changeset="80198908" timestamp="2020-01-28T12:40:07Z" user="magrej" uid="7345137" lat="-26.8307037" lon="116.6567520"/>
 <node id="7166418511" visible="true" version="1" changeset="80198908" timestamp="2020-01-28T12:40:07Z" user="magrej" uid="7345137" lat="-26.8308158" lon="116.6568687"/>
 <node id="7166418512" visible="true" version="1" changeset="80198908" timestamp="2020-01-28T12:40:07Z" user="magrej" uid="7345137" lat="-26.8309520" lon="116.6569495"/>
 <node id="7166418513" visible="true" version="1" changeset="80198908" timestamp="2020-01-28T12:40:07Z" user="magrej" uid="7345137" lat="-26.8311042" lon="116.6569854"/>
 <node id="7166418514" visible="true" version="1" changeset="80198908" timestamp="2020-01-28T12:40:07Z" user="magrej" uid="7345137" lat="-26.8314326" lon="116.6569585"/>
 <node id="7166418515" visible="true" version="1" changeset="80198908" timestamp="2020-01-28T12:40:07Z" user="magrej" uid="7345137" lat="-26.8315768" lon="116.6569316"/>
 <node id="7166418516" visible="true" version="1" changeset="80198908" timestamp="2020-01-28T12:40:07Z" user="magrej" uid="7345137" lat="-26.8318651" lon="116.6568238"/>
 <node id="7166418517" visible="true" version="1" changeset="80198908" timestamp="2020-01-28T12:40:07Z" user="magrej" uid="7345137" lat="-26.8321375" lon="116.6566533"/>
 <node id="7166418519" visible="true" version="1" changeset="80198908" timestamp="2020-01-28T12:40:07Z" user="magrej" uid="7345137" lat="-26.8326421" lon="116.6561865"/>
 <node id="7166418520" visible="true" version="1" changeset="80198908" timestamp="2020-01-28T12:40:07Z" user="magrej" uid="7345137" lat="-26.8329465" lon="116.6558185"/>
 <node id="7166418521" visible="true" version="1" changeset="80198908" timestamp="2020-01-28T12:40:07Z" user="magrej" uid="7345137" lat="-26.8332909" lon="116.6553338"/>
 <node id="7166418523" visible="true" version="1" changeset="80198908" timestamp="2020-01-28T12:40:07Z" user="magrej" uid="7345137" lat="-26.8335472" lon="116.6548490"/>
 <node id="7166418524" visible="true" version="1" changeset="80198908" timestamp="2020-01-28T12:40:07Z" user="magrej" uid="7345137" lat="-26.8340438" lon="116.6541938"/>
 <node id="7166418525" visible="true" version="1" changeset="80198908" timestamp="2020-01-28T12:40:07Z" user="magrej" uid="7345137" lat="-26.8345004" lon="116.6538796"/>
 <node id="7166418526" visible="true" version="1" changeset="80198908" timestamp="2020-01-28T12:40:07Z" user="magrej" uid="7345137" lat="-26.8346526" lon="116.6538167"/>
 <node id="7166418527" visible="true" version="1" changeset="80198908" timestamp="2020-01-28T12:40:07Z" user="magrej" uid="7345137" lat="-26.8353814" lon="116.6536193"/>
 <node id="7166418528" visible="true" version="1" changeset="80198908" timestamp="2020-01-28T12:40:07Z" user="magrej" uid="7345137" lat="-26.8356778" lon="116.6535564"/>
 <node id="7166418529" visible="true" version="1" changeset="80198908" timestamp="2020-01-28T12:40:07Z" user="magrej" uid="7345137" lat="-26.8359261" lon="116.6534038"/>
 <node id="7166418530" visible="true" version="1" changeset="80198908" timestamp="2020-01-28T12:40:07Z" user="magrej" uid="7345137" lat="-26.8360943" lon="116.6531345"/>
 <node id="7166418531" visible="true" version="1" changeset="80198908" timestamp="2020-01-28T12:40:07Z" user="magrej" uid="7345137" lat="-26.8361504" lon="116.6529101"/>
 <node id="7166418532" visible="true" version="1" changeset="80198908" timestamp="2020-01-28T12:40:07Z" user="magrej" uid="7345137" lat="-26.8362305" lon="116.6527306"/>
 <node id="7166418533" visible="true" version="1" changeset="80198908" timestamp="2020-01-28T12:40:07Z" user="magrej" uid="7345137" lat="-26.8363666" lon="116.6526319"/>
 <node id="7166418534" visible="true" version="1" changeset="80198908" timestamp="2020-01-28T12:40:07Z" user="magrej" uid="7345137" lat="-26.8365188" lon="116.6525780"/>
 <node id="7166418535" visible="true" version="1" changeset="80198908" timestamp="2020-01-28T12:40:07Z" user="magrej" uid="7345137" lat="-26.8366870" lon="116.6524613"/>
 <node id="7166418536" visible="true" version="1" changeset="80198908" timestamp="2020-01-28T12:40:07Z" user="magrej" uid="7345137" lat="-26.8368472" lon="116.6522549"/>
 <node id="7166418537" visible="true" version="1" changeset="80198908" timestamp="2020-01-28T12:40:07Z" user="magrej" uid="7345137" lat="-26.8370474" lon="116.6519407"/>
 <node id="7166418540" visible="true" version="1" changeset="80198908" timestamp="2020-01-28T12:40:07Z" user="magrej" uid="7345137" lat="-26.8373038" lon="116.6510879"/>
 <node id="7166418541" visible="true" version="1" changeset="80198908" timestamp="2020-01-28T12:40:07Z" user="magrej" uid="7345137" lat="-26.8374479" lon="116.6509174"/>
 <node id="7166418542" visible="true" version="1" changeset="80198908" timestamp="2020-01-28T12:40:07Z" user="magrej" uid="7345137" lat="-26.8379926" lon="116.6505583"/>
 <node id="7166418543" visible="true" version="1" changeset="80198908" timestamp="2020-01-28T12:40:07Z" user="magrej" uid="7345137" lat="-26.8402753" lon="116.6497953"/>
 <node id="7166418544" visible="true" version="1" changeset="80198908" timestamp="2020-01-28T12:40:07Z" user="magrej" uid="7345137" lat="-26.8404274" lon="116.6497684"/>
 <node id="7166418546" visible="true" version="1" changeset="80198908" timestamp="2020-01-28T12:40:07Z" user="magrej" uid="7345137" lat="-26.8411803" lon="116.6495350"/>
 <node id="7166418548" visible="true" version="1" changeset="80198908" timestamp="2020-01-28T12:40:07Z" user="magrej" uid="7345137" lat="-26.8416449" lon="116.6493555"/>
 <node id="7166418551" visible="true" version="1" changeset="80198908" timestamp="2020-01-28T12:40:07Z" user="magrej" uid="7345137" lat="-26.8421494" lon="116.6489515"/>
 <node id="7166418552" visible="true" version="1" changeset="80198908" timestamp="2020-01-28T12:40:07Z" user="magrej" uid="7345137" lat="-26.8424057" lon="116.6487720"/>
 <node id="7166418553" visible="true" version="1" changeset="80198908" timestamp="2020-01-28T12:40:07Z" user="magrej" uid="7345137" lat="-26.8427421" lon="116.6483860"/>
 <node id="7166418554" visible="true" version="1" changeset="80198908" timestamp="2020-01-28T12:40:07Z" user="magrej" uid="7345137" lat="-26.8429263" lon="116.6481975"/>
 <node id="7166418555" visible="true" version="1" changeset="80198908" timestamp="2020-01-28T12:40:07Z" user="magrej" uid="7345137" lat="-26.8430625" lon="116.6481167"/>
 <node id="7166418556" visible="true" version="1" changeset="80198908" timestamp="2020-01-28T12:40:07Z" user="magrej" uid="7345137" lat="-26.8434389" lon="116.6480090"/>
 <node id="7166418557" visible="true" version="1" changeset="80198908" timestamp="2020-01-28T12:40:07Z" user="magrej" uid="7345137" lat="-26.8445602" lon="116.6481437"/>
 <node id="7166418558" visible="true" version="1" changeset="80198908" timestamp="2020-01-28T12:40:07Z" user="magrej" uid="7345137" lat="-26.8448725" lon="116.6481437"/>
 <node id="7166418559" visible="true" version="1" changeset="80198908" timestamp="2020-01-28T12:40:07Z" user="magrej" uid="7345137" lat="-26.8451929" lon="116.6481167"/>
 <node id="7166418560" visible="true" version="1" changeset="80198908" timestamp="2020-01-28T12:40:07Z" user="magrej" uid="7345137" lat="-26.8453531" lon="116.6480808"/>
 <node id="7166418561" visible="true" version="1" changeset="80198908" timestamp="2020-01-28T12:40:07Z" user="magrej" uid="7345137" lat="-26.8454892" lon="116.6480000"/>
 <node id="7166418562" visible="true" version="1" changeset="80198908" timestamp="2020-01-28T12:40:07Z" user="magrej" uid="7345137" lat="-26.8458096" lon="116.6477218"/>
 <node id="7166418563" visible="true" version="1" changeset="80198908" timestamp="2020-01-28T12:40:07Z" user="magrej" uid="7345137" lat="-26.8459217" lon="116.6475781"/>
 <node id="7166418564" visible="true" version="1" changeset="80198908" timestamp="2020-01-28T12:40:07Z" user="magrej" uid="7345137" lat="-26.8459938" lon="116.6473986"/>
 <node id="7166418565" visible="true" version="1" changeset="80198908" timestamp="2020-01-28T12:40:07Z" user="magrej" uid="7345137" lat="-26.8460419" lon="116.6472011"/>
 <node id="7166418566" visible="true" version="1" changeset="80198908" timestamp="2020-01-28T12:40:07Z" user="magrej" uid="7345137" lat="-26.8460739" lon="116.6469318"/>
 <node id="7166418567" visible="true" version="1" changeset="80198908" timestamp="2020-01-28T12:40:07Z" user="magrej" uid="7345137" lat="-26.8460899" lon="116.6463663"/>
 <node id="7166418569" visible="true" version="1" changeset="80198908" timestamp="2020-01-28T12:40:07Z" user="magrej" uid="7345137" lat="-26.8461540" lon="116.6460342"/>
 <node id="7166418570" visible="true" version="1" changeset="80198908" timestamp="2020-01-28T12:40:07Z" user="magrej" uid="7345137" lat="-26.8462421" lon="116.6456931"/>
 <node id="7166418571" visible="true" version="1" changeset="80198908" timestamp="2020-01-28T12:40:07Z" user="magrej" uid="7345137" lat="-26.8462981" lon="116.6455405"/>
 <node id="7166418572" visible="true" version="1" changeset="80198908" timestamp="2020-01-28T12:40:07Z" user="magrej" uid="7345137" lat="-26.8463782" lon="116.6453879"/>
 <node id="7166418573" visible="true" version="1" changeset="80198908" timestamp="2020-01-28T12:40:07Z" user="magrej" uid="7345137" lat="-26.8466025" lon="116.6451276"/>
 <node id="7166418576" visible="true" version="1" changeset="80198908" timestamp="2020-01-28T12:40:07Z" user="magrej" uid="7345137" lat="-26.8468668" lon="116.6446877"/>
 <node id="7166418578" visible="true" version="1" changeset="80198908" timestamp="2020-01-28T12:40:07Z" user="magrej" uid="7345137" lat="-26.8470830" lon="116.6440235"/>
 <node id="7166418579" visible="true" version="1" changeset="80198908" timestamp="2020-01-28T12:40:07Z" user="magrej" uid="7345137" lat="-26.8471471" lon="116.6438709"/>
 <node id="7166418580" visible="true" version="1" changeset="80198908" timestamp="2020-01-28T12:40:07Z" user="magrej" uid="7345137" lat="-26.8471631" lon="116.6436914"/>
 <node id="7166418581" visible="true" version="1" changeset="80198908" timestamp="2020-01-28T12:40:07Z" user="magrej" uid="7345137" lat="-26.8471311" lon="116.6435298"/>
 <node id="7166418582" visible="true" version="1" changeset="80198908" timestamp="2020-01-28T12:40:07Z" user="magrej" uid="7345137" lat="-26.8469469" lon="116.6430451"/>
 <node id="7166418583" visible="true" version="1" changeset="80198908" timestamp="2020-01-28T12:40:07Z" user="magrej" uid="7345137" lat="-26.8469148" lon="116.6428745"/>
 <node id="7166418585" visible="true" version="1" changeset="80198908" timestamp="2020-01-28T12:40:07Z" user="magrej" uid="7345137" lat="-26.8470670" lon="116.6423898"/>
 <node id="7166418587" visible="true" version="1" changeset="80198908" timestamp="2020-01-28T12:40:07Z" user="magrej" uid="7345137" lat="-26.8472192" lon="116.6420666"/>
 <node id="7166418589" visible="true" version="1" changeset="80198908" timestamp="2020-01-28T12:40:07Z" user="magrej" uid="7345137" lat="-26.8474755" lon="116.6418692"/>
 <node id="7166418590" visible="true" version="1" changeset="80198908" timestamp="2020-01-28T12:40:07Z" user="magrej" uid="7345137" lat="-26.8475956" lon="116.6416447"/>
 <node id="7166418591" visible="true" version="1" changeset="80198908" timestamp="2020-01-28T12:40:07Z" user="magrej" uid="7345137" lat="-26.8475635" lon="116.6414742"/>
 <node id="7166418592" visible="true" version="1" changeset="80198908" timestamp="2020-01-28T12:40:07Z" user="magrej" uid="7345137" lat="-26.8474434" lon="116.6411600"/>
 <node id="7166418593" visible="true" version="1" changeset="80198908" timestamp="2020-01-28T12:40:07Z" user="magrej" uid="7345137" lat="-26.8474434" lon="116.6409984"/>
 <node id="7166418594" visible="true" version="1" changeset="80198908" timestamp="2020-01-28T12:40:07Z" user="magrej" uid="7345137" lat="-26.8474915" lon="116.6408369"/>
 <node id="7166418595" visible="true" version="1" changeset="80198908" timestamp="2020-01-28T12:40:07Z" user="magrej" uid="7345137" lat="-26.8477157" lon="116.6405766"/>
 <node id="7166418597" visible="true" version="1" changeset="80198908" timestamp="2020-01-28T12:40:07Z" user="magrej" uid="7345137" lat="-26.8479640" lon="116.6403432"/>
 <node id="7166418599" visible="true" version="1" changeset="80198908" timestamp="2020-01-28T12:40:07Z" user="magrej" uid="7345137" lat="-26.8482123" lon="116.6401726"/>
 <node id="7166418600" visible="true" version="1" changeset="80198908" timestamp="2020-01-28T12:40:07Z" user="magrej" uid="7345137" lat="-26.8487248" lon="116.6397777"/>
 <node id="7166418601" visible="true" version="1" changeset="80198908" timestamp="2020-01-28T12:40:07Z" user="magrej" uid="7345137" lat="-26.8488690" lon="116.6396969"/>
 <node id="7166418602" visible="true" version="1" changeset="80198908" timestamp="2020-01-28T12:40:07Z" user="magrej" uid="7345137" lat="-26.8494616" lon="116.6394455"/>
 <node id="7166418603" visible="true" version="1" changeset="80198908" timestamp="2020-01-28T12:40:07Z" user="magrej" uid="7345137" lat="-26.8505108" lon="116.6391224"/>
 <node id="7166418604" visible="true" version="1" changeset="80198908" timestamp="2020-01-28T12:40:07Z" user="magrej" uid="7345137" lat="-26.8534259" lon="116.6387274"/>
 <node id="7166418605" visible="true" version="1" changeset="80198908" timestamp="2020-01-28T12:40:07Z" user="magrej" uid="7345137" lat="-26.8536661" lon="116.6386825"/>
 <node id="7166418606" visible="true" version="1" changeset="80198908" timestamp="2020-01-28T12:40:07Z" user="magrej" uid="7345137" lat="-26.8538263" lon="116.6386466"/>
 <node id="7166418607" visible="true" version="1" changeset="80198908" timestamp="2020-01-28T12:40:07Z" user="magrej" uid="7345137" lat="-26.8541867" lon="116.6385120"/>
 <node id="7166418608" visible="true" version="1" changeset="80198908" timestamp="2020-01-28T12:40:07Z" user="magrej" uid="7345137" lat="-26.8543468" lon="116.6383953"/>
 <node id="7166418610" visible="true" version="1" changeset="80198908" timestamp="2020-01-28T12:40:07Z" user="magrej" uid="7345137" lat="-26.8548754" lon="116.6374438"/>
 <node id="7166418611" visible="true" version="1" changeset="80198908" timestamp="2020-01-28T12:40:07Z" user="magrej" uid="7345137" lat="-26.8550756" lon="116.6370488"/>
 <node id="7166418612" visible="true" version="1" changeset="80198908" timestamp="2020-01-28T12:40:07Z" user="magrej" uid="7345137" lat="-26.8551317" lon="116.6368873"/>
 <node id="7166418613" visible="true" version="1" changeset="80198908" timestamp="2020-01-28T12:40:07Z" user="magrej" uid="7345137" lat="-26.8552278" lon="116.6365192"/>
 <node id="7166418614" visible="true" version="1" changeset="80198908" timestamp="2020-01-28T12:40:07Z" user="magrej" uid="7345137" lat="-26.8552918" lon="116.6361961"/>
 <node id="7166418616" visible="true" version="1" changeset="80198908" timestamp="2020-01-28T12:40:07Z" user="magrej" uid="7345137" lat="-26.8553559" lon="116.6354959"/>
 <node id="7166418618" visible="true" version="1" changeset="80198908" timestamp="2020-01-28T12:40:07Z" user="magrej" uid="7345137" lat="-26.8555080" lon="116.6348227"/>
 <node id="7166418619" visible="true" version="1" changeset="80198908" timestamp="2020-01-28T12:40:07Z" user="magrej" uid="7345137" lat="-26.8556762" lon="116.6345175"/>
 <node id="7166418620" visible="true" version="1" changeset="80198908" timestamp="2020-01-28T12:40:07Z" user="magrej" uid="7345137" lat="-26.8560366" lon="116.6340866"/>
 <node id="7166418621" visible="true" version="1" changeset="80198908" timestamp="2020-01-28T12:40:07Z" user="magrej" uid="7345137" lat="-26.8561567" lon="116.6339161"/>
 <node id="7166418623" visible="true" version="1" changeset="80198908" timestamp="2020-01-28T12:40:07Z" user="magrej" uid="7345137" lat="-26.8564370" lon="116.6334044"/>
 <node id="7166418624" visible="true" version="1" changeset="80198908" timestamp="2020-01-28T12:40:07Z" user="magrej" uid="7345137" lat="-26.8567173" lon="116.6330005"/>
 <node id="7166418626" visible="true" version="1" changeset="80198908" timestamp="2020-01-28T12:40:07Z" user="magrej" uid="7345137" lat="-26.8569335" lon="116.6327581"/>
 <node id="7166418627" visible="true" version="1" changeset="80198908" timestamp="2020-01-28T12:40:07Z" user="magrej" uid="7345137" lat="-26.8574380" lon="116.6321298"/>
 <node id="7166418628" visible="true" version="1" changeset="80198908" timestamp="2020-01-28T12:40:07Z" user="magrej" uid="7345137" lat="-26.8575581" lon="116.6319502"/>
 <node id="7166418629" visible="true" version="1" changeset="80198908" timestamp="2020-01-28T12:40:07Z" user="magrej" uid="7345137" lat="-26.8576302" lon="116.6317797"/>
 <node id="7166418630" visible="true" version="1" changeset="80198908" timestamp="2020-01-28T12:40:07Z" user="magrej" uid="7345137" lat="-26.8577824" lon="116.6314924"/>
 <node id="7166418631" visible="true" version="1" changeset="80198908" timestamp="2020-01-28T12:40:07Z" user="magrej" uid="7345137" lat="-26.8578705" lon="116.6313578"/>
 <node id="7166418632" visible="true" version="1" changeset="80198908" timestamp="2020-01-28T12:40:07Z" user="magrej" uid="7345137" lat="-26.8579826" lon="116.6312321"/>
 <node id="7166418633" visible="true" version="1" changeset="80198908" timestamp="2020-01-28T12:40:07Z" user="magrej" uid="7345137" lat="-26.8581187" lon="116.6311244"/>
 <node id="7166418634" visible="true" version="1" changeset="80198908" timestamp="2020-01-28T12:40:07Z" user="magrej" uid="7345137" lat="-26.8584070" lon="116.6309898"/>
 <node id="7166418635" visible="true" version="1" changeset="80198908" timestamp="2020-01-28T12:40:07Z" user="magrej" uid="7345137" lat="-26.8585592" lon="116.6309449"/>
 <node id="7166418636" visible="true" version="1" changeset="80198908" timestamp="2020-01-28T12:40:07Z" user="magrej" uid="7345137" lat="-26.8587033" lon="116.6309269"/>
 <node id="7166418637" visible="true" version="1" changeset="80198908" timestamp="2020-01-28T12:40:07Z" user="magrej" uid="7345137" lat="-26.8588635" lon="116.6309449"/>
 <node id="7166418638" visible="true" version="1" changeset="80198908" timestamp="2020-01-28T12:40:07Z" user="magrej" uid="7345137" lat="-26.8592238" lon="116.6309898"/>
 <node id="7166418639" visible="true" version="1" changeset="80198908" timestamp="2020-01-28T12:40:07Z" user="magrej" uid="7345137" lat="-26.8600487" lon="116.6314565"/>
 <node id="7166418640" visible="true" version="1" changeset="80198908" timestamp="2020-01-28T12:40:07Z" user="magrej" uid="7345137" lat="-26.8604170" lon="116.6316181"/>
 <node id="7166418641" visible="true" version="1" changeset="80198908" timestamp="2020-01-28T12:40:07Z" user="magrej" uid="7345137" lat="-26.8606813" lon="116.6315643"/>
 <node id="7166418642" visible="true" version="1" changeset="80198908" timestamp="2020-01-28T12:40:07Z" user="magrej" uid="7345137" lat="-26.8610256" lon="116.6313488"/>
 <node id="7166418643" visible="true" version="1" changeset="80198908" timestamp="2020-01-28T12:40:07Z" user="magrej" uid="7345137" lat="-26.8614500" lon="116.6309628"/>
 <node id="7166418644" visible="true" version="1" changeset="80198908" timestamp="2020-01-28T12:40:07Z" user="magrej" uid="7345137" lat="-26.8616743" lon="116.6307115"/>
 <node id="7166418647" visible="true" version="1" changeset="80198908" timestamp="2020-01-28T12:40:07Z" user="magrej" uid="7345137" lat="-26.8621387" lon="116.6299844"/>
 <node id="7166418648" visible="true" version="1" changeset="80198908" timestamp="2020-01-28T12:40:07Z" user="magrej" uid="7345137" lat="-26.8623549" lon="116.6297331"/>
 <node id="7166418649" visible="true" version="1" changeset="80198908" timestamp="2020-01-28T12:40:07Z" user="magrej" uid="7345137" lat="-26.8624911" lon="116.6296343"/>
 <node id="7166418650" visible="true" version="1" changeset="80198908" timestamp="2020-01-28T12:40:07Z" user="magrej" uid="7345137" lat="-26.8627873" lon="116.6295356"/>
 <node id="7166418651" visible="true" version="1" changeset="80198908" timestamp="2020-01-28T12:40:07Z" user="magrej" uid="7345137" lat="-26.8629475" lon="116.6295176"/>
 <node id="7166418652" visible="true" version="1" changeset="80198908" timestamp="2020-01-28T12:40:07Z" user="magrej" uid="7345137" lat="-26.8631077" lon="116.6295176"/>
 <node id="7166418653" visible="true" version="1" changeset="80198908" timestamp="2020-01-28T12:40:07Z" user="magrej" uid="7345137" lat="-26.8635321" lon="116.6295805"/>
 <node id="7166418654" visible="true" version="1" changeset="80198908" timestamp="2020-01-28T12:40:07Z" user="magrej" uid="7345137" lat="-26.8636842" lon="116.6295715"/>
 <node id="7166418655" visible="true" version="1" changeset="80198908" timestamp="2020-01-28T12:40:07Z" user="magrej" uid="7345137" lat="-26.8639084" lon="116.6295087"/>
 <node id="7166418656" visible="true" version="1" changeset="80198908" timestamp="2020-01-28T12:40:07Z" user="magrej" uid="7345137" lat="-26.8640526" lon="116.6294189"/>
 <node id="7166418657" visible="true" version="1" changeset="80198908" timestamp="2020-01-28T12:40:07Z" user="magrej" uid="7345137" lat="-26.8642688" lon="116.6291496"/>
 <node id="7166418658" visible="true" version="1" changeset="80198908" timestamp="2020-01-28T12:40:07Z" user="magrej" uid="7345137" lat="-26.8644529" lon="116.6288534"/>
 <node id="7166418659" visible="true" version="1" changeset="80198908" timestamp="2020-01-28T12:40:07Z" user="magrej" uid="7345137" lat="-26.8645410" lon="116.6286739"/>
 <node id="7166418660" visible="true" version="1" changeset="80198908" timestamp="2020-01-28T12:40:07Z" user="magrej" uid="7345137" lat="-26.8646852" lon="116.6281263"/>
 <node id="7166418662" visible="true" version="1" changeset="80198908" timestamp="2020-01-28T12:40:07Z" user="magrej" uid="7345137" lat="-26.8648453" lon="116.6276864"/>
 <node id="7166418663" visible="true" version="1" changeset="80198908" timestamp="2020-01-28T12:40:07Z" user="magrej" uid="7345137" lat="-26.8649174" lon="116.6271748"/>
 <node id="7166418664" visible="true" version="1" changeset="80198908" timestamp="2020-01-28T12:40:07Z" user="magrej" uid="7345137" lat="-26.8649254" lon="116.6268965"/>
 <node id="7166418665" visible="true" version="1" changeset="80198908" timestamp="2020-01-28T12:40:07Z" user="magrej" uid="7345137" lat="-26.8649014" lon="116.6267260"/>
 <node id="7166418667" visible="true" version="1" changeset="80198908" timestamp="2020-01-28T12:40:07Z" user="magrej" uid="7345137" lat="-26.8649174" lon="116.6262502"/>
 <node id="7166418668" visible="true" version="1" changeset="80198908" timestamp="2020-01-28T12:40:07Z" user="magrej" uid="7345137" lat="-26.8649094" lon="116.6259001"/>
 <node id="7166418669" visible="true" version="1" changeset="80198908" timestamp="2020-01-28T12:40:07Z" user="magrej" uid="7345137" lat="-26.8649414" lon="116.6257386"/>
 <node id="7166418671" visible="true" version="1" changeset="80198908" timestamp="2020-01-28T12:40:07Z" user="magrej" uid="7345137" lat="-26.8651496" lon="116.6253526"/>
 <node id="7166418673" visible="true" version="1" changeset="80198908" timestamp="2020-01-28T12:40:07Z" user="magrej" uid="7345137" lat="-26.8653818" lon="116.6250564"/>
 <node id="7166418674" visible="true" version="1" changeset="80198908" timestamp="2020-01-28T12:40:07Z" user="magrej" uid="7345137" lat="-26.8657982" lon="116.6246973"/>
 <node id="7166418675" visible="true" version="1" changeset="80198908" timestamp="2020-01-28T12:40:07Z" user="magrej" uid="7345137" lat="-26.8659343" lon="116.6246075"/>
 <node id="7166418676" visible="true" version="1" changeset="80198908" timestamp="2020-01-28T12:40:07Z" user="magrej" uid="7345137" lat="-26.8660785" lon="116.6245716"/>
 <node id="7166418678" visible="true" version="1" changeset="80198908" timestamp="2020-01-28T12:40:07Z" user="magrej" uid="7345137" lat="-26.8668072" lon="116.6242754"/>
 <node id="7166418681" visible="true" version="1" changeset="80198908" timestamp="2020-01-28T12:40:07Z" user="magrej" uid="7345137" lat="-26.8675198" lon="116.6240600"/>
 <node id="7166418682" visible="true" version="1" changeset="80198908" timestamp="2020-01-28T12:40:07Z" user="magrej" uid="7345137" lat="-26.8676880" lon="116.6239792"/>
 <node id="7166418684" visible="true" version="1" changeset="80198908" timestamp="2020-01-28T12:40:07Z" user="magrej" uid="7345137" lat="-26.8680884" lon="116.6236740"/>
 <node id="7166418686" visible="true" version="1" changeset="80198908" timestamp="2020-01-28T12:40:07Z" user="magrej" uid="7345137" lat="-26.8683606" lon="116.6234316"/>
 <node id="7166418687" visible="true" version="1" changeset="80198908" timestamp="2020-01-28T12:40:07Z" user="magrej" uid="7345137" lat="-26.8685127" lon="116.6232611"/>
 <node id="7166418688" visible="true" version="1" changeset="80198908" timestamp="2020-01-28T12:40:07Z" user="magrej" uid="7345137" lat="-26.8686569" lon="116.6230097"/>
 <node id="7166418689" visible="true" version="1" changeset="80198908" timestamp="2020-01-28T12:40:07Z" user="magrej" uid="7345137" lat="-26.8688411" lon="116.6224981"/>
 <node id="7166418690" visible="true" version="1" changeset="80198908" timestamp="2020-01-28T12:40:07Z" user="magrej" uid="7345137" lat="-26.8688891" lon="116.6223275"/>
 <node id="7166418691" visible="true" version="1" changeset="80198908" timestamp="2020-01-28T12:40:07Z" user="magrej" uid="7345137" lat="-26.8689532" lon="116.6221749"/>
 <node id="7166418692" visible="true" version="1" changeset="80198908" timestamp="2020-01-28T12:40:07Z" user="magrej" uid="7345137" lat="-26.8693135" lon="116.6215825"/>
 <node id="7166418693" visible="true" version="1" changeset="80198908" timestamp="2020-01-28T12:40:07Z" user="magrej" uid="7345137" lat="-26.8694096" lon="116.6214478"/>
 <node id="7166418694" visible="true" version="1" changeset="80198908" timestamp="2020-01-28T12:40:07Z" user="magrej" uid="7345137" lat="-26.8695457" lon="116.6212952"/>
 <node id="7166418695" visible="true" version="1" changeset="80198908" timestamp="2020-01-28T12:40:07Z" user="magrej" uid="7345137" lat="-26.8696818" lon="116.6212055"/>
 <node id="7166418696" visible="true" version="1" changeset="80198908" timestamp="2020-01-28T12:40:07Z" user="magrej" uid="7345137" lat="-26.8698179" lon="116.6211516"/>
 <node id="7166418697" visible="true" version="1" changeset="80198908" timestamp="2020-01-28T12:40:07Z" user="magrej" uid="7345137" lat="-26.8699861" lon="116.6211157"/>
 <node id="7166418699" visible="true" version="1" changeset="80198908" timestamp="2020-01-28T12:40:07Z" user="magrej" uid="7345137" lat="-26.8704906" lon="116.6211696"/>
 <node id="7166418700" visible="true" version="1" changeset="80198908" timestamp="2020-01-28T12:40:07Z" user="magrej" uid="7345137" lat="-26.8706347" lon="116.6212055"/>
 <node id="7166418701" visible="true" version="1" changeset="80198908" timestamp="2020-01-28T12:40:07Z" user="magrej" uid="7345137" lat="-26.8709470" lon="116.6213491"/>
 <node id="7166418704" visible="true" version="1" changeset="80198908" timestamp="2020-01-28T12:40:07Z" user="magrej" uid="7345137" lat="-26.8715475" lon="116.6215107"/>
 <node id="7166418705" visible="true" version="1" changeset="80198908" timestamp="2020-01-28T12:40:07Z" user="magrej" uid="7345137" lat="-26.8717797" lon="116.6216364"/>
 <node id="7166418706" visible="true" version="1" changeset="80198908" timestamp="2020-01-28T12:40:07Z" user="magrej" uid="7345137" lat="-26.8719559" lon="116.6216723"/>
 <node id="7166418707" visible="true" version="1" changeset="80198908" timestamp="2020-01-28T12:40:07Z" user="magrej" uid="7345137" lat="-26.8721080" lon="116.6216723"/>
 <node id="7166418708" visible="true" version="1" changeset="80198908" timestamp="2020-01-28T12:40:07Z" user="magrej" uid="7345137" lat="-26.8728847" lon="116.6218428"/>
 <node id="7166418709" visible="true" version="1" changeset="80198908" timestamp="2020-01-28T12:40:07Z" user="magrej" uid="7345137" lat="-26.8730528" lon="116.6218608"/>
 <node id="7166418710" visible="true" version="1" changeset="80198908" timestamp="2020-01-28T12:40:07Z" user="magrej" uid="7345137" lat="-26.8733891" lon="116.6218518"/>
 <node id="7166418711" visible="true" version="1" changeset="80198908" timestamp="2020-01-28T12:40:07Z" user="magrej" uid="7345137" lat="-26.8737094" lon="116.6217890"/>
 <node id="7166418712" visible="true" version="1" changeset="80198908" timestamp="2020-01-28T12:40:07Z" user="magrej" uid="7345137" lat="-26.8738615" lon="116.6217800"/>
 <node id="7166418713" visible="true" version="1" changeset="80198908" timestamp="2020-01-28T12:40:07Z" user="magrej" uid="7345137" lat="-26.8742138" lon="116.6217800"/>
 <node id="7166418714" visible="true" version="1" changeset="80198908" timestamp="2020-01-28T12:40:07Z" user="magrej" uid="7345137" lat="-26.8743580" lon="116.6218249"/>
 <node id="7166418715" visible="true" version="1" changeset="80198908" timestamp="2020-01-28T12:40:07Z" user="magrej" uid="7345137" lat="-26.8746863" lon="116.6218249"/>
 <node id="7166418716" visible="true" version="1" changeset="80198908" timestamp="2020-01-28T12:40:07Z" user="magrej" uid="7345137" lat="-26.8753188" lon="116.6216633"/>
 <node id="7166418717" visible="true" version="1" changeset="80198908" timestamp="2020-01-28T12:40:07Z" user="magrej" uid="7345137" lat="-26.8756471" lon="116.6215376"/>
 <node id="7166418718" visible="true" version="1" changeset="80198908" timestamp="2020-01-28T12:40:07Z" user="magrej" uid="7345137" lat="-26.8759033" lon="116.6214119"/>
 <node id="7166418721" visible="true" version="1" changeset="80198908" timestamp="2020-01-28T12:40:07Z" user="magrej" uid="7345137" lat="-26.8764798" lon="116.6209990"/>
 <node id="7166418723" visible="true" version="1" changeset="80198908" timestamp="2020-01-28T12:40:07Z" user="magrej" uid="7345137" lat="-26.8768081" lon="116.6208464"/>
 <node id="7166418724" visible="true" version="1" changeset="80198908" timestamp="2020-01-28T12:40:07Z" user="magrej" uid="7345137" lat="-26.8784174" lon="116.6203886"/>
 <node id="7166418725" visible="true" version="1" changeset="80198908" timestamp="2020-01-28T12:40:07Z" user="magrej" uid="7345137" lat="-26.8787617" lon="116.6202001"/>
 <node id="7166418726" visible="true" version="1" changeset="80198908" timestamp="2020-01-28T12:40:07Z" user="magrej" uid="7345137" lat="-26.8792261" lon="116.6199757"/>
 <node id="7166418727" visible="true" version="1" changeset="80198908" timestamp="2020-01-28T12:40:07Z" user="magrej" uid="7345137" lat="-26.8795544" lon="116.6198860"/>
 <node id="7166418728" visible="true" version="1" changeset="80198908" timestamp="2020-01-28T12:40:07Z" user="magrej" uid="7345137" lat="-26.8797305" lon="116.6198052"/>
 <node id="7166418729" visible="true" version="1" changeset="80198908" timestamp="2020-01-28T12:40:07Z" user="magrej" uid="7345137" lat="-26.8802109" lon="116.6196436"/>
 <node id="7166418732" visible="true" version="1" changeset="80198908" timestamp="2020-01-28T12:40:07Z" user="magrej" uid="7345137" lat="-26.8811156" lon="116.6193833"/>
 <node id="7166418733" visible="true" version="1" changeset="80198908" timestamp="2020-01-28T12:40:07Z" user="magrej" uid="7345137" lat="-26.8812437" lon="116.6192935"/>
 <node id="7166418735" visible="true" version="1" changeset="80198908" timestamp="2020-01-28T12:40:07Z" user="magrej" uid="7345137" lat="-26.8815160" lon="116.6190152"/>
 <node id="7166418736" visible="true" version="1" changeset="80198908" timestamp="2020-01-28T12:40:07Z" user="magrej" uid="7345137" lat="-26.8817001" lon="116.6187639"/>
 <node id="7166418737" visible="true" version="1" changeset="80198908" timestamp="2020-01-28T12:40:07Z" user="magrej" uid="7345137" lat="-26.8817802" lon="116.6186203"/>
 <node id="7166418738" visible="true" version="1" changeset="80198908" timestamp="2020-01-28T12:40:07Z" user="magrej" uid="7345137" lat="-26.8818442" lon="116.6184587"/>
 <node id="7166418739" visible="true" version="1" changeset="80198908" timestamp="2020-01-28T12:40:07Z" user="magrej" uid="7345137" lat="-26.8819323" lon="116.6183241"/>
 <node id="7166418740" visible="true" version="1" changeset="80198908" timestamp="2020-01-28T12:40:07Z" user="magrej" uid="7345137" lat="-26.8819883" lon="116.6181625"/>
 <node id="7166418742" visible="true" version="1" changeset="80198908" timestamp="2020-01-28T12:40:07Z" user="magrej" uid="7345137" lat="-26.8820444" lon="116.6178304"/>
 <node id="7166418743" visible="true" version="1" changeset="80198908" timestamp="2020-01-28T12:40:07Z" user="magrej" uid="7345137" lat="-26.8815960" lon="116.6159812"/>
 <node id="7166418744" visible="true" version="1" changeset="80198908" timestamp="2020-01-28T12:40:07Z" user="magrej" uid="7345137" lat="-26.8814279" lon="116.6149400"/>
 <node id="7166418746" visible="true" version="1" changeset="80198908" timestamp="2020-01-28T12:40:07Z" user="magrej" uid="7345137" lat="-26.8814119" lon="116.6145989"/>
 <node id="7166418747" visible="true" version="1" changeset="80198908" timestamp="2020-01-28T12:40:07Z" user="magrej" uid="7345137" lat="-26.8814759" lon="116.6138000"/>
 <node id="7166418748" visible="true" version="1" changeset="80198908" timestamp="2020-01-28T12:40:07Z" user="magrej" uid="7345137" lat="-26.8815320" lon="116.6134678"/>
 <node id="7166418749" visible="true" version="1" changeset="80198908" timestamp="2020-01-28T12:40:07Z" user="magrej" uid="7345137" lat="-26.8816841" lon="116.6131806"/>
 <node id="7166418751" visible="true" version="1" changeset="80198908" timestamp="2020-01-28T12:40:07Z" user="magrej" uid="7345137" lat="-26.8819243" lon="116.6129472"/>
 <node id="7166418752" visible="true" version="1" changeset="80198908" timestamp="2020-01-28T12:40:07Z" user="magrej" uid="7345137" lat="-26.8827810" lon="116.6120406"/>
 <node id="7166418754" visible="true" version="1" changeset="80198908" timestamp="2020-01-28T12:40:07Z" user="magrej" uid="7345137" lat="-26.8830452" lon="116.6117803"/>
 <node id="7166418755" visible="true" version="1" changeset="80198908" timestamp="2020-01-28T12:40:07Z" user="magrej" uid="7345137" lat="-26.8833574" lon="116.6113584"/>
 <node id="7166418758" visible="true" version="1" changeset="80198908" timestamp="2020-01-28T12:40:07Z" user="magrej" uid="7345137" lat="-26.8837177" lon="116.6107659"/>
 <node id="7166418759" visible="true" version="1" changeset="80198908" timestamp="2020-01-28T12:40:07Z" user="magrej" uid="7345137" lat="-26.8838218" lon="116.6106313"/>
 <node id="7166418760" visible="true" version="1" changeset="80198908" timestamp="2020-01-28T12:40:07Z" user="magrej" uid="7345137" lat="-26.8842141" lon="116.6102094"/>
 <node id="7166418761" visible="true" version="1" changeset="80198908" timestamp="2020-01-28T12:40:07Z" user="magrej" uid="7345137" lat="-26.8843422" lon="116.6101017"/>
 <node id="7166418762" visible="true" version="1" changeset="80198908" timestamp="2020-01-28T12:40:07Z" user="magrej" uid="7345137" lat="-26.8846064" lon="116.6099221"/>
 <node id="7166418763" visible="true" version="1" changeset="80198908" timestamp="2020-01-28T12:40:07Z" user="magrej" uid="7345137" lat="-26.8849106" lon="116.6097426"/>
 <node id="7166418764" visible="true" version="1" changeset="80198908" timestamp="2020-01-28T12:40:07Z" user="magrej" uid="7345137" lat="-26.8850708" lon="116.6096708"/>
 <node id="7166418765" visible="true" version="1" changeset="80198908" timestamp="2020-01-28T12:40:07Z" user="magrej" uid="7345137" lat="-26.8854150" lon="116.6095810"/>
 <node id="7166418767" visible="true" version="1" changeset="80198908" timestamp="2020-01-28T12:40:07Z" user="magrej" uid="7345137" lat="-26.8867761" lon="116.6094913"/>
 <node id="7166418768" visible="true" version="1" changeset="80198908" timestamp="2020-01-28T12:40:07Z" user="magrej" uid="7345137" lat="-26.8872404" lon="116.6093746"/>
 <node id="7166418769" visible="true" version="1" changeset="80198908" timestamp="2020-01-28T12:40:07Z" user="magrej" uid="7345137" lat="-26.8874005" lon="116.6093656"/>
 <node id="7166418770" visible="true" version="1" changeset="80198908" timestamp="2020-01-28T12:40:07Z" user="magrej" uid="7345137" lat="-26.8878088" lon="116.6093028"/>
 <node id="7166418771" visible="true" version="1" changeset="80198908" timestamp="2020-01-28T12:40:07Z" user="magrej" uid="7345137" lat="-26.8881371" lon="116.6091861"/>
 <node id="7166418772" visible="true" version="1" changeset="80198908" timestamp="2020-01-28T12:40:07Z" user="magrej" uid="7345137" lat="-26.8883853" lon="116.6090604"/>
 <node id="7166418773" visible="true" version="1" changeset="80198908" timestamp="2020-01-28T12:40:07Z" user="magrej" uid="7345137" lat="-26.8889857" lon="116.6084500"/>
 <node id="7166418774" visible="true" version="1" changeset="80198908" timestamp="2020-01-28T12:40:07Z" user="magrej" uid="7345137" lat="-26.8895862" lon="116.6077678"/>
 <node id="7166418776" visible="true" version="1" changeset="80198908" timestamp="2020-01-28T12:40:07Z" user="magrej" uid="7345137" lat="-26.8899865" lon="116.6072203"/>
 <node id="7166418777" visible="true" version="1" changeset="80198908" timestamp="2020-01-28T12:40:07Z" user="magrej" uid="7345137" lat="-26.8914035" lon="116.6054878"/>
 <node id="7166418778" visible="true" version="1" changeset="80198908" timestamp="2020-01-28T12:40:07Z" user="magrej" uid="7345137" lat="-26.8915236" lon="116.6051826"/>
 <node id="7166418779" visible="true" version="1" changeset="80198908" timestamp="2020-01-28T12:40:07Z" user="magrej" uid="7345137" lat="-26.8916837" lon="116.6048774"/>
 <node id="7166418780" visible="true" version="1" changeset="80198908" timestamp="2020-01-28T12:40:07Z" user="magrej" uid="7345137" lat="-26.8917798" lon="116.6047517"/>
 <node id="7166418781" visible="true" version="1" changeset="80198908" timestamp="2020-01-28T12:40:07Z" user="magrej" uid="7345137" lat="-26.8918438" lon="116.6045902"/>
 <node id="7166418782" visible="true" version="1" changeset="80198908" timestamp="2020-01-28T12:40:07Z" user="magrej" uid="7345137" lat="-26.8919959" lon="116.6039618"/>
 <node id="7166418783" visible="true" version="1" changeset="80198908" timestamp="2020-01-28T12:40:07Z" user="magrej" uid="7345137" lat="-26.8920359" lon="116.6035848"/>
 <node id="7166418784" visible="true" version="1" changeset="80198908" timestamp="2020-01-28T12:40:07Z" user="magrej" uid="7345137" lat="-26.8920199" lon="116.6027321"/>
 <node id="7166418786" visible="true" version="1" changeset="80198908" timestamp="2020-01-28T12:40:07Z" user="magrej" uid="7345137" lat="-26.8920359" lon="116.6020498"/>
 <node id="7166418787" visible="true" version="1" changeset="80198908" timestamp="2020-01-28T12:40:07Z" user="magrej" uid="7345137" lat="-26.8920439" lon="116.6018883"/>
 <node id="7166418788" visible="true" version="1" changeset="80198908" timestamp="2020-01-28T12:40:07Z" user="magrej" uid="7345137" lat="-26.8920760" lon="116.6017357"/>
 <node id="7166418790" visible="true" version="1" changeset="80198908" timestamp="2020-01-28T12:40:07Z" user="magrej" uid="7345137" lat="-26.8931247" lon="116.5995634"/>
 <node id="7166418791" visible="true" version="1" changeset="80198908" timestamp="2020-01-28T12:40:07Z" user="magrej" uid="7345137" lat="-26.8932288" lon="116.5994108"/>
 <node id="7166418792" visible="true" version="1" changeset="80198908" timestamp="2020-01-28T12:40:07Z" user="magrej" uid="7345137" lat="-26.8934289" lon="116.5990607"/>
 <node id="7166418793" visible="true" version="1" changeset="80198908" timestamp="2020-01-28T12:40:07Z" user="magrej" uid="7345137" lat="-26.8937651" lon="116.5984144"/>
 <node id="7166418794" visible="true" version="1" changeset="80198908" timestamp="2020-01-28T12:40:07Z" user="magrej" uid="7345137" lat="-26.8952222" lon="116.5964306"/>
 <node id="7166418795" visible="true" version="1" changeset="80198908" timestamp="2020-01-28T12:40:07Z" user="magrej" uid="7345137" lat="-26.8955264" lon="116.5959369"/>
 <node id="7166418796" visible="true" version="1" changeset="80198908" timestamp="2020-01-28T12:40:07Z" user="magrej" uid="7345137" lat="-26.8956304" lon="116.5958202"/>
 <node id="7166418797" visible="true" version="1" changeset="80198908" timestamp="2020-01-28T12:40:07Z" user="magrej" uid="7345137" lat="-26.8957665" lon="116.5957035"/>
 <node id="7166418798" visible="true" version="1" changeset="80198908" timestamp="2020-01-28T12:40:07Z" user="magrej" uid="7345137" lat="-26.8959026" lon="116.5956227"/>
 <node id="7166418799" visible="true" version="1" changeset="80198908" timestamp="2020-01-28T12:40:07Z" user="magrej" uid="7345137" lat="-26.8960547" lon="116.5954971"/>
 <node id="7166418800" visible="true" version="1" changeset="80198908" timestamp="2020-01-28T12:40:07Z" user="magrej" uid="7345137" lat="-26.8963589" lon="116.5952188"/>
 <node id="7166418801" visible="true" version="1" changeset="80198908" timestamp="2020-01-28T12:40:07Z" user="magrej" uid="7345137" lat="-26.8966231" lon="116.5949405"/>
 <node id="7166418804" visible="true" version="1" changeset="80198908" timestamp="2020-01-28T12:40:07Z" user="magrej" uid="7345137" lat="-26.8972075" lon="116.5941506"/>
 <node id="7166418805" visible="true" version="1" changeset="80198908" timestamp="2020-01-28T12:40:07Z" user="magrej" uid="7345137" lat="-26.8974797" lon="116.5938095"/>
 <node id="7166418806" visible="true" version="1" changeset="80198908" timestamp="2020-01-28T12:40:07Z" user="magrej" uid="7345137" lat="-26.8975998" lon="116.5936210"/>
 <node id="7166418807" visible="true" version="1" changeset="80198908" timestamp="2020-01-28T12:40:07Z" user="magrej" uid="7345137" lat="-26.8977679" lon="116.5932530"/>
 <node id="7166418809" visible="true" version="1" changeset="80198908" timestamp="2020-01-28T12:40:07Z" user="magrej" uid="7345137" lat="-26.8981441" lon="116.5921848"/>
 <node id="7166418810" visible="true" version="1" changeset="80198908" timestamp="2020-01-28T12:40:07Z" user="magrej" uid="7345137" lat="-26.8984243" lon="116.5914667"/>
 <node id="7166418811" visible="true" version="1" changeset="80198908" timestamp="2020-01-28T12:40:07Z" user="magrej" uid="7345137" lat="-26.8986645" lon="116.5909191"/>
 <node id="7166418812" visible="true" version="1" changeset="80198908" timestamp="2020-01-28T12:40:07Z" user="magrej" uid="7345137" lat="-26.8987445" lon="116.5906857"/>
 <node id="7166418814" visible="true" version="1" changeset="80198908" timestamp="2020-01-28T12:40:07Z" user="magrej" uid="7345137" lat="-26.8989687" lon="116.5902459"/>
 <node id="7166418815" visible="true" version="1" changeset="80198908" timestamp="2020-01-28T12:40:07Z" user="magrej" uid="7345137" lat="-26.9001294" lon="116.5882082"/>
 <node id="7166418817" visible="true" version="1" changeset="80198908" timestamp="2020-01-28T12:40:07Z" user="magrej" uid="7345137" lat="-26.9003135" lon="116.5879479"/>
 <node id="7166418818" visible="true" version="1" changeset="80198908" timestamp="2020-01-28T12:40:07Z" user="magrej" uid="7345137" lat="-26.9029872" lon="116.5838906"/>
 <node id="7166418819" visible="true" version="1" changeset="80198908" timestamp="2020-01-28T12:40:07Z" user="magrej" uid="7345137" lat="-26.9032834" lon="116.5833251"/>
 <node id="7166418822" visible="true" version="1" changeset="80198908" timestamp="2020-01-28T12:40:07Z" user="magrej" uid="7345137" lat="-26.9034755" lon="116.5828314"/>
 <node id="7166418823" visible="true" version="1" changeset="80198908" timestamp="2020-01-28T12:40:07Z" user="magrej" uid="7345137" lat="-26.9038917" lon="116.5810451"/>
 <node id="7166418825" visible="true" version="1" changeset="80198908" timestamp="2020-01-28T12:40:07Z" user="magrej" uid="7345137" lat="-26.9040438" lon="116.5807129"/>
 <node id="7166418827" visible="true" version="1" changeset="80198908" timestamp="2020-01-28T12:40:07Z" user="magrej" uid="7345137" lat="-26.9043961" lon="116.5801385"/>
 <node id="7166418828" visible="true" version="1" changeset="80198908" timestamp="2020-01-28T12:40:07Z" user="magrej" uid="7345137" lat="-26.9045882" lon="116.5798602"/>
 <node id="7166418830" visible="true" version="1" changeset="80198908" timestamp="2020-01-28T12:40:07Z" user="magrej" uid="7345137" lat="-26.9049084" lon="116.5793306"/>
 <node id="7166418832" visible="true" version="1" changeset="80198908" timestamp="2020-01-28T12:40:07Z" user="magrej" uid="7345137" lat="-26.9052205" lon="116.5789536"/>
 <node id="7166418833" visible="true" version="1" changeset="80198908" timestamp="2020-01-28T12:40:07Z" user="magrej" uid="7345137" lat="-26.9054927" lon="116.5786933"/>
 <node id="7166418834" visible="true" version="1" changeset="80198908" timestamp="2020-01-28T12:40:07Z" user="magrej" uid="7345137" lat="-26.9057889" lon="116.5784509"/>
 <node id="7166418837" visible="true" version="1" changeset="80198908" timestamp="2020-01-28T12:40:07Z" user="magrej" uid="7345137" lat="-26.9067895" lon="116.5774545"/>
 <node id="7166418838" visible="true" version="1" changeset="80198908" timestamp="2020-01-28T12:40:07Z" user="magrej" uid="7345137" lat="-26.9083424" lon="116.5765210"/>
 <node id="7166418839" visible="true" version="1" changeset="80198908" timestamp="2020-01-28T12:40:07Z" user="magrej" uid="7345137" lat="-26.9100553" lon="116.5755784"/>
 <node id="7166418840" visible="true" version="1" changeset="80198908" timestamp="2020-01-28T12:40:07Z" user="magrej" uid="7345137" lat="-26.9105516" lon="116.5751745"/>
 <node id="7166418841" visible="true" version="1" changeset="80198908" timestamp="2020-01-28T12:40:07Z" user="magrej" uid="7345137" lat="-26.9107197" lon="116.5749950"/>
 <node id="7166418842" visible="true" version="1" changeset="80198908" timestamp="2020-01-28T12:40:07Z" user="magrej" uid="7345137" lat="-26.9108237" lon="116.5748693"/>
 <node id="7166418843" visible="true" version="1" changeset="80198908" timestamp="2020-01-28T12:40:07Z" user="magrej" uid="7345137" lat="-26.9111759" lon="116.5742858"/>
 <node id="7166418844" visible="true" version="1" changeset="80198908" timestamp="2020-01-28T12:40:07Z" user="magrej" uid="7345137" lat="-26.9123606" lon="116.5729394"/>
 <node id="7166418846" visible="true" version="1" changeset="80198908" timestamp="2020-01-28T12:40:07Z" user="magrej" uid="7345137" lat="-26.9127128" lon="116.5726073"/>
 <node id="7166418847" visible="true" version="1" changeset="80198908" timestamp="2020-01-28T12:40:07Z" user="magrej" uid="7345137" lat="-26.9129769" lon="116.5722572"/>
 <node id="7166418848" visible="true" version="1" changeset="80198908" timestamp="2020-01-28T12:40:07Z" user="magrej" uid="7345137" lat="-26.9131050" lon="116.5719610"/>
 <node id="7166418851" visible="true" version="1" changeset="80198908" timestamp="2020-01-28T12:40:07Z" user="magrej" uid="7345137" lat="-26.9134091" lon="116.5714942"/>
 <node id="7166418852" visible="true" version="1" changeset="80198908" timestamp="2020-01-28T12:40:07Z" user="magrej" uid="7345137" lat="-26.9136893" lon="116.5710184"/>
 <node id="7166418853" visible="true" version="1" changeset="80198908" timestamp="2020-01-28T12:40:07Z" user="magrej" uid="7345137" lat="-26.9138173" lon="116.5705965"/>
 <node id="7166418854" visible="true" version="1" changeset="80198908" timestamp="2020-01-28T12:40:07Z" user="magrej" uid="7345137" lat="-26.9140174" lon="116.5702106"/>
 <node id="7166418855" visible="true" version="1" changeset="80198908" timestamp="2020-01-28T12:40:07Z" user="magrej" uid="7345137" lat="-26.9141375" lon="116.5698784"/>
 <node id="7166418857" visible="true" version="1" changeset="80198908" timestamp="2020-01-28T12:40:07Z" user="magrej" uid="7345137" lat="-26.9146097" lon="116.5691424"/>
 <node id="7166418858" visible="true" version="1" changeset="80198908" timestamp="2020-01-28T12:40:07Z" user="magrej" uid="7345137" lat="-26.9147378" lon="116.5689808"/>
 <node id="7166418859" visible="true" version="1" changeset="80198908" timestamp="2020-01-28T12:40:07Z" user="magrej" uid="7345137" lat="-26.9151140" lon="116.5683614"/>
 <node id="7166418860" visible="true" version="1" changeset="80198908" timestamp="2020-01-28T12:40:07Z" user="magrej" uid="7345137" lat="-26.9162586" lon="116.5662340"/>
 <node id="7166418861" visible="true" version="1" changeset="80198908" timestamp="2020-01-28T12:40:07Z" user="magrej" uid="7345137" lat="-26.9163626" lon="116.5661173"/>
 <node id="7166418864" visible="true" version="1" changeset="80198908" timestamp="2020-01-28T12:40:07Z" user="magrej" uid="7345137" lat="-26.9166107" lon="116.5656057"/>
 <node id="7166418865" visible="true" version="1" changeset="80198908" timestamp="2020-01-28T12:40:07Z" user="magrej" uid="7345137" lat="-26.9167628" lon="116.5653453"/>
 <node id="7166418867" visible="true" version="1" changeset="80198908" timestamp="2020-01-28T12:40:07Z" user="magrej" uid="7345137" lat="-26.9171550" lon="116.5647709"/>
 <node id="7166418868" visible="true" version="1" changeset="80198908" timestamp="2020-01-28T12:40:07Z" user="magrej" uid="7345137" lat="-26.9173311" lon="116.5645824"/>
 <node id="7166418869" visible="true" version="1" changeset="80198908" timestamp="2020-01-28T12:40:07Z" user="magrej" uid="7345137" lat="-26.9174111" lon="116.5644477"/>
 <node id="7166418870" visible="true" version="1" changeset="80198908" timestamp="2020-01-28T12:40:07Z" user="magrej" uid="7345137" lat="-26.9176272" lon="116.5639450"/>
 <node id="7166418872" visible="true" version="1" changeset="80198908" timestamp="2020-01-28T12:40:07Z" user="magrej" uid="7345137" lat="-26.9177713" lon="116.5634513"/>
 <node id="7166418874" visible="true" version="1" changeset="80198908" timestamp="2020-01-28T12:40:07Z" user="magrej" uid="7345137" lat="-26.9178994" lon="116.5631012"/>
 <node id="7166418875" visible="true" version="1" changeset="80198908" timestamp="2020-01-28T12:40:07Z" user="magrej" uid="7345137" lat="-26.9180194" lon="116.5628499"/>
 <node id="7166418877" visible="true" version="1" changeset="80198908" timestamp="2020-01-28T12:40:07Z" user="magrej" uid="7345137" lat="-26.9182035" lon="116.5625896"/>
 <node id="7166418878" visible="true" version="1" changeset="80198908" timestamp="2020-01-28T12:40:07Z" user="magrej" uid="7345137" lat="-26.9183076" lon="116.5624729"/>
 <node id="7166418880" visible="true" version="1" changeset="80198908" timestamp="2020-01-28T12:40:07Z" user="magrej" uid="7345137" lat="-26.9186597" lon="116.5619523"/>
 <node id="7166418882" visible="true" version="1" changeset="80198908" timestamp="2020-01-28T12:40:07Z" user="magrej" uid="7345137" lat="-26.9191080" lon="116.5615034"/>
 <node id="7166418883" visible="true" version="1" changeset="80198908" timestamp="2020-01-28T12:40:07Z" user="magrej" uid="7345137" lat="-26.9194041" lon="116.5612611"/>
 <node id="7166418884" visible="true" version="1" changeset="80198908" timestamp="2020-01-28T12:40:07Z" user="magrej" uid="7345137" lat="-26.9197963" lon="116.5608571"/>
 <node id="7166418885" visible="true" version="1" changeset="80198908" timestamp="2020-01-28T12:40:07Z" user="magrej" uid="7345137" lat="-26.9199243" lon="116.5607494"/>
 <node id="7166418886" visible="true" version="1" changeset="80198908" timestamp="2020-01-28T12:40:07Z" user="magrej" uid="7345137" lat="-26.9210288" lon="116.5594030"/>
 <node id="7166418888" visible="true" version="1" changeset="80198908" timestamp="2020-01-28T12:40:07Z" user="magrej" uid="7345137" lat="-26.9212449" lon="116.5591786"/>
 <node id="7166418889" visible="true" version="1" changeset="80198908" timestamp="2020-01-28T12:40:07Z" user="magrej" uid="7345137" lat="-26.9214610" lon="116.5588913"/>
 <node id="7166418893" visible="true" version="1" changeset="80198908" timestamp="2020-01-28T12:40:07Z" user="magrej" uid="7345137" lat="-26.9220373" lon="116.5579219"/>
 <node id="7166418895" visible="true" version="1" changeset="80198908" timestamp="2020-01-28T12:40:07Z" user="magrej" uid="7345137" lat="-26.9222294" lon="116.5576526"/>
 <node id="7166418897" visible="true" version="1" changeset="80198908" timestamp="2020-01-28T12:40:07Z" user="magrej" uid="7345137" lat="-26.9225575" lon="116.5573115"/>
 <node id="7166418898" visible="true" version="1" changeset="80198908" timestamp="2020-01-28T12:40:07Z" user="magrej" uid="7345137" lat="-26.9228377" lon="116.5570781"/>
 <node id="7166418899" visible="true" version="1" changeset="80198908" timestamp="2020-01-28T12:40:07Z" user="magrej" uid="7345137" lat="-26.9229417" lon="116.5569704"/>
 <node id="7166418900" visible="true" version="1" changeset="80198908" timestamp="2020-01-28T12:40:07Z" user="magrej" uid="7345137" lat="-26.9232298" lon="116.5566023"/>
 <node id="7166418902" visible="true" version="1" changeset="80198908" timestamp="2020-01-28T12:40:07Z" user="magrej" uid="7345137" lat="-26.9235900" lon="116.5562343"/>
 <node id="7166418903" visible="true" version="1" changeset="80198908" timestamp="2020-01-28T12:40:07Z" user="magrej" uid="7345137" lat="-26.9238541" lon="116.5559919"/>
 <node id="7166418904" visible="true" version="1" changeset="80198908" timestamp="2020-01-28T12:40:07Z" user="magrej" uid="7345137" lat="-26.9241342" lon="116.5557765"/>
 <node id="7166418905" visible="true" version="1" changeset="80198908" timestamp="2020-01-28T12:40:07Z" user="magrej" uid="7345137" lat="-26.9243983" lon="116.5556149"/>
 <node id="7166418906" visible="true" version="1" changeset="80198908" timestamp="2020-01-28T12:40:07Z" user="magrej" uid="7345137" lat="-26.9245504" lon="116.5555611"/>
 <node id="7166418907" visible="true" version="1" changeset="80198908" timestamp="2020-01-28T12:40:07Z" user="magrej" uid="7345137" lat="-26.9246944" lon="116.5555252"/>
 <node id="7166418909" visible="true" version="1" changeset="80198908" timestamp="2020-01-28T12:40:07Z" user="magrej" uid="7345137" lat="-26.9249986" lon="116.5555790"/>
 <node id="7166418910" visible="true" version="1" changeset="80198908" timestamp="2020-01-28T12:40:07Z" user="magrej" uid="7345137" lat="-26.9251506" lon="116.5556419"/>
 <node id="7166418911" visible="true" version="1" changeset="80198908" timestamp="2020-01-28T12:40:07Z" user="magrej" uid="7345137" lat="-26.9253107" lon="116.5556329"/>
 <node id="7166709062" visible="true" version="1" changeset="80203178" timestamp="2020-01-28T13:54:08Z" user="magrej" uid="7345137" lat="-26.8315928" lon="116.6717785"/>
 <node id="7172038323" visible="true" version="1" changeset="80319292" timestamp="2020-01-30T13:47:46Z" user="magrej" uid="7345137" lat="-26.8052711" lon="116.6843449"/>
 <node id="7172038324" visible="true" version="1" changeset="80319292" timestamp="2020-01-30T13:47:46Z" user="magrej" uid="7345137" lat="-26.8053025" lon="116.6843167"/>
 <node id="7172038325" visible="true" version="1" changeset="80319292" timestamp="2020-01-30T13:47:46Z" user="magrej" uid="7345137" lat="-26.8053402" lon="116.6843097"/>
 <node id="7172038326" visible="true" version="1" changeset="80319292" timestamp="2020-01-30T13:47:46Z" user="magrej" uid="7345137" lat="-26.8053737" lon="116.6843308"/>
 <node id="7172038327" visible="true" version="1" changeset="80319292" timestamp="2020-01-30T13:47:46Z" user="magrej" uid="7345137" lat="-26.8053423" lon="116.6844785"/>
 <node id="7172038328" visible="true" version="1" changeset="80319292" timestamp="2020-01-30T13:47:46Z" user="magrej" uid="7345137" lat="-26.8053277" lon="116.6845208"/>
 <node id="7172038329" visible="true" version="1" changeset="80319292" timestamp="2020-01-30T13:47:46Z" user="magrej" uid="7345137" lat="-26.8053067" lon="116.6845583"/>
 <node id="7172038330" visible="true" version="1" changeset="80319292" timestamp="2020-01-30T13:47:46Z" user="magrej" uid="7345137" lat="-26.8052063" lon="116.6846990"/>
 <node id="7172038331" visible="true" version="1" changeset="80319292" timestamp="2020-01-30T13:47:46Z" user="magrej" uid="7345137" lat="-26.8051790" lon="116.6847295"/>
 <node id="7172038332" visible="true" version="1" changeset="80319292" timestamp="2020-01-30T13:47:46Z" user="magrej" uid="7345137" lat="-26.8051539" lon="116.6847647"/>
 <node id="7172038333" visible="true" version="1" changeset="80319292" timestamp="2020-01-30T13:47:46Z" user="magrej" uid="7345137" lat="-26.8050890" lon="116.6848257"/>
 <node id="7172038334" visible="true" version="1" changeset="80319292" timestamp="2020-01-30T13:47:46Z" user="magrej" uid="7345137" lat="-26.8050199" lon="116.6848726"/>
 <node id="7172038335" visible="true" version="1" changeset="80319292" timestamp="2020-01-30T13:47:46Z" user="magrej" uid="7345137" lat="-26.8049446" lon="116.6849054"/>
 <node id="7172038336" visible="true" version="1" changeset="80319292" timestamp="2020-01-30T13:47:46Z" user="magrej" uid="7345137" lat="-26.8048734" lon="116.6849476"/>
 <node id="7172038337" visible="true" version="1" changeset="80319292" timestamp="2020-01-30T13:47:46Z" user="magrej" uid="7345137" lat="-26.8048253" lon="116.6850766"/>
 <node id="7172038338" visible="true" version="1" changeset="80319292" timestamp="2020-01-30T13:47:46Z" user="magrej" uid="7345137" lat="-26.8047478" lon="116.6851822"/>
 <node id="7172038339" visible="true" version="1" changeset="80319292" timestamp="2020-01-30T13:47:46Z" user="magrej" uid="7345137" lat="-26.8047143" lon="116.6852080"/>
 <node id="7172038340" visible="true" version="1" changeset="80319292" timestamp="2020-01-30T13:47:46Z" user="magrej" uid="7345137" lat="-26.8045971" lon="116.6852525"/>
 <node id="7172038341" visible="true" version="1" changeset="80319292" timestamp="2020-01-30T13:47:46Z" user="magrej" uid="7345137" lat="-26.8045636" lon="116.6852760"/>
 <node id="7172038342" visible="true" version="1" changeset="80319292" timestamp="2020-01-30T13:47:46Z" user="magrej" uid="7345137" lat="-26.8044924" lon="116.6853346"/>
 <node id="7172038343" visible="true" version="1" changeset="80319292" timestamp="2020-01-30T13:47:46Z" user="magrej" uid="7345137" lat="-26.8043815" lon="116.6854519"/>
 <node id="7172038344" visible="true" version="1" changeset="80319292" timestamp="2020-01-30T13:47:46Z" user="magrej" uid="7345137" lat="-26.8043019" lon="116.6855129"/>
 <node id="7172038345" visible="true" version="1" changeset="80319292" timestamp="2020-01-30T13:47:46Z" user="magrej" uid="7345137" lat="-26.8042265" lon="116.6855574"/>
 <node id="7172038346" visible="true" version="1" changeset="80319292" timestamp="2020-01-30T13:47:46Z" user="magrej" uid="7345137" lat="-26.8041847" lon="116.6855762"/>
 <node id="7172038347" visible="true" version="1" changeset="80319292" timestamp="2020-01-30T13:47:46Z" user="magrej" uid="7345137" lat="-26.8041030" lon="116.6855879"/>
 <node id="7172038348" visible="true" version="1" changeset="80319292" timestamp="2020-01-30T13:47:46Z" user="magrej" uid="7345137" lat="-26.8040695" lon="116.6855598"/>
 <node id="7172038349" visible="true" version="1" changeset="80319292" timestamp="2020-01-30T13:47:46Z" user="magrej" uid="7345137" lat="-26.8040926" lon="116.6855223"/>
 <node id="7172038350" visible="true" version="1" changeset="80319292" timestamp="2020-01-30T13:47:46Z" user="magrej" uid="7345137" lat="-26.8043542" lon="116.6852854"/>
 <node id="7172038351" visible="true" version="1" changeset="80319292" timestamp="2020-01-30T13:47:46Z" user="magrej" uid="7345137" lat="-26.8044505" lon="116.6851892"/>
 <node id="7172038352" visible="true" version="1" changeset="80319292" timestamp="2020-01-30T13:47:46Z" user="magrej" uid="7345137" lat="-26.8045322" lon="116.6850813"/>
 <node id="7172038353" visible="true" version="1" changeset="80319292" timestamp="2020-01-30T13:47:46Z" user="magrej" uid="7345137" lat="-26.8046138" lon="116.6849805"/>
 <node id="7172038354" visible="true" version="1" changeset="80319292" timestamp="2020-01-30T13:47:46Z" user="magrej" uid="7345137" lat="-26.8046410" lon="116.6849500"/>
 <node id="7172038355" visible="true" version="1" changeset="80319292" timestamp="2020-01-30T13:47:46Z" user="magrej" uid="7345137" lat="-26.8046745" lon="116.6849195"/>
 <node id="7172038356" visible="true" version="1" changeset="80319292" timestamp="2020-01-30T13:47:46Z" user="magrej" uid="7345137" lat="-26.8047666" lon="116.6848210"/>
 <node id="7172038357" visible="true" version="1" changeset="80319292" timestamp="2020-01-30T13:47:46Z" user="magrej" uid="7345137" lat="-26.8048022" lon="116.6847928"/>
 <node id="7172038358" visible="true" version="1" changeset="80319292" timestamp="2020-01-30T13:47:46Z" user="magrej" uid="7345137" lat="-26.8048420" lon="116.6847717"/>
 <node id="7172038359" visible="true" version="1" changeset="80319292" timestamp="2020-01-30T13:47:46Z" user="magrej" uid="7345137" lat="-26.8049216" lon="116.6847436"/>
 <node id="7172038360" visible="true" version="1" changeset="80319292" timestamp="2020-01-30T13:47:46Z" user="magrej" uid="7345137" lat="-26.8049885" lon="116.6847014"/>
 <node id="7172038361" visible="true" version="1" changeset="80319292" timestamp="2020-01-30T13:47:46Z" user="magrej" uid="7345137" lat="-26.8050283" lon="116.6846849"/>
 <node id="7172038362" visible="true" version="1" changeset="80319292" timestamp="2020-01-30T13:47:46Z" user="magrej" uid="7345137" lat="-26.8052397" lon="116.6843894"/>
 <node id="7872042516" visible="true" version="1" changeset="90354703" timestamp="2020-09-03T10:14:21Z" user="TheSwavu" uid="2622285" lat="-26.7776047" lon="116.6836919">
  <tag k="ford" v="yes"/>
 </node>
 <node id="7872042517" visible="true" version="1" changeset="90354703" timestamp="2020-09-03T10:14:21Z" user="TheSwavu" uid="2622285" lat="-26.7546976" lon="116.7119747"/>
 <node id="7872042518" visible="true" version="1" changeset="90354703" timestamp="2020-09-03T10:14:21Z" user="TheSwavu" uid="2622285" lat="-26.7553203" lon="116.7095393"/>
 <node id="7872042519" visible="true" version="1" changeset="90354703" timestamp="2020-09-03T10:14:21Z" user="TheSwavu" uid="2622285" lat="-26.7569633" lon="116.7071736"/>
 <node id="7872042520" visible="true" version="1" changeset="90354703" timestamp="2020-09-03T10:14:21Z" user="TheSwavu" uid="2622285" lat="-26.7587260" lon="116.7054999"/>
 <node id="7872042521" visible="true" version="1" changeset="90354703" timestamp="2020-09-03T10:14:21Z" user="TheSwavu" uid="2622285" lat="-26.7610012" lon="116.7015624"/>
 <node id="7872042522" visible="true" version="1" changeset="90354703" timestamp="2020-09-03T10:14:21Z" user="TheSwavu" uid="2622285" lat="-26.7620598" lon="116.6993898"/>
 <node id="7872042523" visible="true" version="1" changeset="90354703" timestamp="2020-09-03T10:14:21Z" user="TheSwavu" uid="2622285" lat="-26.7646510" lon="116.6963160"/>
 <node id="7872042524" visible="true" version="1" changeset="90354703" timestamp="2020-09-03T10:14:21Z" user="TheSwavu" uid="2622285" lat="-26.7658293" lon="116.6950178"/>
 <node id="7872042525" visible="true" version="1" changeset="90354703" timestamp="2020-09-03T10:14:21Z" user="TheSwavu" uid="2622285" lat="-26.7672230" lon="116.6929471"/>
 <node id="7872042526" visible="true" version="1" changeset="90354703" timestamp="2020-09-03T10:14:21Z" user="TheSwavu" uid="2622285" lat="-26.7694981" lon="116.6912144"/>
 <node id="7872042527" visible="true" version="1" changeset="90354703" timestamp="2020-09-03T10:14:21Z" user="TheSwavu" uid="2622285" lat="-26.7720461" lon="116.6900074"/>
 <node id="7872042528" visible="true" version="1" changeset="90354703" timestamp="2020-09-03T10:14:21Z" user="TheSwavu" uid="2622285" lat="-26.7750537" lon="116.6878241"/>
 <node id="7872042529" visible="true" version="1" changeset="90354703" timestamp="2020-09-03T10:14:21Z" user="TheSwavu" uid="2622285" lat="-26.7768018" lon="116.6848361"/>
 <node id="7872042530" visible="true" version="1" changeset="90354703" timestamp="2020-09-03T10:14:21Z" user="TheSwavu" uid="2622285" lat="-26.7777692" lon="116.6834575"/>
 <node id="7872042531" visible="true" version="1" changeset="90354703" timestamp="2020-09-03T10:14:21Z" user="TheSwavu" uid="2622285" lat="-26.7789426" lon="116.6827601"/>
 <node id="7872042532" visible="true" version="1" changeset="90354703" timestamp="2020-09-03T10:14:21Z" user="TheSwavu" uid="2622285" lat="-26.7799291" lon="116.6813385"/>
 <node id="7872042533" visible="true" version="1" changeset="90354703" timestamp="2020-09-03T10:14:21Z" user="TheSwavu" uid="2622285" lat="-26.7821129" lon="116.6782808"/>
 <node id="7872042534" visible="true" version="1" changeset="90354703" timestamp="2020-09-03T10:14:21Z" user="TheSwavu" uid="2622285" lat="-26.7839854" lon="116.6771704"/>
 <node id="7872042535" visible="true" version="1" changeset="90354703" timestamp="2020-09-03T10:14:21Z" user="TheSwavu" uid="2622285" lat="-26.7858626" lon="116.6767037"/>
 <node id="7872042536" visible="true" version="1" changeset="90354703" timestamp="2020-09-03T10:14:21Z" user="TheSwavu" uid="2622285" lat="-26.7879649" lon="116.6764408"/>
 <node id="7872042537" visible="true" version="1" changeset="90354703" timestamp="2020-09-03T10:14:21Z" user="TheSwavu" uid="2622285" lat="-26.7891285" lon="116.6771221"/>
 <node id="7872042538" visible="true" version="1" changeset="90354703" timestamp="2020-09-03T10:14:21Z" user="TheSwavu" uid="2622285" lat="-26.7900000" lon="116.6777337"/>
 <node id="7872042540" visible="true" version="1" changeset="90354703" timestamp="2020-09-03T10:14:21Z" user="TheSwavu" uid="2622285" lat="-26.7730951" lon="116.7019178"/>
 <node id="7872042542" visible="true" version="1" changeset="90354703" timestamp="2020-09-03T10:14:21Z" user="TheSwavu" uid="2622285" lat="-26.7217665" lon="116.7546208"/>
 <node id="7872042545" visible="true" version="1" changeset="90354703" timestamp="2020-09-03T10:14:21Z" user="TheSwavu" uid="2622285" lat="-26.7100945" lon="116.8004419"/>
 <node id="7872042546" visible="true" version="1" changeset="90354703" timestamp="2020-09-03T10:14:21Z" user="TheSwavu" uid="2622285" lat="-26.8242726" lon="116.6730278"/>
 <node id="7872042547" visible="true" version="1" changeset="90354703" timestamp="2020-09-03T10:14:21Z" user="TheSwavu" uid="2622285" lat="-26.7141272" lon="116.7811866"/>
 <node id="7872042548" visible="true" version="1" changeset="90354703" timestamp="2020-09-03T10:14:21Z" user="TheSwavu" uid="2622285" lat="-26.7072956" lon="116.8584944"/>
 <node id="7872042550" visible="true" version="1" changeset="90354703" timestamp="2020-09-03T10:14:21Z" user="TheSwavu" uid="2622285" lat="-26.7091640" lon="116.8610796"/>
 <node id="7872042553" visible="true" version="1" changeset="90354703" timestamp="2020-09-03T10:14:21Z" user="TheSwavu" uid="2622285" lat="-26.7168231" lon="116.7698387"/>
 <node id="7872042554" visible="true" version="1" changeset="90354703" timestamp="2020-09-03T10:14:21Z" user="TheSwavu" uid="2622285" lat="-26.7101653" lon="116.7998458"/>
 <node id="7872042555" visible="true" version="1" changeset="90354703" timestamp="2020-09-03T10:14:21Z" user="TheSwavu" uid="2622285" lat="-26.7082718" lon="116.8422646"/>
 <node id="7872042556" visible="true" version="1" changeset="90354703" timestamp="2020-09-03T10:14:21Z" user="TheSwavu" uid="2622285" lat="-26.8092383" lon="116.6798599"/>
 <node id="7872042557" visible="true" version="1" changeset="90354703" timestamp="2020-09-03T10:14:21Z" user="TheSwavu" uid="2622285" lat="-26.7948998" lon="116.6936357"/>
 <node id="7872042558" visible="true" version="1" changeset="90354703" timestamp="2020-09-03T10:14:21Z" user="TheSwavu" uid="2622285" lat="-26.8183667" lon="116.6758805"/>
 <node id="7872042559" visible="true" version="1" changeset="90354703" timestamp="2020-09-03T10:14:21Z" user="TheSwavu" uid="2622285" lat="-26.7195938" lon="116.7581156"/>
 <node id="7872042560" visible="true" version="1" changeset="90354703" timestamp="2020-09-03T10:14:21Z" user="TheSwavu" uid="2622285" lat="-26.7189835" lon="116.7588616"/>
 <node id="7872042561" visible="true" version="1" changeset="90354703" timestamp="2020-09-03T10:14:21Z" user="TheSwavu" uid="2622285" lat="-26.8121285" lon="116.6744603"/>
 <node id="7872042562" visible="true" version="1" changeset="90354703" timestamp="2020-09-03T10:14:21Z" user="TheSwavu" uid="2622285" lat="-26.7082674" lon="116.8684628"/>
 <node id="7872042564" visible="true" version="1" changeset="90354703" timestamp="2020-09-03T10:14:21Z" user="TheSwavu" uid="2622285" lat="-26.7125116" lon="116.8124130"/>
 <node id="7872042566" visible="true" version="1" changeset="90354703" timestamp="2020-09-03T10:14:21Z" user="TheSwavu" uid="2622285" lat="-26.7975103" lon="116.6911927"/>
 <node id="7872042571" visible="true" version="1" changeset="90354703" timestamp="2020-09-03T10:14:21Z" user="TheSwavu" uid="2622285" lat="-26.7073789" lon="116.8596706"/>
 <node id="7872042573" visible="true" version="1" changeset="90354703" timestamp="2020-09-03T10:14:21Z" user="TheSwavu" uid="2622285" lat="-26.7168242" lon="116.7704986"/>
 <node id="7872042577" visible="true" version="1" changeset="90354703" timestamp="2020-09-03T10:14:21Z" user="TheSwavu" uid="2622285" lat="-26.7083671" lon="116.8419452"/>
 <node id="7872042578" visible="true" version="1" changeset="90354703" timestamp="2020-09-03T10:14:21Z" user="TheSwavu" uid="2622285" lat="-26.7417905" lon="116.7151853"/>
 <node id="7872042579" visible="true" version="1" changeset="90354703" timestamp="2020-09-03T10:14:21Z" user="TheSwavu" uid="2622285" lat="-26.7094758" lon="116.8021321"/>
 <node id="7872042581" visible="true" version="1" changeset="90354703" timestamp="2020-09-03T10:14:21Z" user="TheSwavu" uid="2622285" lat="-26.8167881" lon="116.6750064"/>
 <node id="7872042583" visible="true" version="1" changeset="90354703" timestamp="2020-09-03T10:14:21Z" user="TheSwavu" uid="2622285" lat="-26.7125482" lon="116.8129451"/>
 <node id="7872042584" visible="true" version="1" changeset="90354703" timestamp="2020-09-03T10:14:21Z" user="TheSwavu" uid="2622285" lat="-26.7076399" lon="116.8433028"/>
 <node id="7872048694" visible="true" version="1" changeset="90354703" timestamp="2020-09-03T10:14:21Z" user="TheSwavu" uid="2622285" lat="-26.7140684" lon="116.7817082"/>
 <node id="7872048696" visible="true" version="1" changeset="90354703" timestamp="2020-09-03T10:14:21Z" user="TheSwavu" uid="2622285" lat="-26.7375651" lon="116.7184069"/>
 <node id="7872048698" visible="true" version="1" changeset="90354703" timestamp="2020-09-03T10:14:21Z" user="TheSwavu" uid="2622285" lat="-26.7231742" lon="116.7508721"/>
 <node id="7872048699" visible="true" version="1" changeset="90354703" timestamp="2020-09-03T10:14:21Z" user="TheSwavu" uid="2622285" lat="-26.7078341" lon="116.8070026"/>
 <node id="7872048701" visible="true" version="1" changeset="90354703" timestamp="2020-09-03T10:14:21Z" user="TheSwavu" uid="2622285" lat="-26.7166634" lon="116.7775852"/>
 <node id="7872048707" visible="true" version="1" changeset="90354703" timestamp="2020-09-03T10:14:21Z" user="TheSwavu" uid="2622285" lat="-26.7149619" lon="116.7880907"/>
 <node id="7872048709" visible="true" version="1" changeset="90354703" timestamp="2020-09-03T10:14:21Z" user="TheSwavu" uid="2622285" lat="-26.8162506" lon="116.6750078"/>
 <node id="7872048710" visible="true" version="1" changeset="90354703" timestamp="2020-09-03T10:14:21Z" user="TheSwavu" uid="2622285" lat="-26.7220135" lon="116.7537902"/>
 <node id="7872048712" visible="true" version="1" changeset="90354703" timestamp="2020-09-03T10:14:21Z" user="TheSwavu" uid="2622285" lat="-26.7080952" lon="116.8600878"/>
 <node id="7872048719" visible="true" version="1" changeset="90354703" timestamp="2020-09-03T10:14:21Z" user="TheSwavu" uid="2622285" lat="-26.7069776" lon="116.8696012"/>
 <node id="7872048720" visible="true" version="1" changeset="90354703" timestamp="2020-09-03T10:14:21Z" user="TheSwavu" uid="2622285" lat="-26.7173466" lon="116.7745406"/>
 <node id="7872048722" visible="true" version="1" changeset="90354703" timestamp="2020-09-03T10:14:21Z" user="TheSwavu" uid="2622285" lat="-26.7175349" lon="116.7610993"/>
 <node id="7872048723" visible="true" version="1" changeset="90354703" timestamp="2020-09-03T10:14:21Z" user="TheSwavu" uid="2622285" lat="-26.7129149" lon="116.8194481"/>
 <node id="7872048724" visible="true" version="1" changeset="90354703" timestamp="2020-09-03T10:14:21Z" user="TheSwavu" uid="2622285" lat="-26.7084504" lon="116.8417321"/>
 <node id="7872048725" visible="true" version="1" changeset="90354703" timestamp="2020-09-03T10:14:21Z" user="TheSwavu" uid="2622285" lat="-26.7128025" lon="116.8250371"/>
 <node id="7872048728" visible="true" version="1" changeset="90354703" timestamp="2020-09-03T10:14:21Z" user="TheSwavu" uid="2622285" lat="-26.7612141" lon="116.7094134"/>
 <node id="7872048732" visible="true" version="1" changeset="90354703" timestamp="2020-09-03T10:14:21Z" user="TheSwavu" uid="2622285" lat="-26.7089172" lon="116.8607923"/>
 <node id="7872048733" visible="true" version="1" changeset="90354703" timestamp="2020-09-03T10:14:21Z" user="TheSwavu" uid="2622285" lat="-26.7985455" lon="116.6893931"/>
 <node id="7872048734" visible="true" version="1" changeset="90354703" timestamp="2020-09-03T10:14:21Z" user="TheSwavu" uid="2622285" lat="-26.7955444" lon="116.6934341"/>
 <node id="7872048739" visible="true" version="1" changeset="90354703" timestamp="2020-09-03T10:14:21Z" user="TheSwavu" uid="2622285" lat="-26.8179723" lon="116.6757617"/>
 <node id="7872048744" visible="true" version="1" changeset="90354703" timestamp="2020-09-03T10:14:21Z" user="TheSwavu" uid="2622285" lat="-26.7326499" lon="116.7256699"/>
 <node id="7872048745" visible="true" version="1" changeset="90354703" timestamp="2020-09-03T10:14:21Z" user="TheSwavu" uid="2622285" lat="-26.7840165" lon="116.6982563"/>
 <node id="7872048747" visible="true" version="1" changeset="90354703" timestamp="2020-09-03T10:14:21Z" user="TheSwavu" uid="2622285" lat="-26.7387699" lon="116.7162286"/>
 <node id="7872048749" visible="true" version="1" changeset="90354703" timestamp="2020-09-03T10:14:21Z" user="TheSwavu" uid="2622285" lat="-26.7098559" lon="116.8093930"/>
 <node id="7872048751" visible="true" version="1" changeset="90354703" timestamp="2020-09-03T10:14:21Z" user="TheSwavu" uid="2622285" lat="-26.8218031" lon="116.6743130"/>
 <node id="7872048752" visible="true" version="1" changeset="90354703" timestamp="2020-09-03T10:14:21Z" user="TheSwavu" uid="2622285" lat="-26.7080915" lon="116.8685676"/>
 <node id="7872048755" visible="true" version="1" changeset="90354703" timestamp="2020-09-03T10:14:21Z" user="TheSwavu" uid="2622285" lat="-26.7322314" lon="116.7256710"/>
 <node id="7872048756" visible="true" version="1" changeset="90354703" timestamp="2020-09-03T10:14:21Z" user="TheSwavu" uid="2622285" lat="-26.7094264" lon="116.8655738"/>
 <node id="7872048757" visible="true" version="1" changeset="90354703" timestamp="2020-09-03T10:14:21Z" user="TheSwavu" uid="2622285" lat="-26.7087527" lon="116.8605572"/>
 <node id="7872048761" visible="true" version="1" changeset="90354703" timestamp="2020-09-03T10:14:21Z" user="TheSwavu" uid="2622285" lat="-26.7148101" lon="116.7904184"/>
 <node id="7872048762" visible="true" version="1" changeset="90354703" timestamp="2020-09-03T10:14:21Z" user="TheSwavu" uid="2622285" lat="-26.7097361" lon="116.8091273"/>
 <node id="7872048763" visible="true" version="1" changeset="90354703" timestamp="2020-09-03T10:14:21Z" user="TheSwavu" uid="2622285" lat="-26.7220701" lon="116.7533644"/>
 <node id="7872048765" visible="true" version="1" changeset="90354703" timestamp="2020-09-03T10:14:21Z" user="TheSwavu" uid="2622285" lat="-26.7055103" lon="116.8511497"/>
 <node id="7872048766" visible="true" version="1" changeset="90354703" timestamp="2020-09-03T10:14:21Z" user="TheSwavu" uid="2622285" lat="-26.7112296" lon="116.8383049"/>
 <node id="7872048772" visible="true" version="1" changeset="90354703" timestamp="2020-09-03T10:14:21Z" user="TheSwavu" uid="2622285" lat="-26.7128213" lon="116.8306686"/>
 <node id="7872048773" visible="true" version="1" changeset="90354703" timestamp="2020-09-03T10:14:21Z" user="TheSwavu" uid="2622285" lat="-26.7122002" lon="116.8117751"/>
 <node id="7872048777" visible="true" version="1" changeset="90354703" timestamp="2020-09-03T10:14:21Z" user="TheSwavu" uid="2622285" lat="-26.7312757" lon="116.7367046"/>
 <node id="7872048779" visible="true" version="1" changeset="90354703" timestamp="2020-09-03T10:14:21Z" user="TheSwavu" uid="2622285" lat="-26.7120479" lon="116.7965708"/>
 <node id="7872048780" visible="true" version="1" changeset="90354703" timestamp="2020-09-03T10:14:21Z" user="TheSwavu" uid="2622285" lat="-26.7611434" lon="116.7098926"/>
 <node id="7872048781" visible="true" version="1" changeset="90354703" timestamp="2020-09-03T10:14:21Z" user="TheSwavu" uid="2622285" lat="-26.8059118" lon="116.6824649"/>
 <node id="7872048787" visible="true" version="1" changeset="90354703" timestamp="2020-09-03T10:14:21Z" user="TheSwavu" uid="2622285" lat="-26.7110699" lon="116.7976231"/>
 <node id="7872048790" visible="true" version="1" changeset="90354703" timestamp="2020-09-03T10:14:21Z" user="TheSwavu" uid="2622285" lat="-26.8092355" lon="116.6786219"/>
 <node id="7872048791" visible="true" version="1" changeset="90354703" timestamp="2020-09-03T10:14:21Z" user="TheSwavu" uid="2622285" lat="-26.8195848" lon="116.6757970"/>
 <node id="7872048792" visible="true" version="1" changeset="90354703" timestamp="2020-09-03T10:14:21Z" user="TheSwavu" uid="2622285" lat="-26.7748488" lon="116.7009152"/>
 <node id="7872048795" visible="true" version="1" changeset="90354703" timestamp="2020-09-03T10:14:21Z" user="TheSwavu" uid="2622285" lat="-26.7128813" lon="116.8308810"/>
 <node id="7872048798" visible="true" version="1" changeset="90354703" timestamp="2020-09-03T10:14:21Z" user="TheSwavu" uid="2622285" lat="-26.7224582" lon="116.7468235"/>
 <node id="7872048803" visible="true" version="1" changeset="90354703" timestamp="2020-09-03T10:14:21Z" user="TheSwavu" uid="2622285" lat="-26.7104751" lon="116.7993133"/>
 <node id="7872048804" visible="true" version="1" changeset="90354703" timestamp="2020-09-03T10:14:21Z" user="TheSwavu" uid="2622285" lat="-26.7073567" lon="116.8579033"/>
 <node id="7872048807" visible="true" version="1" changeset="90354703" timestamp="2020-09-03T10:14:21Z" user="TheSwavu" uid="2622285" lat="-26.7077002" lon="116.8051406"/>
 <node id="7872048810" visible="true" version="1" changeset="90354703" timestamp="2020-09-03T10:14:21Z" user="TheSwavu" uid="2622285" lat="-26.7431383" lon="116.7147158"/>
 <node id="7872048811" visible="true" version="1" changeset="90354703" timestamp="2020-09-03T10:14:21Z" user="TheSwavu" uid="2622285" lat="-26.7177300" lon="116.7752635"/>
 <node id="7872048813" visible="true" version="1" changeset="90354703" timestamp="2020-09-03T10:14:21Z" user="TheSwavu" uid="2622285" lat="-26.7224569" lon="116.7460985"/>
 <node id="7872048814" visible="true" version="1" changeset="90354703" timestamp="2020-09-03T10:14:21Z" user="TheSwavu" uid="2622285" lat="-26.7055111" lon="116.8519475"/>
 <node id="7872048815" visible="true" version="1" changeset="90354703" timestamp="2020-09-03T10:14:21Z" user="TheSwavu" uid="2622285" lat="-26.7379824" lon="116.7177845"/>
 <node id="7872048817" visible="true" version="1" changeset="90354703" timestamp="2020-09-03T10:14:21Z" user="TheSwavu" uid="2622285" lat="-26.7167307" lon="116.7717967"/>
 <node id="7872048819" visible="true" version="1" changeset="90354703" timestamp="2020-09-03T10:14:21Z" user="TheSwavu" uid="2622285" lat="-26.8211227" lon="116.6745146"/>
 <node id="7872048821" visible="true" version="1" changeset="90354703" timestamp="2020-09-03T10:14:21Z" user="TheSwavu" uid="2622285" lat="-26.7064889" lon="116.8503797"/>
 <node id="7872048824" visible="true" version="1" changeset="90354703" timestamp="2020-09-03T10:14:21Z" user="TheSwavu" uid="2622285" lat="-26.7200709" lon="116.7577315"/>
 <node id="7872048825" visible="true" version="1" changeset="90354703" timestamp="2020-09-03T10:14:21Z" user="TheSwavu" uid="2622285" lat="-26.7168404" lon="116.7687320"/>
 <node id="7872048826" visible="true" version="1" changeset="90354703" timestamp="2020-09-03T10:14:21Z" user="TheSwavu" uid="2622285" lat="-26.7369165" lon="116.7196514"/>
 <node id="7872048828" visible="true" version="1" changeset="90354703" timestamp="2020-09-03T10:14:21Z" user="TheSwavu" uid="2622285" lat="-26.7134592" lon="116.8153510"/>
 <node id="7872048831" visible="true" version="1" changeset="90354703" timestamp="2020-09-03T10:14:21Z" user="TheSwavu" uid="2622285" lat="-26.8034471" lon="116.6859457"/>
 <node id="7872048834" visible="true" version="1" changeset="90354703" timestamp="2020-09-03T10:14:21Z" user="TheSwavu" uid="2622285" lat="-26.7087309" lon="116.8077589"/>
 <node id="7872048836" visible="true" version="1" changeset="90354703" timestamp="2020-09-03T10:14:21Z" user="TheSwavu" uid="2622285" lat="-26.7073302" lon="116.8440080"/>
 <node id="7872048837" visible="true" version="1" changeset="90354703" timestamp="2020-09-03T10:14:21Z" user="TheSwavu" uid="2622285" lat="-26.7825499" lon="116.6994580"/>
 <node id="7872048839" visible="true" version="1" changeset="90354703" timestamp="2020-09-03T10:14:21Z" user="TheSwavu" uid="2622285" lat="-26.7126412" lon="116.8202599"/>
 <node id="7872048840" visible="true" version="1" changeset="90354703" timestamp="2020-09-03T10:14:21Z" user="TheSwavu" uid="2622285" lat="-26.7131434" lon="116.7941880"/>
 <node id="7872048841" visible="true" version="1" changeset="90354703" timestamp="2020-09-03T10:14:21Z" user="TheSwavu" uid="2622285" lat="-26.7177496" lon="116.7756041"/>
 <node id="7872048842" visible="true" version="1" changeset="90354703" timestamp="2020-09-03T10:14:21Z" user="TheSwavu" uid="2622285" lat="-26.7124521" lon="116.8217525"/>
 <node id="7872048843" visible="true" version="1" changeset="90354703" timestamp="2020-09-03T10:14:21Z" user="TheSwavu" uid="2622285" lat="-26.7170209" lon="116.7740305"/>
 <node id="7872048844" visible="true" version="1" changeset="90354703" timestamp="2020-09-03T10:14:21Z" user="TheSwavu" uid="2622285" lat="-26.8055542" lon="116.6827853"/>
 <node id="7872048845" visible="true" version="1" changeset="90354703" timestamp="2020-09-03T10:14:21Z" user="TheSwavu" uid="2622285" lat="-26.7208145" lon="116.7566659"/>
 <node id="7872048846" visible="true" version="1" changeset="90354703" timestamp="2020-09-03T10:14:21Z" user="TheSwavu" uid="2622285" lat="-26.7071999" lon="116.8450855"/>
 <node id="7872048848" visible="true" version="1" changeset="90354703" timestamp="2020-09-03T10:14:21Z" user="TheSwavu" uid="2622285" lat="-26.7067457" lon="116.8726068"/>
 <node id="7872048850" visible="true" version="1" changeset="90354703" timestamp="2020-09-03T10:14:21Z" user="TheSwavu" uid="2622285" lat="-26.7167365" lon="116.7636758"/>
 <node id="7872048852" visible="true" version="1" changeset="90354703" timestamp="2020-09-03T10:14:21Z" user="TheSwavu" uid="2622285" lat="-26.8017298" lon="116.6871884"/>
 <node id="7872048854" visible="true" version="1" changeset="90354703" timestamp="2020-09-03T10:14:21Z" user="TheSwavu" uid="2622285" lat="-26.7331612" lon="116.7255133"/>
 <node id="7872048856" visible="true" version="1" changeset="90354703" timestamp="2020-09-03T10:14:21Z" user="TheSwavu" uid="2622285" lat="-26.7072231" lon="116.8443940"/>
 <node id="7872048859" visible="true" version="1" changeset="90354703" timestamp="2020-09-03T10:14:21Z" user="TheSwavu" uid="2622285" lat="-26.7101763" lon="116.8643448"/>
 <node id="7872048860" visible="true" version="1" changeset="90354703" timestamp="2020-09-03T10:14:21Z" user="TheSwavu" uid="2622285" lat="-26.7125006" lon="116.8321986"/>
 <node id="7872048861" visible="true" version="1" changeset="90354703" timestamp="2020-09-03T10:14:21Z" user="TheSwavu" uid="2622285" lat="-26.7147290" lon="116.7921342"/>
 <node id="7872048862" visible="true" version="1" changeset="90354703" timestamp="2020-09-03T10:14:21Z" user="TheSwavu" uid="2622285" lat="-26.7713801" lon="116.7042776"/>
 <node id="7872048865" visible="true" version="1" changeset="90354703" timestamp="2020-09-03T10:14:21Z" user="TheSwavu" uid="2622285" lat="-26.7171025" lon="116.7653693"/>
 <node id="7872048866" visible="true" version="1" changeset="90354703" timestamp="2020-09-03T10:14:21Z" user="TheSwavu" uid="2622285" lat="-26.7103320" lon="116.7994998"/>
 <node id="7872048870" visible="true" version="1" changeset="90354703" timestamp="2020-09-03T10:14:21Z" user="TheSwavu" uid="2622285" lat="-26.7127865" lon="116.8315729"/>
 <node id="7872048874" visible="true" version="1" changeset="90354703" timestamp="2020-09-03T10:14:21Z" user="TheSwavu" uid="2622285" lat="-26.7136892" lon="116.8273102"/>
 <node id="7872048879" visible="true" version="1" changeset="90354703" timestamp="2020-09-03T10:14:21Z" user="TheSwavu" uid="2622285" lat="-26.7057629" lon="116.8528381"/>
 <node id="7872048881" visible="true" version="1" changeset="90354703" timestamp="2020-09-03T10:14:21Z" user="TheSwavu" uid="2622285" lat="-26.7126896" lon="116.8304105"/>
 <node id="7872048885" visible="true" version="1" changeset="90354703" timestamp="2020-09-03T10:14:21Z" user="TheSwavu" uid="2622285" lat="-26.7123354" lon="116.8339144"/>
 <node id="7872048888" visible="true" version="1" changeset="90354703" timestamp="2020-09-03T10:14:21Z" user="TheSwavu" uid="2622285" lat="-26.7175978" lon="116.7762640"/>
 <node id="7872048889" visible="true" version="1" changeset="90354703" timestamp="2020-09-03T10:14:21Z" user="TheSwavu" uid="2622285" lat="-26.7098567" lon="116.8012670"/>
 <node id="7872048890" visible="true" version="1" changeset="90354703" timestamp="2020-09-03T10:14:21Z" user="TheSwavu" uid="2622285" lat="-26.8175776" lon="116.6755630"/>
 <node id="7872048891" visible="true" version="1" changeset="90354703" timestamp="2020-09-03T10:14:21Z" user="TheSwavu" uid="2622285" lat="-26.7110637" lon="116.8104416"/>
 <node id="7872048892" visible="true" version="1" changeset="90354703" timestamp="2020-09-03T10:14:21Z" user="TheSwavu" uid="2622285" lat="-26.7067343" lon="116.8730222"/>
 <node id="7872048896" visible="true" version="1" changeset="90354703" timestamp="2020-09-03T10:14:21Z" user="TheSwavu" uid="2622285" lat="-26.7101179" lon="116.8000826"/>
 <node id="7872048897" visible="true" version="1" changeset="90354703" timestamp="2020-09-03T10:14:21Z" user="TheSwavu" uid="2622285" lat="-26.7791091" lon="116.6991077"/>
 <node id="7872048900" visible="true" version="1" changeset="90354703" timestamp="2020-09-03T10:14:21Z" user="TheSwavu" uid="2622285" lat="-26.7131650" lon="116.8284017"/>
 <node id="7872048902" visible="true" version="1" changeset="90354703" timestamp="2020-09-03T10:14:21Z" user="TheSwavu" uid="2622285" lat="-26.7601784" lon="116.7111324"/>
 <node id="7872048903" visible="true" version="1" changeset="90354703" timestamp="2020-09-03T10:14:21Z" user="TheSwavu" uid="2622285" lat="-26.7072964" lon="116.8593307"/>
 <node id="7872048905" visible="true" version="1" changeset="90354703" timestamp="2020-09-03T10:14:21Z" user="TheSwavu" uid="2622285" lat="-26.7689469" lon="116.7059207"/>
 <node id="7872048907" visible="true" version="1" changeset="90354703" timestamp="2020-09-03T10:14:21Z" user="TheSwavu" uid="2622285" lat="-26.7083362" lon="116.8073341"/>
 <node id="7872048908" visible="true" version="1" changeset="90354703" timestamp="2020-09-03T10:14:21Z" user="TheSwavu" uid="2622285" lat="-26.7072968" lon="116.8462688"/>
 <node id="7872048910" visible="true" version="1" changeset="90354703" timestamp="2020-09-03T10:14:21Z" user="TheSwavu" uid="2622285" lat="-26.7125740" lon="116.8237606"/>
 <node id="7872048913" visible="true" version="1" changeset="90354703" timestamp="2020-09-03T10:14:21Z" user="TheSwavu" uid="2622285" lat="-26.7093211" lon="116.8657700"/>
 <node id="7872048914" visible="true" version="1" changeset="90354703" timestamp="2020-09-03T10:14:21Z" user="TheSwavu" uid="2622285" lat="-26.7355296" lon="116.7238501"/>
 <node id="7872048915" visible="true" version="1" changeset="90354703" timestamp="2020-09-03T10:14:21Z" user="TheSwavu" uid="2622285" lat="-26.7065536" lon="116.8552044"/>
 <node id="7872048916" visible="true" version="1" changeset="90354703" timestamp="2020-09-03T10:14:21Z" user="TheSwavu" uid="2622285" lat="-26.7103397" lon="116.8633123"/>
 <node id="7872048917" visible="true" version="1" changeset="90354703" timestamp="2020-09-03T10:14:21Z" user="TheSwavu" uid="2622285" lat="-26.8249535" lon="116.6730660"/>
 <node id="7872048918" visible="true" version="1" changeset="90354703" timestamp="2020-09-03T10:14:21Z" user="TheSwavu" uid="2622285" lat="-26.8285330" lon="116.6714179"/>
 <node id="7872048919" visible="true" version="1" changeset="90354703" timestamp="2020-09-03T10:14:21Z" user="TheSwavu" uid="2622285" lat="-26.7847326" lon="116.6980147"/>
 <node id="7872048920" visible="true" version="1" changeset="90354703" timestamp="2020-09-03T10:14:21Z" user="TheSwavu" uid="2622285" lat="-26.7145460" lon="116.7895544"/>
 <node id="7872048921" visible="true" version="1" changeset="90354703" timestamp="2020-09-03T10:14:21Z" user="TheSwavu" uid="2622285" lat="-26.7118296" lon="116.8114831"/>
 <node id="7872048922" visible="true" version="1" changeset="90354703" timestamp="2020-09-03T10:14:21Z" user="TheSwavu" uid="2622285" lat="-26.7063792" lon="116.8482784"/>
 <node id="7872048923" visible="true" version="1" changeset="90354703" timestamp="2020-09-03T10:14:21Z" user="TheSwavu" uid="2622285" lat="-26.7134497" lon="116.8268051"/>
 <node id="7872048924" visible="true" version="1" changeset="90354703" timestamp="2020-09-03T10:14:21Z" user="TheSwavu" uid="2622285" lat="-26.7232453" lon="116.7449054"/>
 <node id="7872048925" visible="true" version="1" changeset="90354703" timestamp="2020-09-03T10:14:21Z" user="TheSwavu" uid="2622285" lat="-26.8268867" lon="116.6723014"/>
 <node id="7872048926" visible="true" version="1" changeset="90354703" timestamp="2020-09-03T10:14:21Z" user="TheSwavu" uid="2622285" lat="-26.7063979" lon="116.8547926"/>
 <node id="7872048934" visible="true" version="1" changeset="90354703" timestamp="2020-09-03T10:14:21Z" user="TheSwavu" uid="2622285" lat="-26.7123370" lon="116.8353241"/>
 <node id="7872048936" visible="true" version="1" changeset="90354703" timestamp="2020-09-03T10:14:21Z" user="TheSwavu" uid="2622285" lat="-26.7925369" lon="116.6946001"/>
 <node id="7872048937" visible="true" version="1" changeset="90354703" timestamp="2020-09-03T10:14:21Z" user="TheSwavu" uid="2622285" lat="-26.7694138" lon="116.7064783"/>
 <node id="7872048939" visible="true" version="1" changeset="90354703" timestamp="2020-09-03T10:14:21Z" user="TheSwavu" uid="2622285" lat="-26.7172546" lon="116.7767543"/>
 <node id="7872048940" visible="true" version="1" changeset="90354703" timestamp="2020-09-03T10:14:21Z" user="TheSwavu" uid="2622285" lat="-26.7073323" lon="116.8460028"/>
 <node id="7872048941" visible="true" version="1" changeset="90354703" timestamp="2020-09-03T10:14:21Z" user="TheSwavu" uid="2622285" lat="-26.7128574" lon="116.7947208"/>
 <node id="7872048942" visible="true" version="1" changeset="90354703" timestamp="2020-09-03T10:14:21Z" user="TheSwavu" uid="2622285" lat="-26.7134587" lon="116.8149917"/>
 <node id="7872048943" visible="true" version="1" changeset="90354703" timestamp="2020-09-03T10:14:21Z" user="TheSwavu" uid="2622285" lat="-26.7076459" lon="116.8689470"/>
 <node id="7872048946" visible="true" version="1" changeset="90354703" timestamp="2020-09-03T10:14:21Z" user="TheSwavu" uid="2622285" lat="-26.7964025" lon="116.6925935"/>
 <node id="7872048947" visible="true" version="1" changeset="90354703" timestamp="2020-09-03T10:14:21Z" user="TheSwavu" uid="2622285" lat="-26.7589969" lon="116.7116144"/>
 <node id="7872048948" visible="true" version="1" changeset="90354703" timestamp="2020-09-03T10:14:21Z" user="TheSwavu" uid="2622285" lat="-26.7171036" lon="116.7660925"/>
 <node id="7872048950" visible="true" version="1" changeset="90354703" timestamp="2020-09-03T10:14:21Z" user="TheSwavu" uid="2622285" lat="-26.8098394" lon="116.6762639"/>
 <node id="7872048951" visible="true" version="1" changeset="90354703" timestamp="2020-09-03T10:14:21Z" user="TheSwavu" uid="2622285" lat="-26.7118121" lon="116.8358569"/>
 <node id="7872048952" visible="true" version="1" changeset="90354703" timestamp="2020-09-03T10:14:21Z" user="TheSwavu" uid="2622285" lat="-26.7072600" lon="116.8453382"/>
 <node id="7872048953" visible="true" version="1" changeset="90354703" timestamp="2020-09-03T10:14:21Z" user="TheSwavu" uid="2622285" lat="-26.7100474" lon="116.8645669"/>
 <node id="7872048954" visible="true" version="1" changeset="90354703" timestamp="2020-09-03T10:14:21Z" user="TheSwavu" uid="2622285" lat="-26.7060116" lon="116.8507526"/>
 <node id="7872048955" visible="true" version="1" changeset="90354703" timestamp="2020-09-03T10:14:21Z" user="TheSwavu" uid="2622285" lat="-26.7548785" lon="116.7128222"/>
 <node id="7872048957" visible="true" version="1" changeset="90354703" timestamp="2020-09-03T10:14:21Z" user="TheSwavu" uid="2622285" lat="-26.7783925" lon="116.6991095"/>
 <node id="7872048959" visible="true" version="1" changeset="90354703" timestamp="2020-09-03T10:14:21Z" user="TheSwavu" uid="2622285" lat="-26.7709522" lon="116.7052770"/>
 <node id="7872048960" visible="true" version="1" changeset="90354703" timestamp="2020-09-03T10:14:21Z" user="TheSwavu" uid="2622285" lat="-26.7066614" lon="116.8702679"/>
 <node id="7872048963" visible="true" version="1" changeset="90354703" timestamp="2020-09-03T10:14:21Z" user="TheSwavu" uid="2622285" lat="-26.7275201" lon="116.7428761"/>
 <node id="7872048964" visible="true" version="1" changeset="90354703" timestamp="2020-09-03T10:14:21Z" user="TheSwavu" uid="2622285" lat="-26.7639640" lon="116.7049757"/>
 <node id="7872048965" visible="true" version="1" changeset="90354703" timestamp="2020-09-03T10:14:21Z" user="TheSwavu" uid="2622285" lat="-26.7108007" lon="116.8102559"/>
 <node id="7872048966" visible="true" version="1" changeset="90354703" timestamp="2020-09-03T10:14:21Z" user="TheSwavu" uid="2622285" lat="-26.8039124" lon="116.6857448"/>
 <node id="7872048967" visible="true" version="1" changeset="90354703" timestamp="2020-09-03T10:14:21Z" user="TheSwavu" uid="2622285" lat="-26.7141414" lon="116.7825992"/>
 <node id="7872048971" visible="true" version="1" changeset="90354703" timestamp="2020-09-03T10:14:21Z" user="TheSwavu" uid="2622285" lat="-26.7149362" lon="116.7868804"/>
 <node id="7872048973" visible="true" version="1" changeset="90354703" timestamp="2020-09-03T10:14:21Z" user="TheSwavu" uid="2622285" lat="-26.7121104" lon="116.8355905"/>
 <node id="7872048974" visible="true" version="1" changeset="90354703" timestamp="2020-09-03T10:14:21Z" user="TheSwavu" uid="2622285" lat="-26.7105104" lon="116.7989411"/>
 <node id="7872048975" visible="true" version="1" changeset="90354703" timestamp="2020-09-03T10:14:21Z" user="TheSwavu" uid="2622285" lat="-26.7716649" lon="116.7033589"/>
 <node id="7872048976" visible="true" version="1" changeset="90354703" timestamp="2020-09-03T10:14:21Z" user="TheSwavu" uid="2622285" lat="-26.7067453" lon="116.8722670"/>
 <node id="7872048977" visible="true" version="1" changeset="90354703" timestamp="2020-09-03T10:14:21Z" user="TheSwavu" uid="2622285" lat="-26.7210814" lon="116.7563246"/>
 <node id="7872048979" visible="true" version="1" changeset="90354703" timestamp="2020-09-03T10:14:21Z" user="TheSwavu" uid="2622285" lat="-26.7102391" lon="116.8100575"/>
 <node id="7872048983" visible="true" version="1" changeset="90354703" timestamp="2020-09-03T10:14:21Z" user="TheSwavu" uid="2622285" lat="-26.7225755" lon="116.7473617"/>
 <node id="7872048985" visible="true" version="1" changeset="90354703" timestamp="2020-09-03T10:14:21Z" user="TheSwavu" uid="2622285" lat="-26.7072257" lon="116.8467613"/>
 <node id="7872048986" visible="true" version="1" changeset="90354703" timestamp="2020-09-03T10:14:21Z" user="TheSwavu" uid="2622285" lat="-26.7135723" lon="116.7934691"/>
 <node id="7872048988" visible="true" version="1" changeset="90354703" timestamp="2020-09-03T10:14:21Z" user="TheSwavu" uid="2622285" lat="-26.7605359" lon="116.7107324"/>
 <node id="7872048990" visible="true" version="1" changeset="90354703" timestamp="2020-09-03T10:14:21Z" user="TheSwavu" uid="2622285" lat="-26.7140210" lon="116.7820142"/>
 <node id="7872048991" visible="true" version="1" changeset="90354703" timestamp="2020-09-03T10:14:21Z" user="TheSwavu" uid="2622285" lat="-26.7089752" lon="116.8409948"/>
 <node id="7872048994" visible="true" version="1" changeset="90354703" timestamp="2020-09-03T10:14:21Z" user="TheSwavu" uid="2622285" lat="-26.7392340" lon="116.7157613"/>
 <node id="7872048995" visible="true" version="1" changeset="90354703" timestamp="2020-09-03T10:14:21Z" user="TheSwavu" uid="2622285" lat="-26.7452788" lon="116.7153836"/>
 <node id="7872048997" visible="true" version="1" changeset="90354703" timestamp="2020-09-03T10:14:21Z" user="TheSwavu" uid="2622285" lat="-26.8289629" lon="116.6714168"/>
 <node id="7872048998" visible="true" version="1" changeset="90354703" timestamp="2020-09-03T10:14:21Z" user="TheSwavu" uid="2622285" lat="-26.7055107" lon="116.8515752"/>
 <node id="7872048999" visible="true" version="1" changeset="90354703" timestamp="2020-09-03T10:14:21Z" user="TheSwavu" uid="2622285" lat="-26.8094466" lon="116.6768640"/>
 <node id="7872049000" visible="true" version="1" changeset="90354703" timestamp="2020-09-03T10:14:21Z" user="TheSwavu" uid="2622285" lat="-26.7878136" lon="116.6976871"/>
 <node id="7872049001" visible="true" version="1" changeset="90354703" timestamp="2020-09-03T10:14:21Z" user="TheSwavu" uid="2622285" lat="-26.7123601" lon="116.8345793"/>
 <node id="7872049002" visible="true" version="1" changeset="90354703" timestamp="2020-09-03T10:14:21Z" user="TheSwavu" uid="2622285" lat="-26.7083314" lon="116.8038364"/>
 <node id="7872049005" visible="true" version="1" changeset="90354703" timestamp="2020-09-03T10:14:21Z" user="TheSwavu" uid="2622285" lat="-26.7124521" lon="116.7952399"/>
 <node id="7872049008" visible="true" version="1" changeset="90354703" timestamp="2020-09-03T10:14:21Z" user="TheSwavu" uid="2622285" lat="-26.7428599" lon="116.7150791"/>
 <node id="7872049009" visible="true" version="1" changeset="90354703" timestamp="2020-09-03T10:14:21Z" user="TheSwavu" uid="2622285" lat="-26.7133084" lon="116.8188491"/>
 <node id="7872049012" visible="true" version="1" changeset="90354703" timestamp="2020-09-03T10:14:21Z" user="TheSwavu" uid="2622285" lat="-26.7128548" lon="116.8287743"/>
 <node id="7872049018" visible="true" version="1" changeset="90354703" timestamp="2020-09-03T10:14:21Z" user="TheSwavu" uid="2622285" lat="-26.7123358" lon="116.8342736"/>
 <node id="7872049019" visible="true" version="1" changeset="90354703" timestamp="2020-09-03T10:14:21Z" user="TheSwavu" uid="2622285" lat="-26.7057488" lon="116.8507930"/>
 <node id="7872049023" visible="true" version="1" changeset="90354703" timestamp="2020-09-03T10:14:21Z" user="TheSwavu" uid="2622285" lat="-26.7067316" lon="116.8700458"/>
 <node id="7872049025" visible="true" version="1" changeset="90354703" timestamp="2020-09-03T10:14:21Z" user="TheSwavu" uid="2622285" lat="-26.7149200" lon="116.7920143"/>
 <node id="7872049029" visible="true" version="1" changeset="90354703" timestamp="2020-09-03T10:14:21Z" user="TheSwavu" uid="2622285" lat="-26.7137032" lon="116.7930832"/>
 <node id="7872049030" visible="true" version="1" changeset="90354703" timestamp="2020-09-03T10:14:21Z" user="TheSwavu" uid="2622285" lat="-26.7336721" lon="116.7252012"/>
 <node id="7872049032" visible="true" version="1" changeset="90354703" timestamp="2020-09-03T10:14:21Z" user="TheSwavu" uid="2622285" lat="-26.7140714" lon="116.8177705"/>
 <node id="7872049033" visible="true" version="1" changeset="90354703" timestamp="2020-09-03T10:14:21Z" user="TheSwavu" uid="2622285" lat="-26.7502956" lon="116.7146698"/>
 <node id="7872049036" visible="true" version="1" changeset="90354703" timestamp="2020-09-03T10:14:21Z" user="TheSwavu" uid="2622285" lat="-26.7143730" lon="116.7856711"/>
 <node id="7872049038" visible="true" version="1" changeset="90354703" timestamp="2020-09-03T10:14:21Z" user="TheSwavu" uid="2622285" lat="-26.7061169" lon="116.8486776"/>
 <node id="7872049039" visible="true" version="1" changeset="90354703" timestamp="2020-09-03T10:14:21Z" user="TheSwavu" uid="2622285" lat="-26.7177121" lon="116.7760084"/>
 <node id="7872049040" visible="true" version="1" changeset="90354703" timestamp="2020-09-03T10:14:21Z" user="TheSwavu" uid="2622285" lat="-26.7236121" lon="116.7498922"/>
 <node id="7872049041" visible="true" version="1" changeset="90354703" timestamp="2020-09-03T10:14:21Z" user="TheSwavu" uid="2622285" lat="-26.7621025" lon="116.7058584"/>
 <node id="7872049045" visible="true" version="1" changeset="90354703" timestamp="2020-09-03T10:14:21Z" user="TheSwavu" uid="2622285" lat="-26.7319075" lon="116.7265523"/>
 <node id="7872049047" visible="true" version="1" changeset="90354703" timestamp="2020-09-03T10:14:21Z" user="TheSwavu" uid="2622285" lat="-26.7134595" lon="116.8156170"/>
 <node id="7872049048" visible="true" version="1" changeset="90354703" timestamp="2020-09-03T10:14:21Z" user="TheSwavu" uid="2622285" lat="-26.8258141" lon="116.6733428"/>
 <node id="7872049049" visible="true" version="1" changeset="90354703" timestamp="2020-09-03T10:14:21Z" user="TheSwavu" uid="2622285" lat="-26.7483477" lon="116.7151687"/>
 <node id="7872049052" visible="true" version="1" changeset="90354703" timestamp="2020-09-03T10:14:21Z" user="TheSwavu" uid="2622285" lat="-26.7150621" lon="116.7801206"/>
 <node id="7872049053" visible="true" version="1" changeset="90354703" timestamp="2020-09-03T10:14:21Z" user="TheSwavu" uid="2622285" lat="-26.7119611" lon="116.8115494"/>
 <node id="7872049055" visible="true" version="1" changeset="90354703" timestamp="2020-09-03T10:14:21Z" user="TheSwavu" uid="2622285" lat="-26.8268162" lon="116.6728208"/>
 <node id="7872049062" visible="true" version="1" changeset="90354703" timestamp="2020-09-03T10:14:21Z" user="TheSwavu" uid="2622285" lat="-26.7129193" lon="116.8135031"/>
 <node id="7872049066" visible="true" version="1" changeset="90354703" timestamp="2020-09-03T10:14:21Z" user="TheSwavu" uid="2622285" lat="-26.7170255" lon="116.7650798"/>
 <node id="7872049067" visible="true" version="1" changeset="90354703" timestamp="2020-09-03T10:14:21Z" user="TheSwavu" uid="2622285" lat="-26.7126707" lon="116.8246782"/>
 <node id="7872049068" visible="true" version="1" changeset="90354703" timestamp="2020-09-03T10:14:21Z" user="TheSwavu" uid="2622285" lat="-26.7232275" lon="116.7485947"/>
 <node id="7872049070" visible="true" version="1" changeset="90354703" timestamp="2020-09-03T10:14:21Z" user="TheSwavu" uid="2622285" lat="-26.7137374" lon="116.8277224"/>
 <node id="7872049071" visible="true" version="1" changeset="90354703" timestamp="2020-09-03T10:14:21Z" user="TheSwavu" uid="2622285" lat="-26.7119288" lon="116.7967973"/>
 <node id="7872049072" visible="true" version="1" changeset="90354703" timestamp="2020-09-03T10:14:21Z" user="TheSwavu" uid="2622285" lat="-26.7614231" lon="116.7065388"/>
 <node id="7872049075" visible="true" version="1" changeset="90354703" timestamp="2020-09-03T10:14:21Z" user="TheSwavu" uid="2622285" lat="-26.7097431" lon="116.8652729"/>
 <node id="7872049076" visible="true" version="1" changeset="90354703" timestamp="2020-09-03T10:14:21Z" user="TheSwavu" uid="2622285" lat="-26.8055219" lon="116.6843826"/>
 <node id="7872049081" visible="true" version="1" changeset="90354703" timestamp="2020-09-03T10:14:21Z" user="TheSwavu" uid="2622285" lat="-26.8104466" lon="116.6754236"/>
 <node id="7872049085" visible="true" version="1" changeset="90354703" timestamp="2020-09-03T10:14:21Z" user="TheSwavu" uid="2622285" lat="-26.7145453" lon="116.7890357"/>
 <node id="7872049087" visible="true" version="1" changeset="90354703" timestamp="2020-09-03T10:14:21Z" user="TheSwavu" uid="2622285" lat="-26.7305215" lon="116.7313201"/>
 <node id="7872049088" visible="true" version="1" changeset="90354703" timestamp="2020-09-03T10:14:21Z" user="TheSwavu" uid="2622285" lat="-26.7117259" lon="116.7969838"/>
 <node id="7872049089" visible="true" version="1" changeset="90354703" timestamp="2020-09-03T10:14:21Z" user="TheSwavu" uid="2622285" lat="-26.8311498" lon="116.6718899"/>
 <node id="7872049090" visible="true" version="1" changeset="90354703" timestamp="2020-09-03T10:14:21Z" user="TheSwavu" uid="2622285" lat="-26.7919301" lon="116.6956798"/>
 <node id="7872049091" visible="true" version="1" changeset="90354703" timestamp="2020-09-03T10:14:21Z" user="TheSwavu" uid="2622285" lat="-26.7085221" lon="116.8035300"/>
 <node id="7872049092" visible="true" version="1" changeset="90354703" timestamp="2020-09-03T10:14:21Z" user="TheSwavu" uid="2622285" lat="-26.7132784" lon="116.8141010"/>
 <node id="7872049094" visible="true" version="1" changeset="90354703" timestamp="2020-09-03T10:14:21Z" user="TheSwavu" uid="2622285" lat="-26.7902122" lon="116.6966428"/>
 <node id="7872049095" visible="true" version="1" changeset="90354703" timestamp="2020-09-03T10:14:21Z" user="TheSwavu" uid="2622285" lat="-26.7140849" lon="116.7847538"/>
 <node id="7872049097" visible="true" version="1" changeset="90354703" timestamp="2020-09-03T10:14:21Z" user="TheSwavu" uid="2622285" lat="-26.7114186" lon="116.8364160"/>
 <node id="7872049098" visible="true" version="1" changeset="90354703" timestamp="2020-09-03T10:14:21Z" user="TheSwavu" uid="2622285" lat="-26.7567040" lon="116.7118200"/>
 <node id="7872049102" visible="true" version="1" changeset="90354703" timestamp="2020-09-03T10:14:21Z" user="TheSwavu" uid="2622285" lat="-26.7217851" lon="116.7542802"/>
 <node id="7872049104" visible="true" version="1" changeset="90354703" timestamp="2020-09-03T10:14:21Z" user="TheSwavu" uid="2622285" lat="-26.7161295" lon="116.7783098"/>
 <node id="7872049105" visible="true" version="1" changeset="90354703" timestamp="2020-09-03T10:14:21Z" user="TheSwavu" uid="2622285" lat="-26.7096223" lon="116.8617452"/>
 <node id="7872049106" visible="true" version="1" changeset="90354703" timestamp="2020-09-03T10:14:21Z" user="TheSwavu" uid="2622285" lat="-26.7221639" lon="116.7523427"/>
 <node id="7872049107" visible="true" version="1" changeset="90354703" timestamp="2020-09-03T10:14:21Z" user="TheSwavu" uid="2622285" lat="-26.7701664" lon="116.7065165"/>
 <node id="7872049110" visible="true" version="1" changeset="90354703" timestamp="2020-09-03T10:14:21Z" user="TheSwavu" uid="2622285" lat="-26.7304722" lon="116.7298700"/>
 <node id="7872049111" visible="true" version="1" changeset="90354703" timestamp="2020-09-03T10:14:21Z" user="TheSwavu" uid="2622285" lat="-26.8292857" lon="116.6715356"/>
 <node id="7872049112" visible="true" version="1" changeset="90354703" timestamp="2020-09-03T10:14:21Z" user="TheSwavu" uid="2622285" lat="-26.7361331" lon="116.7233310"/>
 <node id="7872049113" visible="true" version="1" changeset="90354703" timestamp="2020-09-03T10:14:21Z" user="TheSwavu" uid="2622285" lat="-26.7125486" lon="116.8225636"/>
 <node id="7872049115" visible="true" version="1" changeset="90354703" timestamp="2020-09-03T10:14:21Z" user="TheSwavu" uid="2622285" lat="-26.7186023" lon="116.7594584"/>
 <node id="7872049116" visible="true" version="1" changeset="90354703" timestamp="2020-09-03T10:14:21Z" user="TheSwavu" uid="2622285" lat="-26.7886363" lon="116.6970064"/>
 <node id="7872049118" visible="true" version="1" changeset="90354703" timestamp="2020-09-03T10:14:21Z" user="TheSwavu" uid="2622285" lat="-26.7932522" lon="116.6939593"/>
 <node id="7872049120" visible="true" version="1" changeset="90354703" timestamp="2020-09-03T10:14:21Z" user="TheSwavu" uid="2622285" lat="-26.7133866" lon="116.8146860"/>
 <node id="7872049122" visible="true" version="1" changeset="90354703" timestamp="2020-09-03T10:14:21Z" user="TheSwavu" uid="2622285" lat="-26.7141060" lon="116.7829182"/>
 <node id="7872049123" visible="true" version="1" changeset="90354703" timestamp="2020-09-03T10:14:21Z" user="TheSwavu" uid="2622285" lat="-26.7088067" lon="116.8678483"/>
 <node id="7872049124" visible="true" version="1" changeset="90354703" timestamp="2020-09-03T10:14:21Z" user="TheSwavu" uid="2622285" lat="-26.7064168" lon="116.8500074"/>
 <node id="7872049127" visible="true" version="1" changeset="90354703" timestamp="2020-09-03T10:14:21Z" user="TheSwavu" uid="2622285" lat="-26.7265915" lon="116.7437070"/>
 <node id="7872049128" visible="true" version="1" changeset="90354703" timestamp="2020-09-03T10:14:21Z" user="TheSwavu" uid="2622285" lat="-26.7898898" lon="116.6966834"/>
 <node id="7872049129" visible="true" version="1" changeset="90354703" timestamp="2020-09-03T10:14:21Z" user="TheSwavu" uid="2622285" lat="-26.7136422" lon="116.8183966"/>
 <node id="7872049130" visible="true" version="1" changeset="90354703" timestamp="2020-09-03T10:14:21Z" user="TheSwavu" uid="2622285" lat="-26.7181827" lon="116.7599700"/>
 <node id="7872049133" visible="true" version="1" changeset="90354703" timestamp="2020-09-03T10:14:21Z" user="TheSwavu" uid="2622285" lat="-26.7113237" lon="116.8370014"/>
 <node id="7872049134" visible="true" version="1" changeset="90354703" timestamp="2020-09-03T10:14:21Z" user="TheSwavu" uid="2622285" lat="-26.7939685" lon="116.6937977"/>
 <node id="7872049135" visible="true" version="1" changeset="90354703" timestamp="2020-09-03T10:14:21Z" user="TheSwavu" uid="2622285" lat="-26.7666153" lon="116.7047690"/>
 <node id="7872049136" visible="true" version="1" changeset="90354703" timestamp="2020-09-03T10:14:21Z" user="TheSwavu" uid="2622285" lat="-26.7140723" lon="116.7843283"/>
 <node id="7872049137" visible="true" version="1" changeset="90354703" timestamp="2020-09-03T10:14:21Z" user="TheSwavu" uid="2622285" lat="-26.7066876" lon="116.8732703"/>
 <node id="7872049138" visible="true" version="1" changeset="90354703" timestamp="2020-09-03T10:14:21Z" user="TheSwavu" uid="2622285" lat="-26.7854493" lon="116.6980129"/>
 <node id="7872049139" visible="true" version="1" changeset="90354703" timestamp="2020-09-03T10:14:21Z" user="TheSwavu" uid="2622285" lat="-26.7151518" lon="116.7873055"/>
 <node id="7872049141" visible="true" version="1" changeset="90354703" timestamp="2020-09-03T10:14:21Z" user="TheSwavu" uid="2622285" lat="-26.7093292" lon="116.8085426"/>
 <node id="7872049143" visible="true" version="1" changeset="90354703" timestamp="2020-09-03T10:14:21Z" user="TheSwavu" uid="2622285" lat="-26.7137707" lon="116.8161883"/>
 <node id="7872049144" visible="true" version="1" changeset="90354703" timestamp="2020-09-03T10:14:21Z" user="TheSwavu" uid="2622285" lat="-26.7141931" lon="116.7852326"/>
 <node id="7872049147" visible="true" version="1" changeset="90354703" timestamp="2020-09-03T10:14:21Z" user="TheSwavu" uid="2622285" lat="-26.8296087" lon="116.6717344"/>
 <node id="7872049148" visible="true" version="1" changeset="90354703" timestamp="2020-09-03T10:14:21Z" user="TheSwavu" uid="2622285" lat="-26.7221648" lon="116.7528535"/>
 <node id="7872049149" visible="true" version="1" changeset="90354703" timestamp="2020-09-03T10:14:21Z" user="TheSwavu" uid="2622285" lat="-26.7167731" lon="116.7626545"/>
 <node id="7872049150" visible="true" version="1" changeset="90354703" timestamp="2020-09-03T10:14:21Z" user="TheSwavu" uid="2622285" lat="-26.7094342" lon="116.8614058"/>
 <node id="7872049151" visible="true" version="1" changeset="90354703" timestamp="2020-09-03T10:14:21Z" user="TheSwavu" uid="2622285" lat="-26.7074114" lon="116.8691432"/>
 <node id="7872049152" visible="true" version="1" changeset="90354703" timestamp="2020-09-03T10:14:21Z" user="TheSwavu" uid="2622285" lat="-26.7742405" lon="116.7013163"/>
 <node id="7872049153" visible="true" version="1" changeset="90354703" timestamp="2020-09-03T10:14:21Z" user="TheSwavu" uid="2622285" lat="-26.7055105" lon="116.8513092"/>
 <node id="7872049155" visible="true" version="1" changeset="90354703" timestamp="2020-09-03T10:14:21Z" user="TheSwavu" uid="2622285" lat="-26.7140709" lon="116.7833707"/>
 <node id="7872049156" visible="true" version="1" changeset="90354703" timestamp="2020-09-03T10:14:21Z" user="TheSwavu" uid="2622285" lat="-26.7124562" lon="116.8350581"/>
 <node id="7872049157" visible="true" version="1" changeset="90354703" timestamp="2020-09-03T10:14:21Z" user="TheSwavu" uid="2622285" lat="-26.7216719" lon="116.7551957"/>
 <node id="7872049158" visible="true" version="1" changeset="90354703" timestamp="2020-09-03T10:14:21Z" user="TheSwavu" uid="2622285" lat="-26.7126289" lon="116.8296394"/>
 <node id="7872049159" visible="true" version="1" changeset="90354703" timestamp="2020-09-03T10:14:21Z" user="TheSwavu" uid="2622285" lat="-26.8236999" lon="116.6733090"/>
 <node id="7872049160" visible="true" version="1" changeset="90354703" timestamp="2020-09-03T10:14:21Z" user="TheSwavu" uid="2622285" lat="-26.7236302" lon="116.7493813"/>
 <node id="7872049161" visible="true" version="1" changeset="90354703" timestamp="2020-09-03T10:14:21Z" user="TheSwavu" uid="2622285" lat="-26.7228119" lon="116.7513199"/>
 <node id="7872049162" visible="true" version="1" changeset="90354703" timestamp="2020-09-03T10:14:21Z" user="TheSwavu" uid="2622285" lat="-26.7104741" lon="116.7986218"/>
 <node id="7872049164" visible="true" version="1" changeset="90354703" timestamp="2020-09-03T10:14:21Z" user="TheSwavu" uid="2622285" lat="-26.7146643" lon="116.7887430"/>
 <node id="7872049167" visible="true" version="1" changeset="90354703" timestamp="2020-09-03T10:14:21Z" user="TheSwavu" uid="2622285" lat="-26.7142987" lon="116.7808244"/>
 <node id="7872049171" visible="true" version="1" changeset="90354703" timestamp="2020-09-03T10:14:21Z" user="TheSwavu" uid="2622285" lat="-26.7062733" lon="116.8497414"/>
 <node id="7872049172" visible="true" version="1" changeset="90354703" timestamp="2020-09-03T10:14:21Z" user="TheSwavu" uid="2622285" lat="-26.7088886" lon="116.8676392"/>
 <node id="7872049173" visible="true" version="1" changeset="90354703" timestamp="2020-09-03T10:14:21Z" user="TheSwavu" uid="2622285" lat="-26.7116332" lon="116.8361500"/>
 <node id="7872049175" visible="true" version="1" changeset="90354703" timestamp="2020-09-03T10:14:21Z" user="TheSwavu" uid="2622285" lat="-26.7072254" lon="116.8587691"/>
 <node id="7872049177" visible="true" version="1" changeset="90354703" timestamp="2020-09-03T10:14:21Z" user="TheSwavu" uid="2622285" lat="-26.7158054" lon="116.7787998"/>
 <node id="7872049178" visible="true" version="1" changeset="90354703" timestamp="2020-09-03T10:14:21Z" user="TheSwavu" uid="2622285" lat="-26.7369616" lon="116.7189264"/>
 <node id="7872049180" visible="true" version="1" changeset="90354703" timestamp="2020-09-03T10:14:21Z" user="TheSwavu" uid="2622285" lat="-26.7124269" lon="116.8207286"/>
 <node id="7872049184" visible="true" version="1" changeset="90354703" timestamp="2020-09-03T10:14:21Z" user="TheSwavu" uid="2622285" lat="-26.7833010" lon="116.6987772"/>
 <node id="7872049187" visible="true" version="1" changeset="90354703" timestamp="2020-09-03T10:14:21Z" user="TheSwavu" uid="2622285" lat="-26.7300113" lon="116.7320462"/>
 <node id="7872049188" visible="true" version="1" changeset="90354703" timestamp="2020-09-03T10:14:21Z" user="TheSwavu" uid="2622285" lat="-26.7142252" lon="116.8165336"/>
 <node id="7872049189" visible="true" version="1" changeset="90354703" timestamp="2020-09-03T10:14:21Z" user="TheSwavu" uid="2622285" lat="-26.7125375" lon="116.8232422"/>
 <node id="7872049191" visible="true" version="1" changeset="90354703" timestamp="2020-09-03T10:14:21Z" user="TheSwavu" uid="2622285" lat="-26.7077018" lon="116.8063110"/>
 <node id="7872049192" visible="true" version="1" changeset="90354703" timestamp="2020-09-03T10:14:21Z" user="TheSwavu" uid="2622285" lat="-26.7363620" lon="116.7214658"/>
 <node id="7872049193" visible="true" version="1" changeset="90354703" timestamp="2020-09-03T10:14:21Z" user="TheSwavu" uid="2622285" lat="-26.7071278" lon="116.8560284"/>
 <node id="7872049195" visible="true" version="1" changeset="90354703" timestamp="2020-09-03T10:14:21Z" user="TheSwavu" uid="2622285" lat="-26.7102817" lon="116.8640964"/>
 <node id="7872049196" visible="true" version="1" changeset="90354703" timestamp="2020-09-03T10:14:21Z" user="TheSwavu" uid="2622285" lat="-26.7071996" lon="116.8447529"/>
 <node id="7872049199" visible="true" version="1" changeset="90354703" timestamp="2020-09-03T10:14:21Z" user="TheSwavu" uid="2622285" lat="-26.8114838" lon="116.6745820"/>
 <node id="7872049200" visible="true" version="1" changeset="90354703" timestamp="2020-09-03T10:14:21Z" user="TheSwavu" uid="2622285" lat="-26.7067451" lon="116.8719271"/>
 <node id="7872049205" visible="true" version="1" changeset="90354703" timestamp="2020-09-03T10:14:21Z" user="TheSwavu" uid="2622285" lat="-26.7066059" lon="116.8480652"/>
 <node id="7872049208" visible="true" version="1" changeset="90354703" timestamp="2020-09-03T10:14:21Z" user="TheSwavu" uid="2622285" lat="-26.7977948" lon="116.6901937"/>
 <node id="7872049210" visible="true" version="1" changeset="90354703" timestamp="2020-09-03T10:14:21Z" user="TheSwavu" uid="2622285" lat="-26.7124155" lon="116.8212208"/>
 <node id="7872049211" visible="true" version="1" changeset="90354703" timestamp="2020-09-03T10:14:21Z" user="TheSwavu" uid="2622285" lat="-26.7364112" lon="116.7228641"/>
 <node id="7872049214" visible="true" version="1" changeset="90354703" timestamp="2020-09-03T10:14:21Z" user="TheSwavu" uid="2622285" lat="-26.7061943" lon="116.8542209"/>
 <node id="7872049215" visible="true" version="1" changeset="90354703" timestamp="2020-09-03T10:14:21Z" user="TheSwavu" uid="2622285" lat="-26.7154431" lon="116.7793967"/>
 <node id="7872049216" visible="true" version="1" changeset="90354703" timestamp="2020-09-03T10:14:21Z" user="TheSwavu" uid="2622285" lat="-26.7129701" lon="116.8253028"/>
 <node id="7872049218" visible="true" version="1" changeset="90354703" timestamp="2020-09-03T10:14:21Z" user="TheSwavu" uid="2622285" lat="-26.7079020" lon="116.8426904"/>
 <node id="7872049220" visible="true" version="1" changeset="90354703" timestamp="2020-09-03T10:14:21Z" user="TheSwavu" uid="2622285" lat="-26.7086531" lon="116.8413541"/>
 <node id="7872049221" visible="true" version="1" changeset="90354703" timestamp="2020-09-03T10:14:21Z" user="TheSwavu" uid="2622285" lat="-26.7167359" lon="116.7632928"/>
 <node id="7872049226" visible="true" version="1" changeset="90354703" timestamp="2020-09-03T10:14:21Z" user="TheSwavu" uid="2622285" lat="-26.7056788" lon="116.8523730"/>
 <node id="7872049233" visible="true" version="1" changeset="90354703" timestamp="2020-09-03T10:14:21Z" user="TheSwavu" uid="2622285" lat="-26.7105262" lon="116.8394098"/>
 <node id="7872049236" visible="true" version="1" changeset="90354703" timestamp="2020-09-03T10:14:21Z" user="TheSwavu" uid="2622285" lat="-26.7107838" lon="116.7980360"/>
 <node id="7872049237" visible="true" version="1" changeset="90354703" timestamp="2020-09-03T10:14:21Z" user="TheSwavu" uid="2622285" lat="-26.7131345" lon="116.8137288"/>
 <node id="7872049238" visible="true" version="1" changeset="90354703" timestamp="2020-09-03T10:14:21Z" user="TheSwavu" uid="2622285" lat="-26.7072476" lon="116.8563474"/>
 <node id="7872049239" visible="true" version="1" changeset="90354703" timestamp="2020-09-03T10:14:21Z" user="TheSwavu" uid="2622285" lat="-26.7071783" lon="116.8472002"/>
 <node id="7872049240" visible="true" version="1" changeset="90354703" timestamp="2020-09-03T10:14:21Z" user="TheSwavu" uid="2622285" lat="-26.7129832" lon="116.8263403"/>
 <node id="7872049242" visible="true" version="1" changeset="90354703" timestamp="2020-09-03T10:14:21Z" user="TheSwavu" uid="2622285" lat="-26.7067447" lon="116.8715876"/>
 <node id="7872049243" visible="true" version="1" changeset="90354703" timestamp="2020-09-03T10:14:21Z" user="TheSwavu" uid="2622285" lat="-26.8230918" lon="116.6737500"/>
 <node id="7872049244" visible="true" version="1" changeset="90354703" timestamp="2020-09-03T10:14:21Z" user="TheSwavu" uid="2622285" lat="-26.8156777" lon="116.6751691"/>
 <node id="7872049246" visible="true" version="1" changeset="90354703" timestamp="2020-09-03T10:14:21Z" user="TheSwavu" uid="2622285" lat="-26.7143095" lon="116.8170919"/>
 <node id="7872049247" visible="true" version="1" changeset="90354703" timestamp="2020-09-03T10:14:21Z" user="TheSwavu" uid="2622285" lat="-26.8092337" lon="116.6777831"/>
 <node id="7872049249" visible="true" version="1" changeset="90354703" timestamp="2020-09-03T10:14:21Z" user="TheSwavu" uid="2622285" lat="-26.7126322" lon="116.8132241"/>
 <node id="7872049250" visible="true" version="1" changeset="90354703" timestamp="2020-09-03T10:14:21Z" user="TheSwavu" uid="2622285" lat="-26.7077900" lon="116.8600360"/>
 <node id="7872049254" visible="true" version="1" changeset="90354703" timestamp="2020-09-03T10:14:21Z" user="TheSwavu" uid="2622285" lat="-26.7112638" lon="116.8368286"/>
 <node id="7872049258" visible="true" version="1" changeset="90354703" timestamp="2020-09-03T10:14:21Z" user="TheSwavu" uid="2622285" lat="-26.7305669" lon="116.7307502"/>
 <node id="7872049259" visible="true" version="1" changeset="90354703" timestamp="2020-09-03T10:14:21Z" user="TheSwavu" uid="2622285" lat="-26.7100123" lon="116.8646846"/>
 <node id="7872049260" visible="true" version="1" changeset="90354703" timestamp="2020-09-03T10:14:21Z" user="TheSwavu" uid="2622285" lat="-26.7090232" lon="116.8031304"/>
 <node id="7872049264" visible="true" version="1" changeset="90354703" timestamp="2020-09-03T10:14:21Z" user="TheSwavu" uid="2622285" lat="-26.8133112" lon="116.6745370"/>
 <node id="7872049265" visible="true" version="1" changeset="90354703" timestamp="2020-09-03T10:14:21Z" user="TheSwavu" uid="2622285" lat="-26.8306124" lon="116.6719313"/>
 <node id="7872049266" visible="true" version="1" changeset="90354703" timestamp="2020-09-03T10:14:21Z" user="TheSwavu" uid="2622285" lat="-26.7540551" lon="116.7131837"/>
 <node id="7872049268" visible="true" version="1" changeset="90354703" timestamp="2020-09-03T10:14:21Z" user="TheSwavu" uid="2622285" lat="-26.7300127" lon="116.7327716"/>
 <node id="7872049269" visible="true" version="1" changeset="90354703" timestamp="2020-09-03T10:14:21Z" user="TheSwavu" uid="2622285" lat="-26.8126302" lon="116.6744588"/>
 <node id="7872049271" visible="true" version="1" changeset="90354703" timestamp="2020-09-03T10:14:21Z" user="TheSwavu" uid="2622285" lat="-26.7072257" lon="116.8589912"/>
 <node id="7872049272" visible="true" version="1" changeset="90354703" timestamp="2020-09-03T10:14:21Z" user="TheSwavu" uid="2622285" lat="-26.8025535" lon="116.6869465"/>
 <node id="7872049274" visible="true" version="1" changeset="90354703" timestamp="2020-09-03T10:14:21Z" user="TheSwavu" uid="2622285" lat="-26.7312792" lon="116.7386209"/>
 <node id="7872049275" visible="true" version="1" changeset="90354703" timestamp="2020-09-03T10:14:21Z" user="TheSwavu" uid="2622285" lat="-26.8055560" lon="116.6835838"/>
 <node id="7872049278" visible="true" version="1" changeset="90354703" timestamp="2020-09-03T10:14:21Z" user="TheSwavu" uid="2622285" lat="-26.7113961" lon="116.8376796"/>
 <node id="7872049279" visible="true" version="1" changeset="90354703" timestamp="2020-09-03T10:14:21Z" user="TheSwavu" uid="2622285" lat="-26.7061054" lon="116.8490768"/>
 <node id="7872049282" visible="true" version="1" changeset="90354703" timestamp="2020-09-03T10:14:21Z" user="TheSwavu" uid="2622285" lat="-26.8200495" lon="116.6752764"/>
 <node id="7872049284" visible="true" version="1" changeset="90354703" timestamp="2020-09-03T10:14:21Z" user="TheSwavu" uid="2622285" lat="-26.7175766" lon="116.7749021"/>
 <node id="7872049288" visible="true" version="1" changeset="90354703" timestamp="2020-09-03T10:14:21Z" user="TheSwavu" uid="2622285" lat="-26.7105139" lon="116.8101634"/>
 <node id="7872049289" visible="true" version="1" changeset="90354703" timestamp="2020-09-03T10:14:21Z" user="TheSwavu" uid="2622285" lat="-26.7146005" lon="116.7860030"/>
 <node id="7872049290" visible="true" version="1" changeset="90354703" timestamp="2020-09-03T10:14:21Z" user="TheSwavu" uid="2622285" lat="-26.7085157" lon="116.8075732"/>
 <node id="7872049292" visible="true" version="1" changeset="90354703" timestamp="2020-09-03T10:14:21Z" user="TheSwavu" uid="2622285" lat="-26.7234766" lon="116.7489562"/>
 <node id="7872049293" visible="true" version="1" changeset="90354703" timestamp="2020-09-03T10:14:21Z" user="TheSwavu" uid="2622285" lat="-26.7123343" lon="116.8330234"/>
 <node id="7872049294" visible="true" version="1" changeset="90354703" timestamp="2020-09-03T10:14:21Z" user="TheSwavu" uid="2622285" lat="-26.7140218" lon="116.8163341"/>
 <node id="7872049298" visible="true" version="1" changeset="90354703" timestamp="2020-09-03T10:14:21Z" user="TheSwavu" uid="2622285" lat="-26.7166942" lon="116.7728821"/>
 <node id="7872049299" visible="true" version="1" changeset="90354703" timestamp="2020-09-03T10:14:21Z" user="TheSwavu" uid="2622285" lat="-26.7099188" lon="116.8650637"/>
 <node id="7872049300" visible="true" version="1" changeset="90354703" timestamp="2020-09-03T10:14:21Z" user="TheSwavu" uid="2622285" lat="-26.8051288" lon="116.6848628"/>
 <node id="7872049301" visible="true" version="1" changeset="90354703" timestamp="2020-09-03T10:14:21Z" user="TheSwavu" uid="2622285" lat="-26.7095436" lon="116.8654039"/>
 <node id="7872049304" visible="true" version="1" changeset="90354703" timestamp="2020-09-03T10:14:21Z" user="TheSwavu" uid="2622285" lat="-26.7304801" lon="116.7340133"/>
 <node id="7872049308" visible="true" version="1" changeset="90354703" timestamp="2020-09-03T10:14:21Z" user="TheSwavu" uid="2622285" lat="-26.7077593" lon="116.8046885"/>
 <node id="7872049309" visible="true" version="1" changeset="90354703" timestamp="2020-09-03T10:14:21Z" user="TheSwavu" uid="2622285" lat="-26.7283559" lon="116.7421493"/>
 <node id="7872049310" visible="true" version="1" changeset="90354703" timestamp="2020-09-03T10:14:21Z" user="TheSwavu" uid="2622285" lat="-26.7167907" lon="116.7734354"/>
 <node id="7872049313" visible="true" version="1" changeset="90354703" timestamp="2020-09-03T10:14:21Z" user="TheSwavu" uid="2622285" lat="-26.7073201" lon="116.8457238"/>
 <node id="7872049314" visible="true" version="1" changeset="90354703" timestamp="2020-09-03T10:14:21Z" user="TheSwavu" uid="2622285" lat="-26.7382595" lon="116.7167995"/>
 <node id="7872049315" visible="true" version="1" changeset="90354703" timestamp="2020-09-03T10:14:21Z" user="TheSwavu" uid="2622285" lat="-26.7097379" lon="116.8017059"/>
 <node id="7872049320" visible="true" version="1" changeset="90354703" timestamp="2020-09-03T10:14:21Z" user="TheSwavu" uid="2622285" lat="-26.7066622" lon="116.8711693"/>
 <node id="7872049321" visible="true" version="1" changeset="90354703" timestamp="2020-09-03T10:14:21Z" user="TheSwavu" uid="2622285" lat="-26.7101633" lon="116.8629728"/>
 <node id="7872049325" visible="true" version="1" changeset="90354703" timestamp="2020-09-03T10:14:21Z" user="TheSwavu" uid="2622285" lat="-26.7077011" lon="116.8057793"/>
 <node id="7872049326" visible="true" version="1" changeset="90354703" timestamp="2020-09-03T10:14:21Z" user="TheSwavu" uid="2622285" lat="-26.7105345" lon="116.7991139"/>
 <node id="7872049329" visible="true" version="1" changeset="90354703" timestamp="2020-09-03T10:14:21Z" user="TheSwavu" uid="2622285" lat="-26.7068326" lon="116.8478521"/>
 <node id="7872049330" visible="true" version="1" changeset="90354703" timestamp="2020-09-03T10:14:21Z" user="TheSwavu" uid="2622285" lat="-26.7319066" lon="116.7260861"/>
 <node id="7872049332" visible="true" version="1" changeset="90354703" timestamp="2020-09-03T10:14:21Z" user="TheSwavu" uid="2622285" lat="-26.7144664" lon="116.7922811"/>
 <node id="7872049333" visible="true" version="1" changeset="90354703" timestamp="2020-09-03T10:14:21Z" user="TheSwavu" uid="2622285" lat="-26.7058589" lon="116.8533169"/>
 <node id="7872049334" visible="true" version="1" changeset="90354703" timestamp="2020-09-03T10:14:21Z" user="TheSwavu" uid="2622285" lat="-26.7170298" lon="116.7676675"/>
 <node id="7872049335" visible="true" version="1" changeset="90354703" timestamp="2020-09-03T10:14:21Z" user="TheSwavu" uid="2622285" lat="-26.8300749" lon="116.6718928"/>
 <node id="7872049336" visible="true" version="1" changeset="90354703" timestamp="2020-09-03T10:14:21Z" user="TheSwavu" uid="2622285" lat="-26.7171045" lon="116.7666034"/>
 <node id="7872049337" visible="true" version="1" changeset="90354703" timestamp="2020-09-03T10:14:21Z" user="TheSwavu" uid="2622285" lat="-26.8029106" lon="116.6864263"/>
 <node id="7872049338" visible="true" version="1" changeset="90354703" timestamp="2020-09-03T10:14:21Z" user="TheSwavu" uid="2622285" lat="-26.7445803" lon="116.7149192"/>
 <node id="7872049339" visible="true" version="1" changeset="90354703" timestamp="2020-09-03T10:14:21Z" user="TheSwavu" uid="2622285" lat="-26.7609264" lon="116.7089353"/>
 <node id="7872049341" visible="true" version="1" changeset="90354703" timestamp="2020-09-03T10:14:21Z" user="TheSwavu" uid="2622285" lat="-26.8085237" lon="116.6807405"/>
 <node id="7872049343" visible="true" version="1" changeset="90354703" timestamp="2020-09-03T10:14:21Z" user="TheSwavu" uid="2622285" lat="-26.7061296" lon="116.8494091"/>
 <node id="7872049344" visible="true" version="1" changeset="90354703" timestamp="2020-09-03T10:14:21Z" user="TheSwavu" uid="2622285" lat="-26.7459301" lon="116.7154859"/>
 <node id="7872049345" visible="true" version="1" changeset="90354703" timestamp="2020-09-03T10:14:21Z" user="TheSwavu" uid="2622285" lat="-26.7313050" lon="116.7276413"/>
 <node id="7872049348" visible="true" version="1" changeset="90354703" timestamp="2020-09-03T10:14:21Z" user="TheSwavu" uid="2622285" lat="-26.7092851" lon="116.8024781"/>
 <node id="7872049350" visible="true" version="1" changeset="90354703" timestamp="2020-09-03T10:14:21Z" user="TheSwavu" uid="2622285" lat="-26.7137373" lon="116.8275362"/>
 <node id="7872049354" visible="true" version="1" changeset="90354703" timestamp="2020-09-03T10:14:21Z" user="TheSwavu" uid="2622285" lat="-26.7141409" lon="116.7822799"/>
 <node id="7872049356" visible="true" version="1" changeset="90354703" timestamp="2020-09-03T10:14:21Z" user="TheSwavu" uid="2622285" lat="-26.7123578" lon="116.8326374"/>
 <node id="7872049357" visible="true" version="1" changeset="90354703" timestamp="2020-09-03T10:14:21Z" user="TheSwavu" uid="2622285" lat="-26.7066501" lon="116.8708036"/>
 <node id="7872049359" visible="true" version="1" changeset="90354703" timestamp="2020-09-03T10:14:21Z" user="TheSwavu" uid="2622285" lat="-26.8225192" lon="116.6740715"/>
 <node id="7872049361" visible="true" version="1" changeset="90354703" timestamp="2020-09-03T10:14:21Z" user="TheSwavu" uid="2622285" lat="-26.7244073" lon="116.7445404"/>
 <node id="7872049362" visible="true" version="1" changeset="90354703" timestamp="2020-09-03T10:14:21Z" user="TheSwavu" uid="2622285" lat="-26.7077591" lon="116.8430364"/>
 <node id="7872049364" visible="true" version="1" changeset="90354703" timestamp="2020-09-03T10:14:21Z" user="TheSwavu" uid="2622285" lat="-26.8069142" lon="116.6820628"/>
 <node id="7872049367" visible="true" version="1" changeset="90354703" timestamp="2020-09-03T10:14:21Z" user="TheSwavu" uid="2622285" lat="-26.7607460" lon="116.7082970"/>
 <node id="7872049368" visible="true" version="1" changeset="90354703" timestamp="2020-09-03T10:14:21Z" user="TheSwavu" uid="2622285" lat="-26.7530887" lon="116.7137050"/>
 <node id="7872049371" visible="true" version="1" changeset="90354703" timestamp="2020-09-03T10:14:21Z" user="TheSwavu" uid="2622285" lat="-26.7149898" lon="116.7908040"/>
 <node id="7872049372" visible="true" version="1" changeset="90354703" timestamp="2020-09-03T10:14:21Z" user="TheSwavu" uid="2622285" lat="-26.7581726" lon="116.7115367"/>
 <node id="7872049373" visible="true" version="1" changeset="90354703" timestamp="2020-09-03T10:14:21Z" user="TheSwavu" uid="2622285" lat="-26.7138700" lon="116.7928301"/>
 <node id="7872049374" visible="true" version="1" changeset="90354703" timestamp="2020-09-03T10:14:21Z" user="TheSwavu" uid="2622285" lat="-26.7113152" lon="116.8108668"/>
 <node id="7872049375" visible="true" version="1" changeset="90354703" timestamp="2020-09-03T10:14:21Z" user="TheSwavu" uid="2622285" lat="-26.7109316" lon="116.8388507"/>
 <node id="7872049376" visible="true" version="1" changeset="90354703" timestamp="2020-09-03T10:14:21Z" user="TheSwavu" uid="2622285" lat="-26.7069843" lon="116.8557890"/>
 <node id="7872049388" visible="true" version="1" changeset="90354703" timestamp="2020-09-03T10:14:21Z" user="TheSwavu" uid="2622285" lat="-26.7091780" lon="116.8028240"/>
 <node id="7872049389" visible="true" version="1" changeset="90354703" timestamp="2020-09-03T10:14:21Z" user="TheSwavu" uid="2622285" lat="-26.7067809" lon="116.8554704"/>
 <node id="7872049390" visible="true" version="1" changeset="90354703" timestamp="2020-09-03T10:14:21Z" user="TheSwavu" uid="2622285" lat="-26.7123349" lon="116.8334489"/>
 <node id="7872049391" visible="true" version="1" changeset="90354703" timestamp="2020-09-03T10:14:21Z" user="TheSwavu" uid="2622285" lat="-26.7312774" lon="116.7376367"/>
 <node id="7872049392" visible="true" version="1" changeset="90354703" timestamp="2020-09-03T10:14:21Z" user="TheSwavu" uid="2622285" lat="-26.8207647" lon="116.6746756"/>
 <node id="7872049393" visible="true" version="1" changeset="90354703" timestamp="2020-09-03T10:14:21Z" user="TheSwavu" uid="2622285" lat="-26.7091137" lon="116.8081308"/>
 <node id="7872049394" visible="true" version="1" changeset="90354703" timestamp="2020-09-03T10:14:21Z" user="TheSwavu" uid="2622285" lat="-26.7090174" lon="116.8673382"/>
 <node id="7872049397" visible="true" version="1" changeset="90354703" timestamp="2020-09-03T10:14:21Z" user="TheSwavu" uid="2622285" lat="-26.7911080" lon="116.6966402"/>
 <node id="7872049398" visible="true" version="1" changeset="90354703" timestamp="2020-09-03T10:14:21Z" user="TheSwavu" uid="2622285" lat="-26.7366428" lon="116.7223457"/>
 <node id="7872049400" visible="true" version="1" changeset="90354703" timestamp="2020-09-03T10:14:21Z" user="TheSwavu" uid="2622285" lat="-26.8280318" lon="116.6716192"/>
 <node id="7872049401" visible="true" version="1" changeset="90354703" timestamp="2020-09-03T10:14:21Z" user="TheSwavu" uid="2622285" lat="-26.7062862" lon="116.8506457"/>
 <node id="7872049403" visible="true" version="1" changeset="90354703" timestamp="2020-09-03T10:14:21Z" user="TheSwavu" uid="2622285" lat="-26.7163774" lon="116.7779689"/>
 <node id="7872049404" visible="true" version="1" changeset="90354703" timestamp="2020-09-03T10:14:21Z" user="TheSwavu" uid="2622285" lat="-26.7134275" lon="116.8282148"/>
 <node id="7872049405" visible="true" version="1" changeset="90354703" timestamp="2020-09-03T10:14:21Z" user="TheSwavu" uid="2622285" lat="-26.7212719" lon="116.7559412"/>
 <node id="7872049406" visible="true" version="1" changeset="90354703" timestamp="2020-09-03T10:14:21Z" user="TheSwavu" uid="2622285" lat="-26.7129705" lon="116.8256354"/>
 <node id="7872049407" visible="true" version="1" changeset="90354703" timestamp="2020-09-03T10:14:21Z" user="TheSwavu" uid="2622285" lat="-26.7060146" lon="116.8537291"/>
 <node id="7872049408" visible="true" version="1" changeset="90354703" timestamp="2020-09-03T10:14:21Z" user="TheSwavu" uid="2622285" lat="-26.7080852" lon="116.8071617"/>
 <node id="7872049411" visible="true" version="1" changeset="90354703" timestamp="2020-09-03T10:14:21Z" user="TheSwavu" uid="2622285" lat="-26.7073330" lon="116.8581694"/>
 <node id="7872049412" visible="true" version="1" changeset="90354703" timestamp="2020-09-03T10:14:21Z" user="TheSwavu" uid="2622285" lat="-26.7092748" lon="116.8665019"/>
 <node id="7872049416" visible="true" version="1" changeset="90354703" timestamp="2020-09-03T10:14:21Z" user="TheSwavu" uid="2622285" lat="-26.7103283" lon="116.8637173"/>
 <node id="7872049417" visible="true" version="1" changeset="90354703" timestamp="2020-09-03T10:14:21Z" user="TheSwavu" uid="2622285" lat="-26.7169732" lon="116.7681359"/>
 <node id="7872049418" visible="true" version="1" changeset="90354703" timestamp="2020-09-03T10:14:21Z" user="TheSwavu" uid="2622285" lat="-26.7215006" lon="116.7555791"/>
 <node id="7872049420" visible="true" version="1" changeset="90354703" timestamp="2020-09-03T10:14:21Z" user="TheSwavu" uid="2622285" lat="-26.7724865" lon="116.7021590"/>
 <node id="7872049424" visible="true" version="1" changeset="90354703" timestamp="2020-09-03T10:14:21Z" user="TheSwavu" uid="2622285" lat="-26.7116142" lon="116.8111912"/>
 <node id="7872049426" visible="true" version="1" changeset="90354703" timestamp="2020-09-03T10:14:21Z" user="TheSwavu" uid="2622285" lat="-26.7672964" lon="116.7049271"/>
 <node id="7872049427" visible="true" version="1" changeset="90354703" timestamp="2020-09-03T10:14:21Z" user="TheSwavu" uid="2622285" lat="-26.7130910" lon="116.8264732"/>
 <node id="7872049429" visible="true" version="1" changeset="90354703" timestamp="2020-09-03T10:14:21Z" user="TheSwavu" uid="2622285" lat="-26.7757074" lon="116.7002345"/>
 <node id="7872049431" visible="true" version="1" changeset="90354703" timestamp="2020-09-03T10:14:21Z" user="TheSwavu" uid="2622285" lat="-26.7494170" lon="116.7150107"/>
 <node id="7872049432" visible="true" version="1" changeset="90354703" timestamp="2020-09-03T10:14:21Z" user="TheSwavu" uid="2622285" lat="-26.7072356" lon="116.8693394"/>
 <node id="7872049435" visible="true" version="1" changeset="90354703" timestamp="2020-09-03T10:14:21Z" user="TheSwavu" uid="2622285" lat="-26.7095479" lon="116.8404887"/>
 <node id="7872049436" visible="true" version="1" changeset="90354703" timestamp="2020-09-03T10:14:21Z" user="TheSwavu" uid="2622285" lat="-26.7150621" lon="116.7911896"/>
 <node id="7872049441" visible="true" version="1" changeset="90354703" timestamp="2020-09-03T10:14:21Z" user="TheSwavu" uid="2622285" lat="-26.7395128" lon="116.7156572"/>
 <node id="7872049442" visible="true" version="1" changeset="90354703" timestamp="2020-09-03T10:14:21Z" user="TheSwavu" uid="2622285" lat="-26.7126675" lon="116.8319056"/>
 <node id="7872049444" visible="true" version="1" changeset="90354703" timestamp="2020-09-03T10:14:21Z" user="TheSwavu" uid="2622285" lat="-26.7168143" lon="116.7644844"/>
 <node id="7872049446" visible="true" version="1" changeset="90354703" timestamp="2020-09-03T10:14:21Z" user="TheSwavu" uid="2622285" lat="-26.7121429" lon="116.7961982"/>
 <node id="7872049447" visible="true" version="1" changeset="90354703" timestamp="2020-09-03T10:14:21Z" user="TheSwavu" uid="2622285" lat="-26.7989742" lon="116.6887930"/>
 <node id="7872049448" visible="true" version="1" changeset="90354703" timestamp="2020-09-03T10:14:21Z" user="TheSwavu" uid="2622285" lat="-26.7680856" lon="116.7052842"/>
 <node id="7872049449" visible="true" version="1" changeset="90354703" timestamp="2020-09-03T10:14:21Z" user="TheSwavu" uid="2622285" lat="-26.8265306" lon="116.6732611"/>
 <node id="7872049450" visible="true" version="1" changeset="90354703" timestamp="2020-09-03T10:14:21Z" user="TheSwavu" uid="2622285" lat="-26.8109829" lon="116.6749031"/>
 <node id="7872049452" visible="true" version="1" changeset="90354703" timestamp="2020-09-03T10:14:21Z" user="TheSwavu" uid="2622285" lat="-26.8064126" lon="116.6821038"/>
 <node id="7872049453" visible="true" version="1" changeset="90354703" timestamp="2020-09-03T10:14:21Z" user="TheSwavu" uid="2622285" lat="-26.7737755" lon="116.7016766"/>
 <node id="7872049454" visible="true" version="1" changeset="90354703" timestamp="2020-09-03T10:14:21Z" user="TheSwavu" uid="2622285" lat="-26.7098341" lon="116.8623331"/>
 <node id="7872049457" visible="true" version="1" changeset="90354703" timestamp="2020-09-03T10:14:21Z" user="TheSwavu" uid="2622285" lat="-26.7073794" lon="116.8567729"/>
 <node id="7872049459" visible="true" version="1" changeset="90354703" timestamp="2020-09-03T10:14:21Z" user="TheSwavu" uid="2622285" lat="-26.7168219" lon="116.7690938"/>
 <node id="7872049460" visible="true" version="1" changeset="90354703" timestamp="2020-09-03T10:14:21Z" user="TheSwavu" uid="2622285" lat="-26.7239423" lon="116.7445415"/>
 <node id="7872049461" visible="true" version="1" changeset="90354703" timestamp="2020-09-03T10:14:21Z" user="TheSwavu" uid="2622285" lat="-26.7410003" lon="116.7153426"/>
 <node id="7872049464" visible="true" version="1" changeset="90354703" timestamp="2020-09-03T10:14:21Z" user="TheSwavu" uid="2622285" lat="-26.7365493" lon="116.7220868"/>
 <node id="7872049465" visible="true" version="1" changeset="90354703" timestamp="2020-09-03T10:14:21Z" user="TheSwavu" uid="2622285" lat="-26.7142382" lon="116.8174379"/>
 <node id="7872049466" visible="true" version="1" changeset="90354703" timestamp="2020-09-03T10:14:21Z" user="TheSwavu" uid="2622285" lat="-26.8191553" lon="116.6759579"/>
 <node id="7872049467" visible="true" version="1" changeset="90354703" timestamp="2020-09-03T10:14:21Z" user="TheSwavu" uid="2622285" lat="-26.7123094" lon="116.7956658"/>
 <node id="7872049469" visible="true" version="1" changeset="90354703" timestamp="2020-09-03T10:14:21Z" user="TheSwavu" uid="2622285" lat="-26.7114793" lon="116.8372141"/>
 <node id="7872049472" visible="true" version="1" changeset="90354703" timestamp="2020-09-03T10:14:21Z" user="TheSwavu" uid="2622285" lat="-26.7147325" lon="116.7864685"/>
 <node id="7872049476" visible="true" version="1" changeset="90354703" timestamp="2020-09-03T10:14:21Z" user="TheSwavu" uid="2622285" lat="-26.7627109" lon="116.7054977"/>
 <node id="7872049478" visible="true" version="1" changeset="90354703" timestamp="2020-09-03T10:14:21Z" user="TheSwavu" uid="2622285" lat="-26.8047713" lon="116.6852232"/>
 <node id="7872049479" visible="true" version="1" changeset="90354703" timestamp="2020-09-03T10:14:21Z" user="TheSwavu" uid="2622285" lat="-26.7168252" lon="116.7710944"/>
 <node id="7872049481" visible="true" version="1" changeset="90354703" timestamp="2020-09-03T10:14:21Z" user="TheSwavu" uid="2622285" lat="-26.8171109" lon="116.6751652"/>
 <node id="7872049482" visible="true" version="1" changeset="90354703" timestamp="2020-09-03T10:14:21Z" user="TheSwavu" uid="2622285" lat="-26.7772464" lon="116.6993521"/>
 <node id="7872049485" visible="true" version="1" changeset="90354703" timestamp="2020-09-03T10:14:21Z" user="TheSwavu" uid="2622285" lat="-26.7435096" lon="116.7144041"/>
 <node id="7872049487" visible="true" version="1" changeset="90354703" timestamp="2020-09-03T10:14:21Z" user="TheSwavu" uid="2622285" lat="-26.7226881" lon="116.7453727"/>
 <node id="7872049490" visible="true" version="1" changeset="90354703" timestamp="2020-09-03T10:14:21Z" user="TheSwavu" uid="2622285" lat="-26.7174643" lon="116.7764771"/>
 <node id="7872049491" visible="true" version="1" changeset="90354703" timestamp="2020-09-03T10:14:21Z" user="TheSwavu" uid="2622285" lat="-26.7100371" lon="116.8399825"/>
 <node id="7872049492" visible="true" version="1" changeset="90354703" timestamp="2020-09-03T10:14:21Z" user="TheSwavu" uid="2622285" lat="-26.7135934" lon="116.8271107"/>
 <node id="7872049493" visible="true" version="1" changeset="90354703" timestamp="2020-09-03T10:14:21Z" user="TheSwavu" uid="2622285" lat="-26.8053758" lon="116.6831453"/>
 <node id="7872049494" visible="true" version="1" changeset="90354703" timestamp="2020-09-03T10:14:21Z" user="TheSwavu" uid="2622285" lat="-26.7192887" lon="116.7584994"/>
 <node id="7872049495" visible="true" version="1" changeset="90354703" timestamp="2020-09-03T10:14:21Z" user="TheSwavu" uid="2622285" lat="-26.7472322" lon="116.7154826"/>
 <node id="7872049496" visible="true" version="1" changeset="90354703" timestamp="2020-09-03T10:14:21Z" user="TheSwavu" uid="2622285" lat="-26.8092373" lon="116.6793808"/>
 <node id="7872049498" visible="true" version="1" changeset="90354703" timestamp="2020-09-03T10:14:21Z" user="TheSwavu" uid="2622285" lat="-26.7346474" lon="116.7245773"/>
 <node id="7872049499" visible="true" version="1" changeset="90354703" timestamp="2020-09-03T10:14:21Z" user="TheSwavu" uid="2622285" lat="-26.7306313" lon="116.7403831"/>
 <node id="7872049503" visible="true" version="1" changeset="90354703" timestamp="2020-09-03T10:14:21Z" user="TheSwavu" uid="2622285" lat="-26.7311344" lon="116.7357726"/>
 <node id="7872049505" visible="true" version="1" changeset="90354703" timestamp="2020-09-03T10:14:21Z" user="TheSwavu" uid="2622285" lat="-26.7068957" lon="116.8698496"/>
 <node id="7872049506" visible="true" version="1" changeset="90354703" timestamp="2020-09-03T10:14:21Z" user="TheSwavu" uid="2622285" lat="-26.7150271" lon="116.7918412"/>
 <node id="7872049507" visible="true" version="1" changeset="90354703" timestamp="2020-09-03T10:14:21Z" user="TheSwavu" uid="2622285" lat="-26.7099994" lon="116.8007479"/>
 <node id="7872049509" visible="true" version="1" changeset="90354703" timestamp="2020-09-03T10:14:21Z" user="TheSwavu" uid="2622285" lat="-26.7140727" lon="116.7925770"/>
 <node id="7872049514" visible="true" version="1" changeset="90354703" timestamp="2020-09-03T10:14:21Z" user="TheSwavu" uid="2622285" lat="-26.7136065" lon="116.8280417"/>
 <node id="7872049515" visible="true" version="1" changeset="90354703" timestamp="2020-09-03T10:14:21Z" user="TheSwavu" uid="2622285" lat="-26.7166934" lon="116.7723713"/>
 <node id="7872049516" visible="true" version="1" changeset="90354703" timestamp="2020-09-03T10:14:21Z" user="TheSwavu" uid="2622285" lat="-26.7124764" lon="116.8220851"/>
 <node id="7872049517" visible="true" version="1" changeset="90354703" timestamp="2020-09-03T10:14:21Z" user="TheSwavu" uid="2622285" lat="-26.7099656" lon="116.8649068"/>
 <node id="7872049520" visible="true" version="1" changeset="90354703" timestamp="2020-09-03T10:14:21Z" user="TheSwavu" uid="2622285" lat="-26.7559528" lon="116.7124205"/>
 <node id="7872049521" visible="true" version="1" changeset="90354703" timestamp="2020-09-03T10:14:21Z" user="TheSwavu" uid="2622285" lat="-26.7654331" lon="116.7049318"/>
 <node id="7872049524" visible="true" version="1" changeset="90354703" timestamp="2020-09-03T10:14:21Z" user="TheSwavu" uid="2622285" lat="-26.8274589" lon="116.6718204"/>
 <node id="7872049527" visible="true" version="1" changeset="90354703" timestamp="2020-09-03T10:14:21Z" user="TheSwavu" uid="2622285" lat="-26.7067694" lon="116.8728260"/>
 <node id="7872049528" visible="true" version="1" changeset="90354703" timestamp="2020-09-03T10:14:21Z" user="TheSwavu" uid="2622285" lat="-26.7307013" lon="116.7280571"/>
 <node id="7872049533" visible="true" version="1" changeset="90354703" timestamp="2020-09-03T10:14:21Z" user="TheSwavu" uid="2622285" lat="-26.7099518" lon="116.8626596"/>
 <node id="7872049536" visible="true" version="1" changeset="90354703" timestamp="2020-09-03T10:14:21Z" user="TheSwavu" uid="2622285" lat="-26.7130341" lon="116.8191954"/>
 <node id="7872049537" visible="true" version="1" changeset="90354703" timestamp="2020-09-03T10:14:21Z" user="TheSwavu" uid="2622285" lat="-26.7402565" lon="116.7154481"/>
 <node id="7872049540" visible="true" version="1" changeset="90354703" timestamp="2020-09-03T10:14:21Z" user="TheSwavu" uid="2622285" lat="-26.7973325" lon="116.6917925"/>
 <node id="7872049541" visible="true" version="1" changeset="90354703" timestamp="2020-09-03T10:14:21Z" user="TheSwavu" uid="2622285" lat="-26.7135436" lon="116.8160026"/>
 <node id="7872049543" visible="true" version="1" changeset="90354703" timestamp="2020-09-03T10:14:21Z" user="TheSwavu" uid="2622285" lat="-26.7130337" lon="116.8285216"/>
 <node id="7872049545" visible="true" version="1" changeset="90354703" timestamp="2020-09-03T10:14:21Z" user="TheSwavu" uid="2622285" lat="-26.8001542" lon="116.6876320"/>
 <node id="7872049546" visible="true" version="1" changeset="90354703" timestamp="2020-09-03T10:14:21Z" user="TheSwavu" uid="2622285" lat="-26.8187609" lon="116.6758794"/>
 <node id="7872049549" visible="true" version="1" changeset="90354703" timestamp="2020-09-03T10:14:21Z" user="TheSwavu" uid="2622285" lat="-26.7223926" lon="116.7519377"/>
 <node id="7872049553" visible="true" version="1" changeset="90354703" timestamp="2020-09-03T10:14:21Z" user="TheSwavu" uid="2622285" lat="-26.7609949" lon="116.7073783"/>
 <node id="7872049555" visible="true" version="1" changeset="90354703" timestamp="2020-09-03T10:14:21Z" user="TheSwavu" uid="2622285" lat="-26.7097633" lon="116.8619803"/>
 <node id="7872049556" visible="true" version="1" changeset="90354703" timestamp="2020-09-03T10:14:21Z" user="TheSwavu" uid="2622285" lat="-26.7171029" lon="116.7656670"/>
 <node id="7872049557" visible="true" version="1" changeset="90354703" timestamp="2020-09-03T10:14:21Z" user="TheSwavu" uid="2622285" lat="-26.7229592" lon="116.7481483"/>
 <node id="7872049558" visible="true" version="1" changeset="90354703" timestamp="2020-09-03T10:14:21Z" user="TheSwavu" uid="2622285" lat="-26.7079974" lon="116.8041827"/>
 <node id="7872049562" visible="true" version="1" changeset="90354703" timestamp="2020-09-03T10:14:21Z" user="TheSwavu" uid="2622285" lat="-26.7439747" lon="116.7144030"/>
 <node id="7872049563" visible="true" version="1" changeset="90354703" timestamp="2020-09-03T10:14:21Z" user="TheSwavu" uid="2622285" lat="-26.7074373" lon="116.8436621"/>
 <node id="7872049565" visible="true" version="1" changeset="90354703" timestamp="2020-09-03T10:14:21Z" user="TheSwavu" uid="2622285" lat="-26.7077023" lon="116.8067369"/>
 <node id="7872049568" visible="true" version="1" changeset="90354703" timestamp="2020-09-03T10:14:21Z" user="TheSwavu" uid="2622285" lat="-26.7795763" lon="116.6997452"/>
 <node id="7872049570" visible="true" version="1" changeset="90354703" timestamp="2020-09-03T10:14:21Z" user="TheSwavu" uid="2622285" lat="-26.7125865" lon="116.8242394"/>
 <node id="7872049571" visible="true" version="1" changeset="90354703" timestamp="2020-09-03T10:14:21Z" user="TheSwavu" uid="2622285" lat="-26.7056056" lon="116.8509128"/>
 <node id="7872049572" visible="true" version="1" changeset="90354703" timestamp="2020-09-03T10:14:21Z" user="TheSwavu" uid="2622285" lat="-26.7140680" lon="116.7815084"/>
 <node id="7872049573" visible="true" version="1" changeset="90354703" timestamp="2020-09-03T10:14:21Z" user="TheSwavu" uid="2622285" lat="-26.7126295" lon="116.8300782"/>
 <node id="7872049574" visible="true" version="1" changeset="90354703" timestamp="2020-09-03T10:14:21Z" user="TheSwavu" uid="2622285" lat="-26.7366858" lon="116.7205846"/>
 <node id="7872049576" visible="true" version="1" changeset="90354703" timestamp="2020-09-03T10:14:21Z" user="TheSwavu" uid="2622285" lat="-26.7150746" lon="116.7915618"/>
 <node id="7872049577" visible="true" version="1" changeset="90354703" timestamp="2020-09-03T10:14:21Z" user="TheSwavu" uid="2622285" lat="-26.7140715" lon="116.7837962"/>
 <node id="7872049578" visible="true" version="1" changeset="90354703" timestamp="2020-09-03T10:14:21Z" user="TheSwavu" uid="2622285" lat="-26.7073682" lon="116.8574911"/>
 <node id="7872049579" visible="true" version="1" changeset="90354703" timestamp="2020-09-03T10:14:21Z" user="TheSwavu" uid="2622285" lat="-26.7171052" lon="116.7670930"/>
 <node id="7872049580" visible="true" version="1" changeset="90354703" timestamp="2020-09-03T10:14:21Z" user="TheSwavu" uid="2622285" lat="-26.7084590" lon="116.8602440"/>
 <node id="7872049581" visible="true" version="1" changeset="90354703" timestamp="2020-09-03T10:14:21Z" user="TheSwavu" uid="2622285" lat="-26.7816189" lon="116.6997798"/>
 <node id="7872049582" visible="true" version="1" changeset="90354703" timestamp="2020-09-03T10:14:21Z" user="TheSwavu" uid="2622285" lat="-26.7099400" lon="116.8097256"/>
 <node id="7872049584" visible="true" version="1" changeset="90354703" timestamp="2020-09-03T10:14:21Z" user="TheSwavu" uid="2622285" lat="-26.7575276" lon="116.7115385"/>
 <node id="7872049589" visible="true" version="1" changeset="90354703" timestamp="2020-09-03T10:14:21Z" user="TheSwavu" uid="2622285" lat="-26.7317694" lon="116.7272777"/>
 <node id="7872049590" visible="true" version="1" changeset="90354703" timestamp="2020-09-03T10:14:21Z" user="TheSwavu" uid="2622285" lat="-26.7705598" lon="116.7061162"/>
 <node id="7872049591" visible="true" version="1" changeset="90354703" timestamp="2020-09-03T10:14:21Z" user="TheSwavu" uid="2622285" lat="-26.8254557" lon="116.6733040"/>
 <node id="7872049592" visible="true" version="1" changeset="90354703" timestamp="2020-09-03T10:14:21Z" user="TheSwavu" uid="2622285" lat="-26.7291453" lon="116.7415261"/>
 <node id="7872049593" visible="true" version="1" changeset="90354703" timestamp="2020-09-03T10:14:21Z" user="TheSwavu" uid="2622285" lat="-26.7073798" lon="116.8571318"/>
 <node id="7872049601" visible="true" version="1" changeset="90354703" timestamp="2020-09-03T10:14:21Z" user="TheSwavu" uid="2622285" lat="-26.7128318" lon="116.8197541"/>
 <node id="7872049602" visible="true" version="1" changeset="90354703" timestamp="2020-09-03T10:14:21Z" user="TheSwavu" uid="2622285" lat="-26.7224794" lon="116.7470215"/>
 <node id="7872049603" visible="true" version="1" changeset="90354703" timestamp="2020-09-03T10:14:21Z" user="TheSwavu" uid="2622285" lat="-26.7719503" lon="116.7027592"/>
 <node id="7872049610" visible="true" version="1" changeset="90354703" timestamp="2020-09-03T10:14:21Z" user="TheSwavu" uid="2622285" lat="-26.7363613" lon="116.7211033"/>
 <node id="7872049613" visible="true" version="1" changeset="90354703" timestamp="2020-09-03T10:14:21Z" user="TheSwavu" uid="2622285" lat="-26.7866675" lon="116.6979697"/>
 <node id="7872049614" visible="true" version="1" changeset="90354703" timestamp="2020-09-03T10:14:21Z" user="TheSwavu" uid="2622285" lat="-26.7089222" lon="116.8078252"/>
 <node id="7872049615" visible="true" version="1" changeset="90354703" timestamp="2020-09-03T10:14:21Z" user="TheSwavu" uid="2622285" lat="-26.7514771" lon="116.7141481"/>
 <node id="7872049616" visible="true" version="1" changeset="90354703" timestamp="2020-09-03T10:14:21Z" user="TheSwavu" uid="2622285" lat="-26.7133420" lon="116.8266190"/>
 <node id="7872049617" visible="true" version="1" changeset="90354703" timestamp="2020-09-03T10:14:21Z" user="TheSwavu" uid="2622285" lat="-26.7967957" lon="116.6921132"/>
 <node id="7872049618" visible="true" version="1" changeset="90354703" timestamp="2020-09-03T10:14:21Z" user="TheSwavu" uid="2622285" lat="-26.7152908" lon="116.7797797"/>
 <node id="7872049619" visible="true" version="1" changeset="90354703" timestamp="2020-09-03T10:14:21Z" user="TheSwavu" uid="2622285" lat="-26.7424881" lon="116.7151835"/>
 <node id="7872049624" visible="true" version="1" changeset="90354703" timestamp="2020-09-03T10:14:21Z" user="TheSwavu" uid="2622285" lat="-26.7308074" lon="116.7349964"/>
 <node id="7872049626" visible="true" version="1" changeset="90354703" timestamp="2020-09-03T10:14:21Z" user="TheSwavu" uid="2622285" lat="-26.7595700" lon="116.7115331"/>
 <node id="7872049628" visible="true" version="1" changeset="90354703" timestamp="2020-09-03T10:14:21Z" user="TheSwavu" uid="2622285" lat="-26.7995102" lon="116.6881129"/>
 <node id="7872049630" visible="true" version="1" changeset="90354703" timestamp="2020-09-03T10:14:21Z" user="TheSwavu" uid="2622285" lat="-26.7095326" lon="116.8088083"/>
 <node id="7872049632" visible="true" version="1" changeset="90354703" timestamp="2020-09-03T10:14:21Z" user="TheSwavu" uid="2622285" lat="-26.7227290" lon="116.7476594"/>
 <node id="7872049633" visible="true" version="1" changeset="90354703" timestamp="2020-09-03T10:14:21Z" user="TheSwavu" uid="2622285" lat="-26.7234028" lon="116.7504458"/>
 <node id="7872049635" visible="true" version="1" changeset="90354703" timestamp="2020-09-03T10:14:21Z" user="TheSwavu" uid="2622285" lat="-26.7146064" lon="116.7899666"/>
 <node id="7872049636" visible="true" version="1" changeset="90354703" timestamp="2020-09-03T10:14:21Z" user="TheSwavu" uid="2622285" lat="-26.7143090" lon="116.8167460"/>
 <node id="7872049637" visible="true" version="1" changeset="90354703" timestamp="2020-09-03T10:14:21Z" user="TheSwavu" uid="2622285" lat="-26.7301067" lon="116.7333408"/>
 <node id="7872049639" visible="true" version="1" changeset="90354703" timestamp="2020-09-03T10:14:21Z" user="TheSwavu" uid="2622285" lat="-26.7304702" lon="116.7288343"/>
 <node id="7872049641" visible="true" version="1" changeset="90354703" timestamp="2020-09-03T10:14:21Z" user="TheSwavu" uid="2622285" lat="-26.7148191" lon="116.7884500"/>
 <node id="7872049643" visible="true" version="1" changeset="90354703" timestamp="2020-09-03T10:14:21Z" user="TheSwavu" uid="2622285" lat="-26.8150325" lon="116.6751310"/>
 <node id="7872049644" visible="true" version="1" changeset="90354703" timestamp="2020-09-03T10:14:21Z" user="TheSwavu" uid="2622285" lat="-26.8009420" lon="116.6874300"/>
 <node id="7872049649" visible="true" version="1" changeset="90354703" timestamp="2020-09-03T10:14:21Z" user="TheSwavu" uid="2622285" lat="-26.7075317" lon="116.8599053"/>
 <node id="7872049650" visible="true" version="1" changeset="90354703" timestamp="2020-09-03T10:14:21Z" user="TheSwavu" uid="2622285" lat="-26.7113919" lon="116.7972368"/>
 <node id="7872049652" visible="true" version="1" changeset="90354703" timestamp="2020-09-03T10:14:21Z" user="TheSwavu" uid="2622285" lat="-26.7251974" lon="116.7442798"/>
 <node id="7872049653" visible="true" version="1" changeset="90354703" timestamp="2020-09-03T10:14:21Z" user="TheSwavu" uid="2622285" lat="-26.7084667" lon="116.8682537"/>
 <node id="7872049655" visible="true" version="1" changeset="90354703" timestamp="2020-09-03T10:14:21Z" user="TheSwavu" uid="2622285" lat="-26.7070474" lon="116.8475994"/>
 <node id="7872049656" visible="true" version="1" changeset="90354703" timestamp="2020-09-03T10:14:21Z" user="TheSwavu" uid="2622285" lat="-26.7123798" lon="116.8120145"/>
 <node id="7872049657" visible="true" version="1" changeset="90354703" timestamp="2020-09-03T10:14:21Z" user="TheSwavu" uid="2622285" lat="-26.7127477" lon="116.8290407"/>
 <node id="7872049658" visible="true" version="1" changeset="90354703" timestamp="2020-09-03T10:14:21Z" user="TheSwavu" uid="2622285" lat="-26.7105812" lon="116.7983424"/>
 <node id="7872049659" visible="true" version="1" changeset="90354703" timestamp="2020-09-03T10:14:21Z" user="TheSwavu" uid="2622285" lat="-26.7092752" lon="116.8669199"/>
 <node id="7872049661" visible="true" version="1" changeset="90354703" timestamp="2020-09-03T10:14:21Z" user="TheSwavu" uid="2622285" lat="-26.7129174" lon="116.8311204"/>
 <node id="7872049662" visible="true" version="1" changeset="90354703" timestamp="2020-09-03T10:14:21Z" user="TheSwavu" uid="2622285" lat="-26.7170395" lon="116.7619514"/>
 <node id="7872049667" visible="true" version="1" changeset="90354703" timestamp="2020-09-03T10:14:21Z" user="TheSwavu" uid="2622285" lat="-26.7146231" lon="116.7805260"/>
 <node id="7872049668" visible="true" version="1" changeset="90354703" timestamp="2020-09-03T10:14:21Z" user="TheSwavu" uid="2622285" lat="-26.7129709" lon="116.8259681"/>
 <node id="7872049671" visible="true" version="1" changeset="90354703" timestamp="2020-09-03T10:14:21Z" user="TheSwavu" uid="2622285" lat="-26.7169495" lon="116.7771593"/>
 <node id="7872049673" visible="true" version="1" changeset="90354703" timestamp="2020-09-03T10:14:21Z" user="TheSwavu" uid="2622285" lat="-26.7915371" lon="116.6962399"/>
 <node id="7872049674" visible="true" version="1" changeset="90354703" timestamp="2020-09-03T10:14:21Z" user="TheSwavu" uid="2622285" lat="-26.7960452" lon="116.6930734"/>
 <node id="7872049677" visible="true" version="1" changeset="90354703" timestamp="2020-09-03T10:14:21Z" user="TheSwavu" uid="2622285" lat="-26.7805085" lon="116.6999821"/>
 <node id="7872049679" visible="true" version="1" changeset="90354703" timestamp="2020-09-03T10:14:21Z" user="TheSwavu" uid="2622285" lat="-26.8056643" lon="116.6839830"/>
 <node id="7872049682" visible="true" version="1" changeset="90354703" timestamp="2020-09-03T10:14:21Z" user="TheSwavu" uid="2622285" lat="-26.7312339" lon="116.7392941"/>
 <node id="7872049685" visible="true" version="1" changeset="90354703" timestamp="2020-09-03T10:14:21Z" user="TheSwavu" uid="2622285" lat="-26.8073080" lon="116.6819018"/>
 <node id="7872049686" visible="true" version="1" changeset="90354703" timestamp="2020-09-03T10:14:21Z" user="TheSwavu" uid="2622285" lat="-26.7078335" lon="116.8687638"/>
 <node id="7872049687" visible="true" version="1" changeset="90354703" timestamp="2020-09-03T10:14:21Z" user="TheSwavu" uid="2622285" lat="-26.7092744" lon="116.8661228"/>
 <node id="7872049688" visible="true" version="1" changeset="90354703" timestamp="2020-09-03T10:14:21Z" user="TheSwavu" uid="2622285" lat="-26.7088442" lon="116.8032370"/>
 <node id="7872049689" visible="true" version="1" changeset="90354703" timestamp="2020-09-03T10:14:21Z" user="TheSwavu" uid="2622285" lat="-26.7086895" lon="116.8680442"/>
 <node id="7872049692" visible="true" version="1" changeset="90354703" timestamp="2020-09-03T10:14:21Z" user="TheSwavu" uid="2622285" lat="-26.7142517" lon="116.7924438"/>
 <node id="7872049693" visible="true" version="1" changeset="90354703" timestamp="2020-09-03T10:14:21Z" user="TheSwavu" uid="2622285" lat="-26.8142431" lon="116.6746140"/>
 <node id="7872049694" visible="true" version="1" changeset="90354703" timestamp="2020-09-03T10:14:21Z" user="TheSwavu" uid="2622285" lat="-26.8079520" lon="116.6814608"/>
 <node id="7872049697" visible="true" version="1" changeset="90354703" timestamp="2020-09-03T10:14:21Z" user="TheSwavu" uid="2622285" lat="-26.7151046" lon="116.7877048"/>
 <node id="7872049701" visible="true" version="1" changeset="90354703" timestamp="2020-09-03T10:14:21Z" user="TheSwavu" uid="2622285" lat="-26.7205859" lon="116.7571346"/>
 <node id="7872049702" visible="true" version="1" changeset="90354703" timestamp="2020-09-03T10:14:21Z" user="TheSwavu" uid="2622285" lat="-26.7178971" lon="116.7605240"/>
 <node id="7872049704" visible="true" version="1" changeset="90354703" timestamp="2020-09-03T10:14:21Z" user="TheSwavu" uid="2622285" lat="-26.7138926" lon="116.8180502"/>
 <node id="13641121249" visible="true" version="1" changeset="179758942" timestamp="2026-03-12T13:39:52Z" user="jotth" uid="611825" lat="-26.8564410" lon="116.7293415"/>
 <node id="13641121250" visible="true" version="1" changeset="179758942" timestamp="2026-03-12T13:39:52Z" user="jotth" uid="611825" lat="-26.8564387" lon="116.7301056"/>
 <node id="13641121251" visible="true" version="1" changeset="179758942" timestamp="2026-03-12T13:39:52Z" user="jotth" uid="611825" lat="-26.8558377" lon="116.7308878"/>
 <node id="13641121252" visible="true" version="1" changeset="179758942" timestamp="2026-03-12T13:39:52Z" user="jotth" uid="611825" lat="-26.8548451" lon="116.7301598"/>
 <node id="13641121253" visible="true" version="1" changeset="179758942" timestamp="2026-03-12T13:39:52Z" user="jotth" uid="611825" lat="-26.8553471" lon="116.7293983"/>
 <node id="13641121254" visible="true" version="1" changeset="179758942" timestamp="2026-03-12T13:39:52Z" user="jotth" uid="611825" lat="-26.8548324" lon="116.7299533"/>
 <node id="13641121255" visible="true" version="1" changeset="179758942" timestamp="2026-03-12T13:39:52Z" user="jotth" uid="611825" lat="-26.8406756" lon="116.7386077"/>
 <node id="13641121256" visible="true" version="1" changeset="179758942" timestamp="2026-03-12T13:39:52Z" user="jotth" uid="611825" lat="-26.8414260" lon="116.7386037"/>
 <node id="13641121257" visible="true" version="1" changeset="179758942" timestamp="2026-03-12T13:39:52Z" user="jotth" uid="611825" lat="-26.8414873" lon="116.7527799"/>
 <node id="13641121258" visible="true" version="1" changeset="179758942" timestamp="2026-03-12T13:39:52Z" user="jotth" uid="611825" lat="-26.8407348" lon="116.7527840"/>
 <node id="13641121259" visible="true" version="1" changeset="179758942" timestamp="2026-03-12T13:39:52Z" user="jotth" uid="611825" lat="-26.8329544" lon="116.7629892"/>
 <node id="13641121260" visible="true" version="1" changeset="179758942" timestamp="2026-03-12T13:39:52Z" user="jotth" uid="611825" lat="-26.8335861" lon="116.7629920"/>
 <node id="13641121261" visible="true" version="1" changeset="179758942" timestamp="2026-03-12T13:39:52Z" user="jotth" uid="611825" lat="-26.8337604" lon="116.7632016"/>
 <node id="13641121262" visible="true" version="1" changeset="179758942" timestamp="2026-03-12T13:39:52Z" user="jotth" uid="611825" lat="-26.8337174" lon="116.7642605"/>
 <node id="13641121263" visible="true" version="1" changeset="179758942" timestamp="2026-03-12T13:39:52Z" user="jotth" uid="611825" lat="-26.8335077" lon="116.7644502"/>
 <node id="13641121264" visible="true" version="1" changeset="179758942" timestamp="2026-03-12T13:39:52Z" user="jotth" uid="611825" lat="-26.8327119" lon="116.7644417"/>
 <node id="13641121265" visible="true" version="1" changeset="179758942" timestamp="2026-03-12T13:39:52Z" user="jotth" uid="611825" lat="-26.8325098" lon="116.7635555"/>
 <node id="13641121266" visible="true" version="1" changeset="179758942" timestamp="2026-03-12T13:39:52Z" user="jotth" uid="611825" lat="-26.8297908" lon="116.7591069"/>
 <node id="13641121267" visible="true" version="1" changeset="179758942" timestamp="2026-03-12T13:39:52Z" user="jotth" uid="611825" lat="-26.8299276" lon="116.7601799"/>
 <node id="13641121268" visible="true" version="1" changeset="179758942" timestamp="2026-03-12T13:39:52Z" user="jotth" uid="611825" lat="-26.8297513" lon="116.7608509"/>
 <node id="13641121269" visible="true" version="1" changeset="179758942" timestamp="2026-03-12T13:39:52Z" user="jotth" uid="611825" lat="-26.8295234" lon="116.7609122"/>
 <node id="13641121270" visible="true" version="1" changeset="179758942" timestamp="2026-03-12T13:39:52Z" user="jotth" uid="611825" lat="-26.8291130" lon="116.7607385"/>
 <node id="13641121271" visible="true" version="1" changeset="179758942" timestamp="2026-03-12T13:39:52Z" user="jotth" uid="611825" lat="-26.8282802" lon="116.7594850"/>
 <node id="13641121272" visible="true" version="1" changeset="179758942" timestamp="2026-03-12T13:39:52Z" user="jotth" uid="611825" lat="-26.8285629" lon="116.7591239"/>
 <node id="13641121273" visible="true" version="1" changeset="179758942" timestamp="2026-03-12T13:39:52Z" user="jotth" uid="611825" lat="-26.8339353" lon="116.7709664"/>
 <node id="13641121274" visible="true" version="1" changeset="179758942" timestamp="2026-03-12T13:39:52Z" user="jotth" uid="611825" lat="-26.8347112" lon="116.7708174"/>
 <node id="13641121275" visible="true" version="1" changeset="179758942" timestamp="2026-03-12T13:39:52Z" user="jotth" uid="611825" lat="-26.8351075" lon="116.7715223"/>
 <node id="13641121276" visible="true" version="1" changeset="179758942" timestamp="2026-03-12T13:39:52Z" user="jotth" uid="611825" lat="-26.8350853" lon="116.7721962"/>
 <node id="13641121277" visible="true" version="1" changeset="179758942" timestamp="2026-03-12T13:39:52Z" user="jotth" uid="611825" lat="-26.8348553" lon="116.7723887"/>
 <node id="13641121278" visible="true" version="1" changeset="179758942" timestamp="2026-03-12T13:39:52Z" user="jotth" uid="611825" lat="-26.8337635" lon="116.7721093"/>
 <node id="13641121279" visible="true" version="1" changeset="179758942" timestamp="2026-03-12T13:39:52Z" user="jotth" uid="611825" lat="-26.8336721" lon="116.7718360"/>
 <node id="13641121280" visible="true" version="1" changeset="179758942" timestamp="2026-03-12T13:39:52Z" user="jotth" uid="611825" lat="-26.8297478" lon="116.7806050"/>
 <node id="13641121281" visible="true" version="1" changeset="179758942" timestamp="2026-03-12T13:39:52Z" user="jotth" uid="611825" lat="-26.8301746" lon="116.7807355"/>
 <node id="13641121282" visible="true" version="1" changeset="179758942" timestamp="2026-03-12T13:39:52Z" user="jotth" uid="611825" lat="-26.8308286" lon="116.7813224"/>
 <node id="13641121283" visible="true" version="1" changeset="179758942" timestamp="2026-03-12T13:39:52Z" user="jotth" uid="611825" lat="-26.8308147" lon="116.7816174"/>
 <node id="13641121284" visible="true" version="1" changeset="179758942" timestamp="2026-03-12T13:39:52Z" user="jotth" uid="611825" lat="-26.8301912" lon="116.7819932"/>
 <node id="13641121285" visible="true" version="1" changeset="179758942" timestamp="2026-03-12T13:39:52Z" user="jotth" uid="611825" lat="-26.8295871" lon="116.7819559"/>
 <node id="13641121286" visible="true" version="1" changeset="179758942" timestamp="2026-03-12T13:39:52Z" user="jotth" uid="611825" lat="-26.8291271" lon="116.7812820"/>
 <node id="13641121287" visible="true" version="1" changeset="179758942" timestamp="2026-03-12T13:39:52Z" user="jotth" uid="611825" lat="-26.8291326" lon="116.7810584"/>
 <node id="13641121288" visible="true" version="1" changeset="179758942" timestamp="2026-03-12T13:39:52Z" user="jotth" uid="611825" lat="-26.8216144" lon="116.7720756"/>
 <node id="13641121289" visible="true" version="1" changeset="179758942" timestamp="2026-03-12T13:39:52Z" user="jotth" uid="611825" lat="-26.8220971" lon="116.7727763"/>
 <node id="13641121290" visible="true" version="1" changeset="179758942" timestamp="2026-03-12T13:39:52Z" user="jotth" uid="611825" lat="-26.8212487" lon="116.7740466"/>
 <node id="13641121291" visible="true" version="1" changeset="179758942" timestamp="2026-03-12T13:39:52Z" user="jotth" uid="611825" lat="-26.8201260" lon="116.7732312"/>
 <node id="13641121292" visible="true" version="1" changeset="179758942" timestamp="2026-03-12T13:39:52Z" user="jotth" uid="611825" lat="-26.8203272" lon="116.7715224"/>
 <node id="13641121293" visible="true" version="1" changeset="179758942" timestamp="2026-03-12T13:39:52Z" user="jotth" uid="611825" lat="-26.8143150" lon="116.7693547"/>
 <node id="13641121294" visible="true" version="1" changeset="179758942" timestamp="2026-03-12T13:39:52Z" user="jotth" uid="611825" lat="-26.8150135" lon="116.7706824"/>
 <node id="13641121295" visible="true" version="1" changeset="179758942" timestamp="2026-03-12T13:39:52Z" user="jotth" uid="611825" lat="-26.8150025" lon="116.7710061"/>
 <node id="13641121296" visible="true" version="1" changeset="179758942" timestamp="2026-03-12T13:39:52Z" user="jotth" uid="611825" lat="-26.8141139" lon="116.7712684"/>
 <node id="13641121297" visible="true" version="1" changeset="179758942" timestamp="2026-03-12T13:39:52Z" user="jotth" uid="611825" lat="-26.8135287" lon="116.7705841"/>
 <node id="13641121298" visible="true" version="1" changeset="179758942" timestamp="2026-03-12T13:39:52Z" user="jotth" uid="611825" lat="-26.8136750" lon="116.7697317"/>
 <node id="13641121299" visible="true" version="1" changeset="179758942" timestamp="2026-03-12T13:39:52Z" user="jotth" uid="611825" lat="-26.8093558" lon="116.7605815"/>
 <node id="13641121300" visible="true" version="1" changeset="179758942" timestamp="2026-03-12T13:39:52Z" user="jotth" uid="611825" lat="-26.8094875" lon="116.7616264"/>
 <node id="13641142301" visible="true" version="1" changeset="179758942" timestamp="2026-03-12T13:39:52Z" user="jotth" uid="611825" lat="-26.8090194" lon="116.7621755"/>
 <node id="13641142302" visible="true" version="1" changeset="179758942" timestamp="2026-03-12T13:39:52Z" user="jotth" uid="611825" lat="-26.8081709" lon="116.7617043"/>
 <node id="13641142303" visible="true" version="1" changeset="179758942" timestamp="2026-03-12T13:39:52Z" user="jotth" uid="611825" lat="-26.8081416" lon="116.7607167"/>
 <node id="13641142304" visible="true" version="1" changeset="179758942" timestamp="2026-03-12T13:39:52Z" user="jotth" uid="611825" lat="-26.8082843" lon="116.7605774"/>
 <node id="13641142305" visible="true" version="1" changeset="179758942" timestamp="2026-03-12T13:39:52Z" user="jotth" uid="611825" lat="-26.8119861" lon="116.7537763"/>
 <node id="13641142306" visible="true" version="1" changeset="179758942" timestamp="2026-03-12T13:39:52Z" user="jotth" uid="611825" lat="-26.8122062" lon="116.7538778"/>
 <node id="13641142307" visible="true" version="1" changeset="179758942" timestamp="2026-03-12T13:39:52Z" user="jotth" uid="611825" lat="-26.8120336" lon="116.7543484"/>
 <node id="13641142308" visible="true" version="1" changeset="179758942" timestamp="2026-03-12T13:39:52Z" user="jotth" uid="611825" lat="-26.8118133" lon="116.7542469"/>
 <node id="13641142309" visible="true" version="1" changeset="179758942" timestamp="2026-03-12T13:39:52Z" user="jotth" uid="611825" lat="-26.8190078" lon="116.7614465"/>
 <node id="13641142310" visible="true" version="1" changeset="179758942" timestamp="2026-03-12T13:39:52Z" user="jotth" uid="611825" lat="-26.8194182" lon="116.7617905"/>
 <node id="13641142311" visible="true" version="1" changeset="179758942" timestamp="2026-03-12T13:39:52Z" user="jotth" uid="611825" lat="-26.8197799" lon="116.7624513"/>
 <node id="13641142312" visible="true" version="1" changeset="179758942" timestamp="2026-03-12T13:39:52Z" user="jotth" uid="611825" lat="-26.8196888" lon="116.7627715"/>
 <node id="13641142313" visible="true" version="1" changeset="179758942" timestamp="2026-03-12T13:39:52Z" user="jotth" uid="611825" lat="-26.8187586" lon="116.7630713"/>
 <node id="13641142314" visible="true" version="1" changeset="179758942" timestamp="2026-03-12T13:39:52Z" user="jotth" uid="611825" lat="-26.8185671" lon="116.7629997"/>
 <node id="13641142315" visible="true" version="1" changeset="179758942" timestamp="2026-03-12T13:39:52Z" user="jotth" uid="611825" lat="-26.8181658" lon="116.7621448"/>
 <node id="13641142316" visible="true" version="1" changeset="179758942" timestamp="2026-03-12T13:39:52Z" user="jotth" uid="611825" lat="-26.8182570" lon="116.7618927"/>
 <node id="13641142317" visible="true" version="1" changeset="179758942" timestamp="2026-03-12T13:39:52Z" user="jotth" uid="611825" lat="-26.8208182" lon="116.7565590"/>
 <node id="13641142318" visible="true" version="1" changeset="179758942" timestamp="2026-03-12T13:39:52Z" user="jotth" uid="611825" lat="-26.8201197" lon="116.7577678"/>
 <node id="13641142319" visible="true" version="1" changeset="179758942" timestamp="2026-03-12T13:39:52Z" user="jotth" uid="611825" lat="-26.8193883" lon="116.7571572"/>
 <node id="13641142320" visible="true" version="1" changeset="179758942" timestamp="2026-03-12T13:39:52Z" user="jotth" uid="611825" lat="-26.8194725" lon="116.7559853"/>
 <node id="13641142321" visible="true" version="1" changeset="179758942" timestamp="2026-03-12T13:39:52Z" user="jotth" uid="611825" lat="-26.8202514" lon="116.7557435"/>
 <node id="13641142322" visible="true" version="1" changeset="179758942" timestamp="2026-03-12T13:39:52Z" user="jotth" uid="611825" lat="-26.8261168" lon="116.7520216"/>
 <node id="13641142323" visible="true" version="1" changeset="179758942" timestamp="2026-03-12T13:39:52Z" user="jotth" uid="611825" lat="-26.8257679" lon="116.7521609"/>
 <node id="13641142324" visible="true" version="1" changeset="179758942" timestamp="2026-03-12T13:39:52Z" user="jotth" uid="611825" lat="-26.8251623" lon="116.7519362"/>
 <node id="13641142325" visible="true" version="1" changeset="179758942" timestamp="2026-03-12T13:39:52Z" user="jotth" uid="611825" lat="-26.8247772" lon="116.7515991"/>
 <node id="13641142326" visible="true" version="1" changeset="179758942" timestamp="2026-03-12T13:39:52Z" user="jotth" uid="611825" lat="-26.8247732" lon="116.7513025"/>
 <node id="13641142327" visible="true" version="1" changeset="179758942" timestamp="2026-03-12T13:39:52Z" user="jotth" uid="611825" lat="-26.8254671" lon="116.7506103"/>
 <node id="13641142328" visible="true" version="1" changeset="179758942" timestamp="2026-03-12T13:39:52Z" user="jotth" uid="611825" lat="-26.8257398" lon="116.7506283"/>
 <node id="13641142329" visible="true" version="1" changeset="179758942" timestamp="2026-03-12T13:39:52Z" user="jotth" uid="611825" lat="-26.8261690" lon="116.7512305"/>
 <node id="13641142330" visible="true" version="1" changeset="179758942" timestamp="2026-03-12T13:39:52Z" user="jotth" uid="611825" lat="-26.8354621" lon="116.7582130"/>
 <node id="13641142331" visible="true" version="1" changeset="179758942" timestamp="2026-03-12T13:39:52Z" user="jotth" uid="611825" lat="-26.8366647" lon="116.7582095"/>
 <node id="13641142332" visible="true" version="1" changeset="179758942" timestamp="2026-03-12T13:39:52Z" user="jotth" uid="611825" lat="-26.8366683" lon="116.7598202"/>
 <node id="13641142333" visible="true" version="1" changeset="179758942" timestamp="2026-03-12T13:39:52Z" user="jotth" uid="611825" lat="-26.8360982" lon="116.7598218"/>
 <node id="13641142334" visible="true" version="1" changeset="179758942" timestamp="2026-03-12T13:39:52Z" user="jotth" uid="611825" lat="-26.8360991" lon="116.7602179"/>
 <node id="13641142335" visible="true" version="1" changeset="179758942" timestamp="2026-03-12T13:39:52Z" user="jotth" uid="611825" lat="-26.8354668" lon="116.7602198"/>
 <node id="13641142336" visible="true" version="1" changeset="179758942" timestamp="2026-03-12T13:39:52Z" user="jotth" uid="611825" lat="-26.8276926" lon="116.7607922"/>
 <node id="13641142337" visible="true" version="1" changeset="179758942" timestamp="2026-03-12T13:39:52Z" user="jotth" uid="611825" lat="-26.8286141" lon="116.7617470"/>
 <node id="13641142338" visible="true" version="1" changeset="179758942" timestamp="2026-03-12T13:39:52Z" user="jotth" uid="611825" lat="-26.8292211" lon="116.7630869"/>
 <node id="13641142339" visible="true" version="1" changeset="179758942" timestamp="2026-03-12T13:39:52Z" user="jotth" uid="611825" lat="-26.8293527" lon="116.7646113"/>
 <node id="13641142340" visible="true" version="1" changeset="179758942" timestamp="2026-03-12T13:39:52Z" user="jotth" uid="611825" lat="-26.8292649" lon="116.7655537"/>
 <node id="13641142341" visible="true" version="1" changeset="179758942" timestamp="2026-03-12T13:39:52Z" user="jotth" uid="611825" lat="-26.8283508" lon="116.7663446"/>
 <node id="13641142342" visible="true" version="1" changeset="179758942" timestamp="2026-03-12T13:39:52Z" user="jotth" uid="611825" lat="-26.8286653" lon="116.7673240"/>
 <node id="13641142343" visible="true" version="1" changeset="179758942" timestamp="2026-03-12T13:39:52Z" user="jotth" uid="611825" lat="-26.8285300" lon="116.7682173"/>
 <node id="13641142344" visible="true" version="1" changeset="179758942" timestamp="2026-03-12T13:39:52Z" user="jotth" uid="611825" lat="-26.8279412" lon="116.7689631"/>
 <node id="13641142345" visible="true" version="1" changeset="179758942" timestamp="2026-03-12T13:39:52Z" user="jotth" uid="611825" lat="-26.8276560" lon="116.7689631"/>
 <node id="13641142346" visible="true" version="1" changeset="179758942" timestamp="2026-03-12T13:39:52Z" user="jotth" uid="611825" lat="-26.8270783" lon="116.7685369"/>
 <node id="13641142347" visible="true" version="1" changeset="179758942" timestamp="2026-03-12T13:39:52Z" user="jotth" uid="611825" lat="-26.8264274" lon="116.7691639"/>
 <node id="13641142348" visible="true" version="1" changeset="179758942" timestamp="2026-03-12T13:39:52Z" user="jotth" uid="611825" lat="-26.8254181" lon="116.7695326"/>
 <node id="13641142349" visible="true" version="1" changeset="179758942" timestamp="2026-03-12T13:39:52Z" user="jotth" uid="611825" lat="-26.8245332" lon="116.7694999"/>
 <node id="13641142350" visible="true" version="1" changeset="179758942" timestamp="2026-03-12T13:39:52Z" user="jotth" uid="611825" lat="-26.8238237" lon="116.7693237"/>
 <node id="13641142351" visible="true" version="1" changeset="179758942" timestamp="2026-03-12T13:39:52Z" user="jotth" uid="611825" lat="-26.8229424" lon="116.7687418"/>
 <node id="13641142352" visible="true" version="1" changeset="179758942" timestamp="2026-03-12T13:39:52Z" user="jotth" uid="611825" lat="-26.8226133" lon="116.7679099"/>
 <node id="13641142353" visible="true" version="1" changeset="179758942" timestamp="2026-03-12T13:39:52Z" user="jotth" uid="611825" lat="-26.8204741" lon="116.7673813"/>
 <node id="13641142354" visible="true" version="1" changeset="179758942" timestamp="2026-03-12T13:39:52Z" user="jotth" uid="611825" lat="-26.8199475" lon="116.7656685"/>
 <node id="13641142355" visible="true" version="1" changeset="179758942" timestamp="2026-03-12T13:39:52Z" user="jotth" uid="611825" lat="-26.8205728" lon="116.7644023"/>
 <node id="13641142356" visible="true" version="1" changeset="179758942" timestamp="2026-03-12T13:39:52Z" user="jotth" uid="611825" lat="-26.8201157" lon="116.7641687"/>
 <node id="13641142357" visible="true" version="1" changeset="179758942" timestamp="2026-03-12T13:39:52Z" user="jotth" uid="611825" lat="-26.8208251" lon="116.7621690"/>
 <node id="13641142358" visible="true" version="1" changeset="179758942" timestamp="2026-03-12T13:39:52Z" user="jotth" uid="611825" lat="-26.8221270" lon="116.7620461"/>
 <node id="13641142359" visible="true" version="1" changeset="179758942" timestamp="2026-03-12T13:39:52Z" user="jotth" uid="611825" lat="-26.8220246" lon="116.7602964"/>
 <node id="13641142360" visible="true" version="1" changeset="179758942" timestamp="2026-03-12T13:39:52Z" user="jotth" uid="611825" lat="-26.8230814" lon="116.7601202"/>
 <node id="13641142361" visible="true" version="1" changeset="179758942" timestamp="2026-03-12T13:39:52Z" user="jotth" uid="611825" lat="-26.8244527" lon="116.7601652"/>
 <node id="13641142362" visible="true" version="1" changeset="179758942" timestamp="2026-03-12T13:39:52Z" user="jotth" uid="611825" lat="-26.8244161" lon="116.7596202"/>
 <node id="13641142363" visible="true" version="1" changeset="179758942" timestamp="2026-03-12T13:39:52Z" user="jotth" uid="611825" lat="-26.8247526" lon="116.7592596"/>
 <node id="13641142364" visible="true" version="1" changeset="179758942" timestamp="2026-03-12T13:39:52Z" user="jotth" uid="611825" lat="-26.8256960" lon="116.7588458"/>
 <node id="13641142365" visible="true" version="1" changeset="179758942" timestamp="2026-03-12T13:39:52Z" user="jotth" uid="611825" lat="-26.8260544" lon="116.7589564"/>
 <node id="13641142366" visible="true" version="1" changeset="179758942" timestamp="2026-03-12T13:39:52Z" user="jotth" uid="611825" lat="-26.8263798" lon="116.7593908"/>
 <node id="13641142367" visible="true" version="1" changeset="179758942" timestamp="2026-03-12T13:39:52Z" user="jotth" uid="611825" lat="-26.8261604" lon="116.7598128"/>
 <node id="13641142368" visible="true" version="1" changeset="179758942" timestamp="2026-03-12T13:39:52Z" user="jotth" uid="611825" lat="-26.8261450" lon="116.7701167"/>
 <node id="13641142369" visible="true" version="1" changeset="179758942" timestamp="2026-03-12T13:39:52Z" user="jotth" uid="611825" lat="-26.8266227" lon="116.7711306"/>
 <node id="13641142370" visible="true" version="1" changeset="179758942" timestamp="2026-03-12T13:39:52Z" user="jotth" uid="611825" lat="-26.8264948" lon="116.7714090"/>
 <node id="13641142371" visible="true" version="1" changeset="179758942" timestamp="2026-03-12T13:39:52Z" user="jotth" uid="611825" lat="-26.8253079" lon="116.7716794"/>
 <node id="13641142372" visible="true" version="1" changeset="179758942" timestamp="2026-03-12T13:39:52Z" user="jotth" uid="611825" lat="-26.8250980" lon="116.7714225"/>
 <node id="13641142373" visible="true" version="1" changeset="179758942" timestamp="2026-03-12T13:39:52Z" user="jotth" uid="611825" lat="-26.8251848" lon="116.7702249"/>
 <node id="13641142374" visible="true" version="1" changeset="179758942" timestamp="2026-03-12T13:39:52Z" user="jotth" uid="611825" lat="-26.8743711" lon="116.7317714"/>
 <node id="13641142375" visible="true" version="1" changeset="179758942" timestamp="2026-03-12T13:39:52Z" user="jotth" uid="611825" lat="-26.8720526" lon="116.7309354"/>
 <node id="13641142376" visible="true" version="1" changeset="179758942" timestamp="2026-03-12T13:39:52Z" user="jotth" uid="611825" lat="-26.8695141" lon="116.7309647"/>
 <node id="13641142377" visible="true" version="1" changeset="179758942" timestamp="2026-03-12T13:39:52Z" user="jotth" uid="611825" lat="-26.8692646" lon="116.7308834"/>
 <node id="13641142378" visible="true" version="1" changeset="179758942" timestamp="2026-03-12T13:39:52Z" user="jotth" uid="611825" lat="-26.8689425" lon="116.7306329"/>
 <node id="13641142379" visible="true" version="1" changeset="179758942" timestamp="2026-03-12T13:39:52Z" user="jotth" uid="611825" lat="-26.8658236" lon="116.7286392"/>
 <node id="13641142380" visible="true" version="1" changeset="179758942" timestamp="2026-03-12T13:39:52Z" user="jotth" uid="611825" lat="-26.8625335" lon="116.7271464"/>
 <node id="13641142381" visible="true" version="1" changeset="179758942" timestamp="2026-03-12T13:39:52Z" user="jotth" uid="611825" lat="-26.8591968" lon="116.7257056"/>
 <node id="13641142382" visible="true" version="1" changeset="179758942" timestamp="2026-03-12T13:39:52Z" user="jotth" uid="611825" lat="-26.8589211" lon="116.7256275"/>
 <node id="13641142383" visible="true" version="1" changeset="179758942" timestamp="2026-03-12T13:39:52Z" user="jotth" uid="611825" lat="-26.8563528" lon="116.7252310"/>
 <node id="13641142384" visible="true" version="1" changeset="179758942" timestamp="2026-03-12T13:39:52Z" user="jotth" uid="611825" lat="-26.8546796" lon="116.7252901"/>
 <node id="13641142385" visible="true" version="1" changeset="179758942" timestamp="2026-03-12T13:39:52Z" user="jotth" uid="611825" lat="-26.8381384" lon="116.7314313"/>
 <node id="13641142386" visible="true" version="1" changeset="179758942" timestamp="2026-03-12T13:39:52Z" user="jotth" uid="611825" lat="-26.8377248" lon="116.7315172"/>
 <node id="13641142387" visible="true" version="1" changeset="179758942" timestamp="2026-03-12T13:39:52Z" user="jotth" uid="611825" lat="-26.8371160" lon="116.7318176"/>
 <node id="13641142388" visible="true" version="1" changeset="179758942" timestamp="2026-03-12T13:39:52Z" user="jotth" uid="611825" lat="-26.8351707" lon="116.7324828"/>
 <node id="13641142389" visible="true" version="1" changeset="179758942" timestamp="2026-03-12T13:39:52Z" user="jotth" uid="611825" lat="-26.8348298" lon="116.7325386"/>
 <node id="13641142390" visible="true" version="1" changeset="179758942" timestamp="2026-03-12T13:39:52Z" user="jotth" uid="611825" lat="-26.8346881" lon="116.7326115"/>
 <node id="13641142391" visible="true" version="1" changeset="179758942" timestamp="2026-03-12T13:39:52Z" user="jotth" uid="611825" lat="-26.8345541" lon="116.7329076"/>
 <node id="13641142392" visible="true" version="1" changeset="179758942" timestamp="2026-03-12T13:39:52Z" user="jotth" uid="611825" lat="-26.8334819" lon="116.7337058"/>
 <node id="13641142393" visible="true" version="1" changeset="179758942" timestamp="2026-03-12T13:39:52Z" user="jotth" uid="611825" lat="-26.8329955" lon="116.7340921"/>
 <node id="13641142394" visible="true" version="1" changeset="179758942" timestamp="2026-03-12T13:39:52Z" user="jotth" uid="611825" lat="-26.8301004" lon="116.7355812"/>
 <node id="13641142395" visible="true" version="1" changeset="179758942" timestamp="2026-03-12T13:39:52Z" user="jotth" uid="611825" lat="-26.8281627" lon="116.7367958"/>
 <node id="13641142396" visible="true" version="1" changeset="179758942" timestamp="2026-03-12T13:39:52Z" user="jotth" uid="611825" lat="-26.8276533" lon="116.7370447"/>
 <node id="13641142397" visible="true" version="1" changeset="179758942" timestamp="2026-03-12T13:39:52Z" user="jotth" uid="611825" lat="-26.8225675" lon="116.7400788"/>
 <node id="13641142398" visible="true" version="1" changeset="179758942" timestamp="2026-03-12T13:39:52Z" user="jotth" uid="611825" lat="-26.8194347" lon="116.7419456"/>
 <node id="13641142399" visible="true" version="1" changeset="179758942" timestamp="2026-03-12T13:39:52Z" user="jotth" uid="611825" lat="-26.8193198" lon="116.7420572"/>
 <node id="13641142400" visible="true" version="1" changeset="179758942" timestamp="2026-03-12T13:39:52Z" user="jotth" uid="611825" lat="-26.8191244" lon="116.7423447"/>
 <node id="13641142401" visible="true" version="1" changeset="179758942" timestamp="2026-03-12T13:39:52Z" user="jotth" uid="611825" lat="-26.8162634" lon="116.7489322"/>
 <node id="13641142402" visible="true" version="1" changeset="179758942" timestamp="2026-03-12T13:39:52Z" user="jotth" uid="611825" lat="-26.8159264" lon="116.7495202"/>
 <node id="13641142403" visible="true" version="1" changeset="179758942" timestamp="2026-03-12T13:39:52Z" user="jotth" uid="611825" lat="-26.8151872" lon="116.7511810"/>
 <node id="13641142404" visible="true" version="1" changeset="179758942" timestamp="2026-03-12T13:39:52Z" user="jotth" uid="611825" lat="-26.8148310" lon="116.7517990"/>
 <node id="13641142405" visible="true" version="1" changeset="179758942" timestamp="2026-03-12T13:39:52Z" user="jotth" uid="611825" lat="-26.8143523" lon="116.7524298"/>
 <node id="13641142406" visible="true" version="1" changeset="179758942" timestamp="2026-03-12T13:39:52Z" user="jotth" uid="611825" lat="-26.8139999" lon="116.7527431"/>
 <node id="13641142407" visible="true" version="1" changeset="179758942" timestamp="2026-03-12T13:39:52Z" user="jotth" uid="611825" lat="-26.8122763" lon="116.7539404"/>
 <node id="13641142408" visible="true" version="1" changeset="179758942" timestamp="2026-03-12T13:39:52Z" user="jotth" uid="611825" lat="-26.8121499" lon="116.7541421"/>
 <node id="13641142409" visible="true" version="1" changeset="179758942" timestamp="2026-03-12T13:39:52Z" user="jotth" uid="611825" lat="-26.8120389" lon="116.7544683"/>
 <node id="13641142410" visible="true" version="1" changeset="179758942" timestamp="2026-03-12T13:39:52Z" user="jotth" uid="611825" lat="-26.8104915" lon="116.7603477"/>
 <node id="13641142411" visible="true" version="1" changeset="179758942" timestamp="2026-03-12T13:39:52Z" user="jotth" uid="611825" lat="-26.8103966" lon="116.7607063"/>
 <node id="13641142412" visible="true" version="1" changeset="179758942" timestamp="2026-03-12T13:39:52Z" user="jotth" uid="611825" lat="-26.8104021" lon="116.7610102"/>
 <node id="13641142413" visible="true" version="1" changeset="179758942" timestamp="2026-03-12T13:39:52Z" user="jotth" uid="611825" lat="-26.8104756" lon="116.7612606"/>
 <node id="13641142414" visible="true" version="1" changeset="179758942" timestamp="2026-03-12T13:39:52Z" user="jotth" uid="611825" lat="-26.8148433" lon="116.7683616"/>
 <node id="13641142415" visible="true" version="1" changeset="179758942" timestamp="2026-03-12T13:39:52Z" user="jotth" uid="611825" lat="-26.8149887" lon="116.7685686"/>
 <node id="13641142416" visible="true" version="1" changeset="179758942" timestamp="2026-03-12T13:39:52Z" user="jotth" uid="611825" lat="-26.8152185" lon="116.7688389"/>
 <node id="13641142417" visible="true" version="1" changeset="179758942" timestamp="2026-03-12T13:39:52Z" user="jotth" uid="611825" lat="-26.8153908" lon="116.7689591"/>
 <node id="13641142418" visible="true" version="1" changeset="179758942" timestamp="2026-03-12T13:39:52Z" user="jotth" uid="611825" lat="-26.8208677" lon="116.7708946"/>
 <node id="13641142419" visible="true" version="1" changeset="179758942" timestamp="2026-03-12T13:39:52Z" user="jotth" uid="611825" lat="-26.8211013" lon="116.7709590"/>
 <node id="13641142420" visible="true" version="1" changeset="179758942" timestamp="2026-03-12T13:39:52Z" user="jotth" uid="611825" lat="-26.8214000" lon="116.7709461"/>
 <node id="13641142421" visible="true" version="1" changeset="179758942" timestamp="2026-03-12T13:39:52Z" user="jotth" uid="611825" lat="-26.8216106" lon="116.7709160"/>
 <node id="13641142422" visible="true" version="1" changeset="179758942" timestamp="2026-03-12T13:39:52Z" user="jotth" uid="611825" lat="-26.8251302" lon="116.7701822"/>
 <node id="13641142423" visible="true" version="1" changeset="179758942" timestamp="2026-03-12T13:39:52Z" user="jotth" uid="611825" lat="-26.8254672" lon="116.7701007"/>
 <node id="13641142424" visible="true" version="1" changeset="179758942" timestamp="2026-03-12T13:39:52Z" user="jotth" uid="611825" lat="-26.8258655" lon="116.7700964"/>
 <node id="13641142425" visible="true" version="1" changeset="179758942" timestamp="2026-03-12T13:39:52Z" user="jotth" uid="611825" lat="-26.8262446" lon="116.7700148"/>
 <node id="13641142426" visible="true" version="1" changeset="179758942" timestamp="2026-03-12T13:39:52Z" user="jotth" uid="611825" lat="-26.8268880" lon="116.7699333"/>
 <node id="13641142427" visible="true" version="1" changeset="179758942" timestamp="2026-03-12T13:39:52Z" user="jotth" uid="611825" lat="-26.8271370" lon="116.7698646"/>
 <node id="13641142428" visible="true" version="1" changeset="179758942" timestamp="2026-03-12T13:39:52Z" user="jotth" uid="611825" lat="-26.8273629" lon="116.7696887"/>
 <node id="13641142429" visible="true" version="1" changeset="179758942" timestamp="2026-03-12T13:39:52Z" user="jotth" uid="611825" lat="-26.8281671" lon="116.7689076"/>
 <node id="13641142430" visible="true" version="1" changeset="179758942" timestamp="2026-03-12T13:39:52Z" user="jotth" uid="611825" lat="-26.8286152" lon="116.7683025"/>
 <node id="13641142431" visible="true" version="1" changeset="179758942" timestamp="2026-03-12T13:39:52Z" user="jotth" uid="611825" lat="-26.8293237" lon="116.7663499"/>
 <node id="13641142432" visible="true" version="1" changeset="179758942" timestamp="2026-03-12T13:39:52Z" user="jotth" uid="611825" lat="-26.8294156" lon="116.7659722"/>
 <node id="13641142433" visible="true" version="1" changeset="179758942" timestamp="2026-03-12T13:39:52Z" user="jotth" uid="611825" lat="-26.8295381" lon="116.7631355"/>
 <node id="13641142434" visible="true" version="1" changeset="179758942" timestamp="2026-03-12T13:39:52Z" user="jotth" uid="611825" lat="-26.8296798" lon="116.7625304"/>
 <node id="13641142435" visible="true" version="1" changeset="179758942" timestamp="2026-03-12T13:39:52Z" user="jotth" uid="611825" lat="-26.8300589" lon="116.7620540"/>
 <node id="13641142436" visible="true" version="1" changeset="179758942" timestamp="2026-03-12T13:39:52Z" user="jotth" uid="611825" lat="-26.8559713" lon="116.7293659"/>
 <node id="13641142437" visible="true" version="1" changeset="179758942" timestamp="2026-03-12T13:39:52Z" user="jotth" uid="611825" lat="-26.8344810" lon="116.7332865"/>
 <node id="13641142438" visible="true" version="1" changeset="179758942" timestamp="2026-03-12T13:39:52Z" user="jotth" uid="611825" lat="-26.8339259" lon="116.7335854"/>
 <node id="13641142439" visible="true" version="1" changeset="179758942" timestamp="2026-03-12T13:39:52Z" user="jotth" uid="611825" lat="-26.8354650" lon="116.7594797"/>
 <node id="13641142440" visible="true" version="1" changeset="179758942" timestamp="2026-03-12T13:39:52Z" user="jotth" uid="611825" lat="-26.8306586" lon="116.7607653"/>
 <node id="13641142441" visible="true" version="1" changeset="179758942" timestamp="2026-03-12T13:39:52Z" user="jotth" uid="611825" lat="-26.8288757" lon="116.7623246"/>
 <node id="13641142442" visible="true" version="1" changeset="179758942" timestamp="2026-03-12T13:39:52Z" user="jotth" uid="611825" lat="-26.8297349" lon="116.7615553"/>
 <node id="13641142443" visible="true" version="1" changeset="179758942" timestamp="2026-03-12T13:39:52Z" user="jotth" uid="611825" lat="-26.8316767" lon="116.7642347"/>
 <node id="13641142444" visible="true" version="1" changeset="179758942" timestamp="2026-03-12T13:39:52Z" user="jotth" uid="611825" lat="-26.8317511" lon="116.7647880"/>
 <node id="13641142445" visible="true" version="1" changeset="179758942" timestamp="2026-03-12T13:39:52Z" user="jotth" uid="611825" lat="-26.8318634" lon="116.7655408"/>
 <node id="13641142446" visible="true" version="1" changeset="179758942" timestamp="2026-03-12T13:39:52Z" user="jotth" uid="611825" lat="-26.8327357" lon="116.7713599"/>
 <node id="13641142447" visible="true" version="1" changeset="179758942" timestamp="2026-03-12T13:39:52Z" user="jotth" uid="611825" lat="-26.8294153" lon="116.7796226"/>
 <node id="13641142448" visible="true" version="1" changeset="179758942" timestamp="2026-03-12T13:39:52Z" user="jotth" uid="611825" lat="-26.8292641" lon="116.7798674"/>
 <node id="13641142449" visible="true" version="1" changeset="179758942" timestamp="2026-03-12T13:39:52Z" user="jotth" uid="611825" lat="-26.8291170" lon="116.7799568"/>
 <node id="13641142450" visible="true" version="1" changeset="179758942" timestamp="2026-03-12T13:39:52Z" user="jotth" uid="611825" lat="-26.8289280" lon="116.7799945"/>
 <node id="13641142451" visible="true" version="1" changeset="179758942" timestamp="2026-03-12T13:39:52Z" user="jotth" uid="611825" lat="-26.8204681" lon="116.7803052"/>
 <node id="13641142452" visible="true" version="1" changeset="179758942" timestamp="2026-03-12T13:39:52Z" user="jotth" uid="611825" lat="-26.8167547" lon="116.7801357"/>
 <node id="13641142453" visible="true" version="1" changeset="179758942" timestamp="2026-03-12T13:39:52Z" user="jotth" uid="611825" lat="-26.8166148" lon="116.7801476"/>
 <node id="13641142454" visible="true" version="1" changeset="179758942" timestamp="2026-03-12T13:39:52Z" user="jotth" uid="611825" lat="-26.8164430" lon="116.7800715"/>
 <node id="13641142455" visible="true" version="1" changeset="179758942" timestamp="2026-03-12T13:39:52Z" user="jotth" uid="611825" lat="-26.8162919" lon="116.7800250"/>
 <node id="13641142456" visible="true" version="1" changeset="179758942" timestamp="2026-03-12T13:39:52Z" user="jotth" uid="611825" lat="-26.8161132" lon="116.7800653"/>
 <node id="13641142457" visible="true" version="1" changeset="179758942" timestamp="2026-03-12T13:39:52Z" user="jotth" uid="611825" lat="-26.8159704" lon="116.7800917"/>
 <node id="13641142458" visible="true" version="1" changeset="179758942" timestamp="2026-03-12T13:39:52Z" user="jotth" uid="611825" lat="-26.8149602" lon="116.7800110"/>
 <node id="13641142459" visible="true" version="1" changeset="179758942" timestamp="2026-03-12T13:39:52Z" user="jotth" uid="611825" lat="-26.8148466" lon="116.7800001"/>
 <node id="13641142460" visible="true" version="1" changeset="179758942" timestamp="2026-03-12T13:39:52Z" user="jotth" uid="611825" lat="-26.8147135" lon="116.7799147"/>
 <node id="13641142461" visible="true" version="1" changeset="179758942" timestamp="2026-03-12T13:39:52Z" user="jotth" uid="611825" lat="-26.8143865" lon="116.7796104"/>
 <node id="13641142462" visible="true" version="1" changeset="179758942" timestamp="2026-03-12T13:39:52Z" user="jotth" uid="611825" lat="-26.8118689" lon="116.7795579"/>
 <node id="13641142463" visible="true" version="1" changeset="179758942" timestamp="2026-03-12T13:39:52Z" user="jotth" uid="611825" lat="-26.8114886" lon="116.7796457"/>
 <node id="13641142464" visible="true" version="1" changeset="179758942" timestamp="2026-03-12T13:39:52Z" user="jotth" uid="611825" lat="-26.8110997" lon="116.7797725"/>
 <node id="13641142465" visible="true" version="1" changeset="179758942" timestamp="2026-03-12T13:39:52Z" user="jotth" uid="611825" lat="-26.8108790" lon="116.7798148"/>
 <node id="13641142466" visible="true" version="1" changeset="179758942" timestamp="2026-03-12T13:39:52Z" user="jotth" uid="611825" lat="-26.8072564" lon="116.7796977"/>
 <node id="13641142467" visible="true" version="1" changeset="179758942" timestamp="2026-03-12T13:39:52Z" user="jotth" uid="611825" lat="-26.8070183" lon="116.7796717"/>
 <node id="13641142468" visible="true" version="1" changeset="179758942" timestamp="2026-03-12T13:39:52Z" user="jotth" uid="611825" lat="-26.8067919" lon="116.7795644"/>
 <node id="13641142469" visible="true" version="1" changeset="179758942" timestamp="2026-03-12T13:39:52Z" user="jotth" uid="611825" lat="-26.8065916" lon="116.7794180"/>
 <node id="13641142470" visible="true" version="1" changeset="179758942" timestamp="2026-03-12T13:39:52Z" user="jotth" uid="611825" lat="-26.8023011" lon="116.7757981"/>
 <node id="13641142471" visible="true" version="1" changeset="179758942" timestamp="2026-03-12T13:39:52Z" user="jotth" uid="611825" lat="-26.8007132" lon="116.7751444"/>
 <node id="13641142472" visible="true" version="1" changeset="179758942" timestamp="2026-03-12T13:39:52Z" user="jotth" uid="611825" lat="-26.8003155" lon="116.7748159"/>
 <node id="13641142473" visible="true" version="1" changeset="179758942" timestamp="2026-03-12T13:39:52Z" user="jotth" uid="611825" lat="-26.7970118" lon="116.7714855"/>
 <node id="13641142474" visible="true" version="1" changeset="179758942" timestamp="2026-03-12T13:39:52Z" user="jotth" uid="611825" lat="-26.7945528" lon="116.7694462"/>
 <node id="13641142475" visible="true" version="1" changeset="179758942" timestamp="2026-03-12T13:39:52Z" user="jotth" uid="611825" lat="-26.7932580" lon="116.7689649"/>
 <node id="13641142476" visible="true" version="1" changeset="179758942" timestamp="2026-03-12T13:39:52Z" user="jotth" uid="611825" lat="-26.7911880" lon="116.7690267"/>
 <node id="13641142477" visible="true" version="1" changeset="179758942" timestamp="2026-03-12T13:39:52Z" user="jotth" uid="611825" lat="-26.7910574" lon="116.7690494"/>
 <node id="13641142478" visible="true" version="1" changeset="179758942" timestamp="2026-03-12T13:39:52Z" user="jotth" uid="611825" lat="-26.7907286" lon="116.7693613"/>
 <node id="13641142479" visible="true" version="1" changeset="179758942" timestamp="2026-03-12T13:39:52Z" user="jotth" uid="611825" lat="-26.7905697" lon="116.7693769"/>
 <node id="13641142480" visible="true" version="1" changeset="179758942" timestamp="2026-03-12T13:39:52Z" user="jotth" uid="611825" lat="-26.7904949" lon="116.7692876"/>
 <node id="13641142481" visible="true" version="1" changeset="179758942" timestamp="2026-03-12T13:39:52Z" user="jotth" uid="611825" lat="-26.7810001" lon="116.7564888"/>
 <node id="13641142482" visible="true" version="1" changeset="179758942" timestamp="2026-03-12T13:39:52Z" user="jotth" uid="611825" lat="-26.7761366" lon="116.7533991"/>
 <node id="13641142483" visible="true" version="1" changeset="179758942" timestamp="2026-03-12T13:39:52Z" user="jotth" uid="611825" lat="-26.7758629" lon="116.7533310"/>
 <node id="13641142484" visible="true" version="1" changeset="179758942" timestamp="2026-03-12T13:39:52Z" user="jotth" uid="611825" lat="-26.7756075" lon="116.7533514"/>
 <node id="13641142485" visible="true" version="1" changeset="179758942" timestamp="2026-03-12T13:39:52Z" user="jotth" uid="611825" lat="-26.7671289" lon="116.7546866"/>
 <node id="13641142486" visible="true" version="1" changeset="179758942" timestamp="2026-03-12T13:39:52Z" user="jotth" uid="611825" lat="-26.7584734" lon="116.7560764"/>
 <node id="13641142487" visible="true" version="1" changeset="179758942" timestamp="2026-03-12T13:39:52Z" user="jotth" uid="611825" lat="-26.7513988" lon="116.7571936"/>
 <node id="13641142488" visible="true" version="1" changeset="179758942" timestamp="2026-03-12T13:39:52Z" user="jotth" uid="611825" lat="-26.7496650" lon="116.7574661"/>
 <node id="13641142489" visible="true" version="1" changeset="179758942" timestamp="2026-03-12T13:39:52Z" user="jotth" uid="611825" lat="-26.7906562" lon="116.7693863"/>
 <node id="13641142490" visible="true" version="1" changeset="179758942" timestamp="2026-03-12T13:39:52Z" user="jotth" uid="611825" lat="-26.8295843" lon="116.7796951"/>
 <node id="13641142491" visible="true" version="1" changeset="179758942" timestamp="2026-03-12T13:39:52Z" user="jotth" uid="611825" lat="-26.8300270" lon="116.7806903"/>
 <node id="13641142492" visible="true" version="1" changeset="179758942" timestamp="2026-03-12T13:39:52Z" user="jotth" uid="611825" lat="-26.8297631" lon="116.7799679"/>
 <node id="13641142493" visible="true" version="1" changeset="179758942" timestamp="2026-03-12T13:39:52Z" user="jotth" uid="611825" lat="-26.8327026" lon="116.7708853"/>
 <node id="13641142494" visible="true" version="1" changeset="179758942" timestamp="2026-03-12T13:39:52Z" user="jotth" uid="611825" lat="-26.8338454" lon="116.7712635"/>
 <node id="13641142495" visible="true" version="1" changeset="179758942" timestamp="2026-03-12T13:39:52Z" user="jotth" uid="611825" lat="-26.8317109" lon="116.7644891"/>
 <node id="13641142496" visible="true" version="1" changeset="179758942" timestamp="2026-03-12T13:39:52Z" user="jotth" uid="611825" lat="-26.8321512" lon="116.7643506"/>
 <node id="13641142497" visible="true" version="1" changeset="179758942" timestamp="2026-03-12T13:39:52Z" user="jotth" uid="611825" lat="-26.8326090" lon="116.7639903"/>
 <node id="13641142498" visible="true" version="1" changeset="179758942" timestamp="2026-03-12T13:39:52Z" user="jotth" uid="611825" lat="-26.8293338" lon="116.7610093"/>
 <node id="13641142499" visible="true" version="1" changeset="179758942" timestamp="2026-03-12T13:39:52Z" user="jotth" uid="611825" lat="-26.8292863" lon="116.7608118"/>
 <node id="13641142500" visible="true" version="1" changeset="179758942" timestamp="2026-03-12T13:39:52Z" user="jotth" uid="611825" lat="-26.8720606" lon="116.7317278"/>
 <node id="13641142501" visible="true" version="1" changeset="179758942" timestamp="2026-03-12T13:39:52Z" user="jotth" uid="611825" lat="-26.8720066" lon="116.7318313"/>
 <node id="13641142502" visible="true" version="1" changeset="179758942" timestamp="2026-03-12T13:39:52Z" user="jotth" uid="611825" lat="-26.8648594" lon="116.7321131"/>
 <node id="13641142503" visible="true" version="1" changeset="179758942" timestamp="2026-03-12T13:39:52Z" user="jotth" uid="611825" lat="-26.8645475" lon="116.7321559"/>
 <node id="13641142504" visible="true" version="1" changeset="179758942" timestamp="2026-03-12T13:39:52Z" user="jotth" uid="611825" lat="-26.8641306" lon="116.7322201"/>
 <node id="13641142505" visible="true" version="1" changeset="179758942" timestamp="2026-03-12T13:39:52Z" user="jotth" uid="611825" lat="-26.8635419" lon="116.7323414"/>
 <node id="13641142506" visible="true" version="1" changeset="179758942" timestamp="2026-03-12T13:39:52Z" user="jotth" uid="611825" lat="-26.8627686" lon="116.7325875"/>
 <node id="13641142507" visible="true" version="1" changeset="179758942" timestamp="2026-03-12T13:39:52Z" user="jotth" uid="611825" lat="-26.8622085" lon="116.7327909"/>
 <node id="13641142508" visible="true" version="1" changeset="179758942" timestamp="2026-03-12T13:39:52Z" user="jotth" uid="611825" lat="-26.8614829" lon="116.7331654"/>
 <node id="13641142509" visible="true" version="1" changeset="179758942" timestamp="2026-03-12T13:39:52Z" user="jotth" uid="611825" lat="-26.8608910" lon="116.7335115"/>
 <node id="13641142510" visible="true" version="1" changeset="179758942" timestamp="2026-03-12T13:39:52Z" user="jotth" uid="611825" lat="-26.8601081" lon="116.7341036"/>
 <node id="13641142511" visible="true" version="1" changeset="179758942" timestamp="2026-03-12T13:39:52Z" user="jotth" uid="611825" lat="-26.8597740" lon="116.7343854"/>
 <node id="13641142512" visible="true" version="1" changeset="179758942" timestamp="2026-03-12T13:39:52Z" user="jotth" uid="611825" lat="-26.8590929" lon="116.7350276"/>
 <node id="13641142513" visible="true" version="1" changeset="179758942" timestamp="2026-03-12T13:39:52Z" user="jotth" uid="611825" lat="-26.8559645" lon="116.7383844"/>
 <node id="13641142514" visible="true" version="1" changeset="179758942" timestamp="2026-03-12T13:39:52Z" user="jotth" uid="611825" lat="-26.8488418" lon="116.7458507"/>
 <node id="13641142515" visible="true" version="1" changeset="179758942" timestamp="2026-03-12T13:39:52Z" user="jotth" uid="611825" lat="-26.8466144" lon="116.7482134"/>
 <node id="13641142516" visible="true" version="1" changeset="179758942" timestamp="2026-03-12T13:39:52Z" user="jotth" uid="611825" lat="-26.8446915" lon="116.7501450"/>
 <node id="13641142517" visible="true" version="1" changeset="179758942" timestamp="2026-03-12T13:39:52Z" user="jotth" uid="611825" lat="-26.8438492" lon="116.7509648"/>
 <node id="13641142518" visible="true" version="1" changeset="179758942" timestamp="2026-03-12T13:39:52Z" user="jotth" uid="611825" lat="-26.8389890" lon="116.7555486"/>
 <node id="13641142519" visible="true" version="1" changeset="179758942" timestamp="2026-03-12T13:39:52Z" user="jotth" uid="611825" lat="-26.8373596" lon="116.7561821"/>
 <node id="13641142520" visible="true" version="1" changeset="179758942" timestamp="2026-03-12T13:39:52Z" user="jotth" uid="611825" lat="-26.8367500" lon="116.7566044"/>
 <node id="13641142521" visible="true" version="1" changeset="179758942" timestamp="2026-03-12T13:39:52Z" user="jotth" uid="611825" lat="-26.8366392" lon="116.7567597"/>
 <node id="13641142522" visible="true" version="1" changeset="179758942" timestamp="2026-03-12T13:39:52Z" user="jotth" uid="611825" lat="-26.8365893" lon="116.7570578"/>
 <node id="13641142523" visible="true" version="1" changeset="179758942" timestamp="2026-03-12T13:39:52Z" user="jotth" uid="611825" lat="-26.8366225" lon="116.7574678"/>
 <node id="13641142524" visible="true" version="1" changeset="179758942" timestamp="2026-03-12T13:39:52Z" user="jotth" uid="611825" lat="-26.8726304" lon="116.7311431"/>
 <node id="13641142525" visible="true" version="1" changeset="179758942" timestamp="2026-03-12T13:39:52Z" user="jotth" uid="611825" lat="-26.8726050" lon="116.7323910"/>
 <node id="13641142526" visible="true" version="1" changeset="179758942" timestamp="2026-03-12T13:39:52Z" user="jotth" uid="611825" lat="-26.8725640" lon="116.7324883"/>
 <node id="13641142527" visible="true" version="1" changeset="179758942" timestamp="2026-03-12T13:39:52Z" user="jotth" uid="611825" lat="-26.8724434" lon="116.7325694"/>
 <node id="13641142528" visible="true" version="1" changeset="179758942" timestamp="2026-03-12T13:39:52Z" user="jotth" uid="611825" lat="-26.8719322" lon="116.7325397"/>
 <node id="13641142529" visible="true" version="1" changeset="179758942" timestamp="2026-03-12T13:39:52Z" user="jotth" uid="611825" lat="-26.8715367" lon="116.7324018"/>
 <node id="13641142530" visible="true" version="1" changeset="179758942" timestamp="2026-03-12T13:39:52Z" user="jotth" uid="611825" lat="-26.8688387" lon="116.7323639"/>
 <node id="13641142531" visible="true" version="1" changeset="179758942" timestamp="2026-03-12T13:39:52Z" user="jotth" uid="611825" lat="-26.8648595" lon="116.7323897"/>
 <node id="13641142532" visible="true" version="1" changeset="179758942" timestamp="2026-03-12T13:39:52Z" user="jotth" uid="611825" lat="-26.8642608" lon="116.7324672"/>
 <node id="13641142533" visible="true" version="1" changeset="179758942" timestamp="2026-03-12T13:39:52Z" user="jotth" uid="611825" lat="-26.8635700" lon="116.7325963"/>
 <node id="13641142534" visible="true" version="1" changeset="179758942" timestamp="2026-03-12T13:39:52Z" user="jotth" uid="611825" lat="-26.8629804" lon="116.7327563"/>
 <node id="13641142535" visible="true" version="1" changeset="179758942" timestamp="2026-03-12T13:39:52Z" user="jotth" uid="611825" lat="-26.8623264" lon="116.7329835"/>
 <node id="13641142536" visible="true" version="1" changeset="179758942" timestamp="2026-03-12T13:39:52Z" user="jotth" uid="611825" lat="-26.8617369" lon="116.7332778"/>
 <node id="13641142537" visible="true" version="1" changeset="179758942" timestamp="2026-03-12T13:39:52Z" user="jotth" uid="611825" lat="-26.8612671" lon="116.7335204"/>
 <node id="13641142538" visible="true" version="1" changeset="179758942" timestamp="2026-03-12T13:39:52Z" user="jotth" uid="611825" lat="-26.8605854" lon="116.7339696"/>
 <node id="13641142539" visible="true" version="1" changeset="179758942" timestamp="2026-03-12T13:39:52Z" user="jotth" uid="611825" lat="-26.8598439" lon="116.7345426"/>
 <node id="13641142540" visible="true" version="1" changeset="179758942" timestamp="2026-03-12T13:39:52Z" user="jotth" uid="611825" lat="-26.8595445" lon="116.7348318"/>
 <node id="13641142541" visible="true" version="1" changeset="179758942" timestamp="2026-03-12T13:39:52Z" user="jotth" uid="611825" lat="-26.8541095" lon="116.7405780"/>
 <node id="13641142542" visible="true" version="1" changeset="179758942" timestamp="2026-03-12T13:39:52Z" user="jotth" uid="611825" lat="-26.8492592" lon="116.7456376"/>
 <node id="13641142543" visible="true" version="1" changeset="179758942" timestamp="2026-03-12T13:39:52Z" user="jotth" uid="611825" lat="-26.8454498" lon="116.7496284"/>
 <node id="13641142544" visible="true" version="1" changeset="179758942" timestamp="2026-03-12T13:39:52Z" user="jotth" uid="611825" lat="-26.8411197" lon="116.7537174"/>
 <node id="13641142545" visible="true" version="1" changeset="179758942" timestamp="2026-03-12T13:39:52Z" user="jotth" uid="611825" lat="-26.8390559" lon="116.7556999"/>
 <node id="13641142546" visible="true" version="1" changeset="179758942" timestamp="2026-03-12T13:39:52Z" user="jotth" uid="611825" lat="-26.8384800" lon="116.7562523"/>
 <node id="13641142547" visible="true" version="1" changeset="179758942" timestamp="2026-03-12T13:39:52Z" user="jotth" uid="611825" lat="-26.8370833" lon="116.7571307"/>
 <node id="13641142548" visible="true" version="1" changeset="179758942" timestamp="2026-03-12T13:39:52Z" user="jotth" uid="611825" lat="-26.8356285" lon="116.7579767"/>
 <node id="13641142549" visible="true" version="1" changeset="179758942" timestamp="2026-03-12T13:39:52Z" user="jotth" uid="611825" lat="-26.8340621" lon="116.7584878"/>
 <node id="13641142550" visible="true" version="1" changeset="179758942" timestamp="2026-03-12T13:39:52Z" user="jotth" uid="611825" lat="-26.8318278" lon="116.7591383"/>
 <node id="13641142551" visible="true" version="1" changeset="179758942" timestamp="2026-03-12T13:39:52Z" user="jotth" uid="611825" lat="-26.8314224" lon="116.7593139"/>
 <node id="13641142552" visible="true" version="1" changeset="179758942" timestamp="2026-03-12T13:39:52Z" user="jotth" uid="611825" lat="-26.8299020" lon="116.7596959"/>
 <node id="13641142553" visible="true" version="1" changeset="179758942" timestamp="2026-03-12T13:39:52Z" user="jotth" uid="611825" lat="-26.8287042" lon="116.7603981"/>
 <node id="13641142554" visible="true" version="1" changeset="179758942" timestamp="2026-03-12T13:39:52Z" user="jotth" uid="611825" lat="-26.8275893" lon="116.7610434"/>
 <node id="13641142555" visible="true" version="1" changeset="179758942" timestamp="2026-03-12T13:39:52Z" user="jotth" uid="611825" lat="-26.8274867" lon="116.7611474"/>
 <node id="13641142556" visible="true" version="1" changeset="179758942" timestamp="2026-03-12T13:39:52Z" user="jotth" uid="611825" lat="-26.8274343" lon="116.7612941"/>
 <node id="13641142557" visible="true" version="1" changeset="179758942" timestamp="2026-03-12T13:39:52Z" user="jotth" uid="611825" lat="-26.8274335" lon="116.7614617"/>
 <node id="13641142558" visible="true" version="1" changeset="179758942" timestamp="2026-03-12T13:39:52Z" user="jotth" uid="611825" lat="-26.8274879" lon="116.7616475"/>
 <node id="13641142559" visible="true" version="1" changeset="179758942" timestamp="2026-03-12T13:39:52Z" user="jotth" uid="611825" lat="-26.8278947" lon="116.7624614"/>
 <node id="13641142560" visible="true" version="1" changeset="179758942" timestamp="2026-03-12T13:39:52Z" user="jotth" uid="611825" lat="-26.8284969" lon="116.7639862"/>
 <node id="13641142561" visible="true" version="1" changeset="179758942" timestamp="2026-03-12T13:39:52Z" user="jotth" uid="611825" lat="-26.8291833" lon="116.7654628"/>
 <node id="13641142562" visible="true" version="1" changeset="179758942" timestamp="2026-03-12T13:39:52Z" user="jotth" uid="611825" lat="-26.8293282" lon="116.7659953"/>
 <node id="13641142563" visible="true" version="1" changeset="179758942" timestamp="2026-03-12T13:39:52Z" user="jotth" uid="611825" lat="-26.8292775" lon="116.7657076"/>
 <node id="13641142564" visible="true" version="1" changeset="179758942" timestamp="2026-03-12T13:39:52Z" user="jotth" uid="611825" lat="-26.8411732" lon="116.7534886"/>
 <node id="13641142565" visible="true" version="1" changeset="179758942" timestamp="2026-03-12T13:39:52Z" user="jotth" uid="611825" lat="-26.8411177" lon="116.7527819"/>
 <node id="13641142566" visible="true" version="1" changeset="179758942" timestamp="2026-03-12T13:39:52Z" user="jotth" uid="611825" lat="-26.8212057" lon="116.7709681"/>
 <node id="13641142567" visible="true" version="1" changeset="179758942" timestamp="2026-03-12T13:39:52Z" user="jotth" uid="611825" lat="-26.8212033" lon="116.7718990"/>
 <node id="13641142568" visible="true" version="1" changeset="179758942" timestamp="2026-03-12T13:39:52Z" user="jotth" uid="611825" lat="-26.8155323" lon="116.7690285"/>
 <node id="13641142569" visible="true" version="1" changeset="179758942" timestamp="2026-03-12T13:39:52Z" user="jotth" uid="611825" lat="-26.8152705" lon="116.7693342"/>
 <node id="13641142570" visible="true" version="1" changeset="179758942" timestamp="2026-03-12T13:39:52Z" user="jotth" uid="611825" lat="-26.8145566" lon="116.7698140"/>
 <node id="13641142571" visible="true" version="1" changeset="179758942" timestamp="2026-03-12T13:39:52Z" user="jotth" uid="611825" lat="-26.8104339" lon="116.7605335"/>
 <node id="13641142572" visible="true" version="1" changeset="179758942" timestamp="2026-03-12T13:39:52Z" user="jotth" uid="611825" lat="-26.8101736" lon="116.7605215"/>
 <node id="13641142573" visible="true" version="1" changeset="179758942" timestamp="2026-03-12T13:39:52Z" user="jotth" uid="611825" lat="-26.8094206" lon="116.7610957"/>
 <node id="13641142575" visible="true" version="1" changeset="179758942" timestamp="2026-03-12T13:39:52Z" user="jotth" uid="611825" lat="-26.8726061" lon="116.7322565"/>
 <node id="13641142581" visible="true" version="1" changeset="179758942" timestamp="2026-03-12T13:39:52Z" user="jotth" uid="611825" lat="-26.8726110" lon="116.7316377"/>
 <node id="13641142582" visible="true" version="1" changeset="179758942" timestamp="2026-03-12T13:39:52Z" user="jotth" uid="611825" lat="-26.8727858" lon="116.7311998"/>
 <node id="13641142624" visible="true" version="1" changeset="179758942" timestamp="2026-03-12T13:39:52Z" user="jotth" uid="611825" lat="-26.8212748" lon="116.7621266"/>
 <node id="13641142625" visible="true" version="1" changeset="179758942" timestamp="2026-03-12T13:39:52Z" user="jotth" uid="611825" lat="-26.8206962" lon="116.7611653"/>
 <node id="13641142626" visible="true" version="1" changeset="179758942" timestamp="2026-03-12T13:39:52Z" user="jotth" uid="611825" lat="-26.8205545" lon="116.7608907"/>
 <node id="13641142627" visible="true" version="1" changeset="179758942" timestamp="2026-03-12T13:39:52Z" user="jotth" uid="611825" lat="-26.8204817" lon="116.7606847"/>
 <node id="13641142628" visible="true" version="1" changeset="179758942" timestamp="2026-03-12T13:39:52Z" user="jotth" uid="611825" lat="-26.8204855" lon="116.7604615"/>
 <node id="13641142629" visible="true" version="1" changeset="179758942" timestamp="2026-03-12T13:39:52Z" user="jotth" uid="611825" lat="-26.8212975" lon="116.7577321"/>
 <node id="13641142630" visible="true" version="1" changeset="179758942" timestamp="2026-03-12T13:39:52Z" user="jotth" uid="611825" lat="-26.8265978" lon="116.7529599"/>
 <node id="13641142631" visible="true" version="1" changeset="179758942" timestamp="2026-03-12T13:39:52Z" user="jotth" uid="611825" lat="-26.8290073" lon="116.7622067"/>
 <node id="13641142632" visible="true" version="1" changeset="179758942" timestamp="2026-03-12T13:39:52Z" user="jotth" uid="611825" lat="-26.8283478" lon="116.7606044"/>
 <node id="13641142633" visible="true" version="1" changeset="179758942" timestamp="2026-03-12T13:39:52Z" user="jotth" uid="611825" lat="-26.8279968" lon="116.7596818"/>
 <node id="13641142634" visible="true" version="1" changeset="179758942" timestamp="2026-03-12T13:39:52Z" user="jotth" uid="611825" lat="-26.8276148" lon="116.7593143"/>
 <node id="13641142635" visible="true" version="1" changeset="179758942" timestamp="2026-03-12T13:39:52Z" user="jotth" uid="611825" lat="-26.8272710" lon="116.7591431"/>
 <node id="13641142636" visible="true" version="1" changeset="179758942" timestamp="2026-03-12T13:39:52Z" user="jotth" uid="611825" lat="-26.8258544" lon="116.7586508"/>
 <node id="13641142637" visible="true" version="1" changeset="179758942" timestamp="2026-03-12T13:39:52Z" user="jotth" uid="611825" lat="-26.8252464" lon="116.7587329"/>
 <node id="13641142638" visible="true" version="1" changeset="179758942" timestamp="2026-03-12T13:39:52Z" user="jotth" uid="611825" lat="-26.8218592" lon="116.7603203"/>
 <node id="13641142639" visible="true" version="1" changeset="179758942" timestamp="2026-03-12T13:39:52Z" user="jotth" uid="611825" lat="-26.8199141" lon="116.7617900"/>
 <node id="13641142640" visible="true" version="1" changeset="179758942" timestamp="2026-03-12T13:39:52Z" user="jotth" uid="611825" lat="-26.8196094" lon="116.7621398"/>
 <node id="13641142641" visible="true" version="1" changeset="179758942" timestamp="2026-03-12T13:39:52Z" user="jotth" uid="611825" lat="-26.8255440" lon="116.7586562"/>
 <node id="13641142642" visible="true" version="1" changeset="179758942" timestamp="2026-03-12T13:39:52Z" user="jotth" uid="611825" lat="-26.8278249" lon="116.7594606"/>
 <node id="13641142643" visible="true" version="1" changeset="179758942" timestamp="2026-03-12T13:39:52Z" user="jotth" uid="611825" lat="-26.8212288" lon="116.7579630"/>
 <node id="13641142644" visible="true" version="1" changeset="179758942" timestamp="2026-03-12T13:39:52Z" user="jotth" uid="611825" lat="-26.8210658" lon="116.7579030"/>
 <node id="13641142645" visible="true" version="1" changeset="179758942" timestamp="2026-03-12T13:39:52Z" user="jotth" uid="611825" lat="-26.8209140" lon="116.7577551"/>
 <node id="13641142646" visible="true" version="1" changeset="179758942" timestamp="2026-03-12T13:39:52Z" user="jotth" uid="611825" lat="-26.8205212" lon="116.7570730"/>
 <node id="13641142647" visible="true" version="1" changeset="179758942" timestamp="2026-03-12T13:39:52Z" user="jotth" uid="611825" lat="-26.8264406" lon="116.7530875"/>
 <node id="13641190277" visible="true" version="1" changeset="179760080" timestamp="2026-03-12T14:09:56Z" user="jotth" uid="611825" lat="-26.8367036" lon="116.8112660"/>
 <node id="13641190278" visible="true" version="1" changeset="179760080" timestamp="2026-03-12T14:09:56Z" user="jotth" uid="611825" lat="-26.8364258" lon="116.8121111"/>
 <node id="13641190279" visible="true" version="1" changeset="179760080" timestamp="2026-03-12T14:09:56Z" user="jotth" uid="611825" lat="-26.8362247" lon="116.8123246"/>
 <node id="13641190280" visible="true" version="1" changeset="179760080" timestamp="2026-03-12T14:09:56Z" user="jotth" uid="611825" lat="-26.8360262" lon="116.8121526"/>
 <node id="13641190281" visible="true" version="1" changeset="179760080" timestamp="2026-03-12T14:09:56Z" user="jotth" uid="611825" lat="-26.8354706" lon="116.8120993"/>
 <node id="13641190282" visible="true" version="1" changeset="179760080" timestamp="2026-03-12T14:09:56Z" user="jotth" uid="611825" lat="-26.8353542" lon="116.8105573"/>
 <node id="13641190283" visible="true" version="1" changeset="179760080" timestamp="2026-03-12T14:09:56Z" user="jotth" uid="611825" lat="-26.8357537" lon="116.8104862"/>
 <node id="13641190284" visible="true" version="1" changeset="179760080" timestamp="2026-03-12T14:09:56Z" user="jotth" uid="611825" lat="-26.8363887" lon="116.8105959"/>
 <node id="13641190285" visible="true" version="1" changeset="179760080" timestamp="2026-03-12T14:09:56Z" user="jotth" uid="611825" lat="-26.8403072" lon="116.8138516"/>
 <node id="13641190286" visible="true" version="1" changeset="179760080" timestamp="2026-03-12T14:09:56Z" user="jotth" uid="611825" lat="-26.8403532" lon="116.8138862"/>
 <node id="13641190287" visible="true" version="1" changeset="179760080" timestamp="2026-03-12T14:09:56Z" user="jotth" uid="611825" lat="-26.8402880" lon="116.8139951"/>
 <node id="13641190288" visible="true" version="1" changeset="179760080" timestamp="2026-03-12T14:09:56Z" user="jotth" uid="611825" lat="-26.8402421" lon="116.8139605"/>
 <node id="13641190289" visible="true" version="1" changeset="179760080" timestamp="2026-03-12T14:09:56Z" user="jotth" uid="611825" lat="-26.8146213" lon="116.8256315"/>
 <node id="13641190290" visible="true" version="1" changeset="179760080" timestamp="2026-03-12T14:09:56Z" user="jotth" uid="611825" lat="-26.8147203" lon="116.8255947"/>
 <node id="13641190291" visible="true" version="1" changeset="179760080" timestamp="2026-03-12T14:09:56Z" user="jotth" uid="611825" lat="-26.8147387" lon="116.8256570"/>
 <node id="13641190292" visible="true" version="1" changeset="179760080" timestamp="2026-03-12T14:09:56Z" user="jotth" uid="611825" lat="-26.8146397" lon="116.8256938"/>
 <node id="13641190293" visible="true" version="1" changeset="179760080" timestamp="2026-03-12T14:09:56Z" user="jotth" uid="611825" lat="-26.8098162" lon="116.8257675"/>
 <node id="13641190294" visible="true" version="1" changeset="179760080" timestamp="2026-03-12T14:09:56Z" user="jotth" uid="611825" lat="-26.8105142" lon="116.8257675"/>
 <node id="13641190295" visible="true" version="1" changeset="179760080" timestamp="2026-03-12T14:09:56Z" user="jotth" uid="611825" lat="-26.8107288" lon="116.8262281"/>
 <node id="13641190296" visible="true" version="1" changeset="179760080" timestamp="2026-03-12T14:09:56Z" user="jotth" uid="611825" lat="-26.8107469" lon="116.8267810"/>
 <node id="13641190297" visible="true" version="1" changeset="179760080" timestamp="2026-03-12T14:09:56Z" user="jotth" uid="611825" lat="-26.8106065" lon="116.8267810"/>
 <node id="13641190298" visible="true" version="1" changeset="179760080" timestamp="2026-03-12T14:09:56Z" user="jotth" uid="611825" lat="-26.8104621" lon="116.8272821"/>
 <node id="13641190299" visible="true" version="1" changeset="179760080" timestamp="2026-03-12T14:09:56Z" user="jotth" uid="611825" lat="-26.8097180" lon="116.8272821"/>
 <node id="13641190300" visible="true" version="1" changeset="179760080" timestamp="2026-03-12T14:09:56Z" user="jotth" uid="611825" lat="-26.8095776" lon="116.8270102"/>
 <node id="13641193301" visible="true" version="1" changeset="179760080" timestamp="2026-03-12T14:09:56Z" user="jotth" uid="611825" lat="-26.8097681" lon="116.8264866"/>
 <node id="13641193302" visible="true" version="1" changeset="179760080" timestamp="2026-03-12T14:09:56Z" user="jotth" uid="611825" lat="-26.8096578" lon="116.8261854"/>
 <node id="13641193303" visible="true" version="1" changeset="179760080" timestamp="2026-03-12T14:09:56Z" user="jotth" uid="611825" lat="-26.8096598" lon="116.8259045"/>
 <node id="13641193304" visible="true" version="1" changeset="179760080" timestamp="2026-03-12T14:09:56Z" user="jotth" uid="611825" lat="-26.8107039" lon="116.8261747"/>
 <node id="13641193305" visible="true" version="1" changeset="179760080" timestamp="2026-03-12T14:09:56Z" user="jotth" uid="611825" lat="-26.8108913" lon="116.8260529"/>
 <node id="13641193306" visible="true" version="1" changeset="179760080" timestamp="2026-03-12T14:09:56Z" user="jotth" uid="611825" lat="-26.8110016" lon="116.8260034"/>
 <node id="13641193307" visible="true" version="1" changeset="179760080" timestamp="2026-03-12T14:09:56Z" user="jotth" uid="611825" lat="-26.8111580" lon="116.8259742"/>
 <node id="13641193308" visible="true" version="1" changeset="179760080" timestamp="2026-03-12T14:09:56Z" user="jotth" uid="611825" lat="-26.8122150" lon="116.8258596"/>
 <node id="13641193309" visible="true" version="1" changeset="179760080" timestamp="2026-03-12T14:09:56Z" user="jotth" uid="611825" lat="-26.8127926" lon="116.8257495"/>
 <node id="13641193310" visible="true" version="1" changeset="179760080" timestamp="2026-03-12T14:09:56Z" user="jotth" uid="611825" lat="-26.8135127" lon="116.8256978"/>
 <node id="13641193311" visible="true" version="1" changeset="179760080" timestamp="2026-03-12T14:09:56Z" user="jotth" uid="611825" lat="-26.8144834" lon="116.8255585"/>
 <node id="13641193312" visible="true" version="1" changeset="179760080" timestamp="2026-03-12T14:09:56Z" user="jotth" uid="611825" lat="-26.8155022" lon="116.8251382"/>
 <node id="13641193313" visible="true" version="1" changeset="179760080" timestamp="2026-03-12T14:09:56Z" user="jotth" uid="611825" lat="-26.8174898" lon="116.8243607"/>
 <node id="13641193314" visible="true" version="1" changeset="179760080" timestamp="2026-03-12T14:09:56Z" user="jotth" uid="611825" lat="-26.8185086" lon="116.8239652"/>
 <node id="13641193315" visible="true" version="1" changeset="179760080" timestamp="2026-03-12T14:09:56Z" user="jotth" uid="611825" lat="-26.8193369" lon="116.8235786"/>
 <node id="13641193316" visible="true" version="1" changeset="179760080" timestamp="2026-03-12T14:09:56Z" user="jotth" uid="611825" lat="-26.8206926" lon="116.8231269"/>
 <node id="13641193317" visible="true" version="1" changeset="179760080" timestamp="2026-03-12T14:09:56Z" user="jotth" uid="611825" lat="-26.8221907" lon="116.8225022"/>
 <node id="13641193318" visible="true" version="1" changeset="179760080" timestamp="2026-03-12T14:09:56Z" user="jotth" uid="611825" lat="-26.8228324" lon="116.8222820"/>
 <node id="13641193319" visible="true" version="1" changeset="179760080" timestamp="2026-03-12T14:09:56Z" user="jotth" uid="611825" lat="-26.8242703" lon="116.8217134"/>
 <node id="13641193320" visible="true" version="1" changeset="179760080" timestamp="2026-03-12T14:09:56Z" user="jotth" uid="611825" lat="-26.8260391" lon="116.8209718"/>
 <node id="13641193321" visible="true" version="1" changeset="179760080" timestamp="2026-03-12T14:09:56Z" user="jotth" uid="611825" lat="-26.8278801" lon="116.8202774"/>
 <node id="13641193322" visible="true" version="1" changeset="179760080" timestamp="2026-03-12T14:09:56Z" user="jotth" uid="611825" lat="-26.8298573" lon="116.8194999"/>
 <node id="13641193323" visible="true" version="1" changeset="179760080" timestamp="2026-03-12T14:09:56Z" user="jotth" uid="611825" lat="-26.8328432" lon="116.8183201"/>
 <node id="13641193324" visible="true" version="1" changeset="179760080" timestamp="2026-03-12T14:09:56Z" user="jotth" uid="611825" lat="-26.8363745" lon="116.8170796"/>
 <node id="13641193325" visible="true" version="1" changeset="179760080" timestamp="2026-03-12T14:09:56Z" user="jotth" uid="611825" lat="-26.8378283" lon="116.8164301"/>
 <node id="13641193326" visible="true" version="1" changeset="179760080" timestamp="2026-03-12T14:09:56Z" user="jotth" uid="611825" lat="-26.8388930" lon="116.8158324"/>
 <node id="13641193327" visible="true" version="1" changeset="179760080" timestamp="2026-03-12T14:09:56Z" user="jotth" uid="611825" lat="-26.8390073" lon="116.8157178"/>
 <node id="13641193328" visible="true" version="1" changeset="179760080" timestamp="2026-03-12T14:09:56Z" user="jotth" uid="611825" lat="-26.8400540" lon="116.8141087"/>
 <node id="13641193329" visible="true" version="1" changeset="179760080" timestamp="2026-03-12T14:09:56Z" user="jotth" uid="611825" lat="-26.8401194" lon="116.8139149"/>
 <node id="13641193330" visible="true" version="1" changeset="179760080" timestamp="2026-03-12T14:09:56Z" user="jotth" uid="611825" lat="-26.8401563" lon="116.8137222"/>
 <node id="13641193331" visible="true" version="1" changeset="179760080" timestamp="2026-03-12T14:09:56Z" user="jotth" uid="611825" lat="-26.8404771" lon="116.8102345"/>
 <node id="13641193332" visible="true" version="1" changeset="179760080" timestamp="2026-03-12T14:09:56Z" user="jotth" uid="611825" lat="-26.8406535" lon="116.8093423"/>
 <node id="13641193333" visible="true" version="1" changeset="179760080" timestamp="2026-03-12T14:09:56Z" user="jotth" uid="611825" lat="-26.8418085" lon="116.8031916"/>
 <node id="13641193334" visible="true" version="1" changeset="179760080" timestamp="2026-03-12T14:09:56Z" user="jotth" uid="611825" lat="-26.8421915" lon="116.8011241"/>
 <node id="13641193335" visible="true" version="1" changeset="179760080" timestamp="2026-03-12T14:09:56Z" user="jotth" uid="611825" lat="-26.8425453" lon="116.7991248"/>
 <node id="13641193336" visible="true" version="1" changeset="179760080" timestamp="2026-03-12T14:09:56Z" user="jotth" uid="611825" lat="-26.8431115" lon="116.7958037"/>
 <node id="13641193337" visible="true" version="1" changeset="179760080" timestamp="2026-03-12T14:09:56Z" user="jotth" uid="611825" lat="-26.8434131" lon="116.7939000"/>
 <node id="13641193338" visible="true" version="1" changeset="179760080" timestamp="2026-03-12T14:09:56Z" user="jotth" uid="611825" lat="-26.8434184" lon="116.7936747"/>
 <node id="13641193339" visible="true" version="1" changeset="179760080" timestamp="2026-03-12T14:09:56Z" user="jotth" uid="611825" lat="-26.8435719" lon="116.7929482"/>
 <node id="13641193340" visible="true" version="1" changeset="179760080" timestamp="2026-03-12T14:09:56Z" user="jotth" uid="611825" lat="-26.8435904" lon="116.7926072"/>
 <node id="13641193341" visible="true" version="1" changeset="179760080" timestamp="2026-03-12T14:09:56Z" user="jotth" uid="611825" lat="-26.8437730" lon="116.7916553"/>
 <node id="13641193342" visible="true" version="1" changeset="179760080" timestamp="2026-03-12T14:09:56Z" user="jotth" uid="611825" lat="-26.8438365" lon="116.7912431"/>
 <node id="13641193343" visible="true" version="1" changeset="179760080" timestamp="2026-03-12T14:09:56Z" user="jotth" uid="611825" lat="-26.8440375" lon="116.7889807"/>
 <node id="13641193344" visible="true" version="1" changeset="179760080" timestamp="2026-03-12T14:09:56Z" user="jotth" uid="611825" lat="-26.8440296" lon="116.7887672"/>
 <node id="13641193345" visible="true" version="1" changeset="179760080" timestamp="2026-03-12T14:09:56Z" user="jotth" uid="611825" lat="-26.8441143" lon="116.7884499"/>
 <node id="13641193346" visible="true" version="1" changeset="179760080" timestamp="2026-03-12T14:09:56Z" user="jotth" uid="611825" lat="-26.8441090" lon="116.7880585"/>
 <node id="13641193347" visible="true" version="1" changeset="179760080" timestamp="2026-03-12T14:09:56Z" user="jotth" uid="611825" lat="-26.8442201" lon="116.7871274"/>
 <node id="13641193348" visible="true" version="1" changeset="179760080" timestamp="2026-03-12T14:09:56Z" user="jotth" uid="611825" lat="-26.8449106" lon="116.7794681"/>
 <node id="13641193350" visible="true" version="1" changeset="179760080" timestamp="2026-03-12T14:09:56Z" user="jotth" uid="611825" lat="-26.8371278" lon="116.8168290"/>
 <node id="13641193351" visible="true" version="1" changeset="179760080" timestamp="2026-03-12T14:09:56Z" user="jotth" uid="611825" lat="-26.8365271" lon="116.8118029"/>
 <node id="13641193352" visible="true" version="1" changeset="179760080" timestamp="2026-03-12T14:09:56Z" user="jotth" uid="611825" lat="-26.8606942" lon="116.8341774"/>
 <node id="13641193353" visible="true" version="1" changeset="179760080" timestamp="2026-03-12T14:09:56Z" user="jotth" uid="611825" lat="-26.8617814" lon="116.8339669"/>
 <node id="13641193354" visible="true" version="1" changeset="179760080" timestamp="2026-03-12T14:09:56Z" user="jotth" uid="611825" lat="-26.8621200" lon="116.8347557"/>
 <node id="13641193355" visible="true" version="1" changeset="179760080" timestamp="2026-03-12T14:09:56Z" user="jotth" uid="611825" lat="-26.8617523" lon="116.8356986"/>
 <node id="13641193356" visible="true" version="1" changeset="179760080" timestamp="2026-03-12T14:09:56Z" user="jotth" uid="611825" lat="-26.8606360" lon="116.8355266"/>
 <node id="13641193357" visible="true" version="1" changeset="179760080" timestamp="2026-03-12T14:09:56Z" user="jotth" uid="611825" lat="-26.8570785" lon="116.8335807"/>
 <node id="13641193358" visible="true" version="1" changeset="179760080" timestamp="2026-03-12T14:09:56Z" user="jotth" uid="611825" lat="-26.8571286" lon="116.8335808"/>
 <node id="13641193359" visible="true" version="1" changeset="179760080" timestamp="2026-03-12T14:09:56Z" user="jotth" uid="611825" lat="-26.8571283" lon="116.8337097"/>
 <node id="13641193360" visible="true" version="1" changeset="179760080" timestamp="2026-03-12T14:09:56Z" user="jotth" uid="611825" lat="-26.8570782" lon="116.8337095"/>
 <node id="13641193361" visible="true" version="1" changeset="179760080" timestamp="2026-03-12T14:09:56Z" user="jotth" uid="611825" lat="-26.8570829" lon="116.8337560"/>
 <node id="13641193362" visible="true" version="1" changeset="179760080" timestamp="2026-03-12T14:09:56Z" user="jotth" uid="611825" lat="-26.8571205" lon="116.8337556"/>
 <node id="13641193363" visible="true" version="1" changeset="179760080" timestamp="2026-03-12T14:09:56Z" user="jotth" uid="611825" lat="-26.8571210" lon="116.8338056"/>
 <node id="13641193364" visible="true" version="1" changeset="179760080" timestamp="2026-03-12T14:09:56Z" user="jotth" uid="611825" lat="-26.8570833" lon="116.8338060"/>
 <node id="13641193373" visible="true" version="1" changeset="179760080" timestamp="2026-03-12T14:09:56Z" user="jotth" uid="611825" lat="-26.8606726" lon="116.8346781"/>
 <node id="13641193374" visible="true" version="1" changeset="179760080" timestamp="2026-03-12T14:09:56Z" user="jotth" uid="611825" lat="-26.8605105" lon="116.8345399"/>
 <node id="13641193375" visible="true" version="1" changeset="179760080" timestamp="2026-03-12T14:09:56Z" user="jotth" uid="611825" lat="-26.8602163" lon="116.8343426"/>
 <node id="13641193376" visible="true" version="1" changeset="179760080" timestamp="2026-03-12T14:09:56Z" user="jotth" uid="611825" lat="-26.8600016" lon="116.8342534"/>
 <node id="13641193377" visible="true" version="1" changeset="179760080" timestamp="2026-03-12T14:09:56Z" user="jotth" uid="611825" lat="-26.8572811" lon="116.8336802"/>
 <node id="13641193380" visible="true" version="1" changeset="179760080" timestamp="2026-03-12T14:09:56Z" user="jotth" uid="611825" lat="-26.8101479" lon="116.9326675"/>
 <node id="13641193381" visible="true" version="1" changeset="179760080" timestamp="2026-03-12T14:09:56Z" user="jotth" uid="611825" lat="-26.7868972" lon="116.9877035"/>
 <node id="13641193382" visible="true" version="1" changeset="179760080" timestamp="2026-03-12T14:09:56Z" user="jotth" uid="611825" lat="-26.7881448" lon="116.9864317"/>
 <node id="13641193383" visible="true" version="1" changeset="179760080" timestamp="2026-03-12T14:09:56Z" user="jotth" uid="611825" lat="-26.7883209" lon="116.9861926"/>
 <node id="13641193384" visible="true" version="1" changeset="179760080" timestamp="2026-03-12T14:09:56Z" user="jotth" uid="611825" lat="-26.7884155" lon="116.9859067"/>
 <node id="13641193385" visible="true" version="1" changeset="179760080" timestamp="2026-03-12T14:09:56Z" user="jotth" uid="611825" lat="-26.7888181" lon="116.9829982"/>
 <node id="13641193386" visible="true" version="1" changeset="179760080" timestamp="2026-03-12T14:09:56Z" user="jotth" uid="611825" lat="-26.7892868" lon="116.9816326"/>
 <node id="13641193387" visible="true" version="1" changeset="179760080" timestamp="2026-03-12T14:09:56Z" user="jotth" uid="611825" lat="-26.7925520" lon="116.9575764"/>
 <node id="13641193388" visible="true" version="1" changeset="179760080" timestamp="2026-03-12T14:09:56Z" user="jotth" uid="611825" lat="-26.7970551" lon="116.9511679"/>
 <node id="13641193389" visible="true" version="1" changeset="179760080" timestamp="2026-03-12T14:09:56Z" user="jotth" uid="611825" lat="-26.8019407" lon="116.9443066"/>
 <node id="13641193390" visible="true" version="1" changeset="179760080" timestamp="2026-03-12T14:09:56Z" user="jotth" uid="611825" lat="-26.8022845" lon="116.9435936"/>
 <node id="13641193391" visible="true" version="1" changeset="179760080" timestamp="2026-03-12T14:09:56Z" user="jotth" uid="611825" lat="-26.8168990" lon="116.9211421"/>
 <node id="13641193392" visible="true" version="1" changeset="179760080" timestamp="2026-03-12T14:09:56Z" user="jotth" uid="611825" lat="-26.8257048" lon="116.9060625"/>
 <node id="13641193393" visible="true" version="1" changeset="179760080" timestamp="2026-03-12T14:09:56Z" user="jotth" uid="611825" lat="-26.8299173" lon="116.8988423"/>
 <node id="13641193394" visible="true" version="1" changeset="179760080" timestamp="2026-03-12T14:09:56Z" user="jotth" uid="611825" lat="-26.8300156" lon="116.8985714"/>
 <node id="13641193395" visible="true" version="1" changeset="179760080" timestamp="2026-03-12T14:09:56Z" user="jotth" uid="611825" lat="-26.8300325" lon="116.8983686"/>
 <node id="13641193396" visible="true" version="1" changeset="179760080" timestamp="2026-03-12T14:09:56Z" user="jotth" uid="611825" lat="-26.8300036" lon="116.8980550"/>
 <node id="13641193397" visible="true" version="1" changeset="179760080" timestamp="2026-03-12T14:09:56Z" user="jotth" uid="611825" lat="-26.8292704" lon="116.8931831"/>
 <node id="13641193398" visible="true" version="1" changeset="179760080" timestamp="2026-03-12T14:09:56Z" user="jotth" uid="611825" lat="-26.8315627" lon="116.8876530"/>
 <node id="13641193399" visible="true" version="1" changeset="179760080" timestamp="2026-03-12T14:09:56Z" user="jotth" uid="611825" lat="-26.8391409" lon="116.8830994"/>
 <node id="13641193400" visible="true" version="1" changeset="179760080" timestamp="2026-03-12T14:09:56Z" user="jotth" uid="611825" lat="-26.8427894" lon="116.8803166"/>
 <node id="13641193401" visible="true" version="1" changeset="179760080" timestamp="2026-03-12T14:09:56Z" user="jotth" uid="611825" lat="-26.8436416" lon="116.8800740"/>
 <node id="13641193402" visible="true" version="1" changeset="179760080" timestamp="2026-03-12T14:09:56Z" user="jotth" uid="611825" lat="-26.8444431" lon="116.8795164"/>
 <node id="13641193403" visible="true" version="1" changeset="179760080" timestamp="2026-03-12T14:09:56Z" user="jotth" uid="611825" lat="-26.8449222" lon="116.8786645"/>
 <node id="13641193404" visible="true" version="1" changeset="179760080" timestamp="2026-03-12T14:09:56Z" user="jotth" uid="611825" lat="-26.8454611" lon="116.8782928"/>
 <node id="13641193405" visible="true" version="1" changeset="179760080" timestamp="2026-03-12T14:09:56Z" user="jotth" uid="611825" lat="-26.8459862" lon="116.8781689"/>
 <node id="13641193406" visible="true" version="1" changeset="179760080" timestamp="2026-03-12T14:09:56Z" user="jotth" uid="611825" lat="-26.8492798" lon="116.8766769"/>
 <node id="13641193407" visible="true" version="1" changeset="179760080" timestamp="2026-03-12T14:09:56Z" user="jotth" uid="611825" lat="-26.8501227" lon="116.8765942"/>
 <node id="13641193408" visible="true" version="1" changeset="179760080" timestamp="2026-03-12T14:09:56Z" user="jotth" uid="611825" lat="-26.8536155" lon="116.8752585"/>
 <node id="13641193409" visible="true" version="1" changeset="179760080" timestamp="2026-03-12T14:09:56Z" user="jotth" uid="611825" lat="-26.8549601" lon="116.8744663"/>
 <node id="13641193410" visible="true" version="1" changeset="179760080" timestamp="2026-03-12T14:09:56Z" user="jotth" uid="611825" lat="-26.8534655" lon="116.8642279"/>
 <node id="13641193411" visible="true" version="1" changeset="179760080" timestamp="2026-03-12T14:09:56Z" user="jotth" uid="611825" lat="-26.8537524" lon="116.8616737"/>
 <node id="13641193412" visible="true" version="1" changeset="179760080" timestamp="2026-03-12T14:09:56Z" user="jotth" uid="611825" lat="-26.8551991" lon="116.8586937"/>
 <node id="13641193413" visible="true" version="1" changeset="179760080" timestamp="2026-03-12T14:09:56Z" user="jotth" uid="611825" lat="-26.8557301" lon="116.8571533"/>
 <node id="13641193414" visible="true" version="1" changeset="179760080" timestamp="2026-03-12T14:09:56Z" user="jotth" uid="611825" lat="-26.8564837" lon="116.8476411"/>
 <node id="13641193415" visible="true" version="1" changeset="179760080" timestamp="2026-03-12T14:09:56Z" user="jotth" uid="611825" lat="-26.8570580" lon="116.8387991"/>
 <node id="13641193416" visible="true" version="1" changeset="179760080" timestamp="2026-03-12T14:09:56Z" user="jotth" uid="611825" lat="-26.8572791" lon="116.8339427"/>
 <node id="13641193417" visible="true" version="1" changeset="179760080" timestamp="2026-03-12T14:09:56Z" user="jotth" uid="611825" lat="-26.8571930" lon="116.8334124"/>
 <node id="13641193418" visible="true" version="1" changeset="179760080" timestamp="2026-03-12T14:09:56Z" user="jotth" uid="611825" lat="-26.8527620" lon="116.8226944"/>
 <node id="13641193419" visible="true" version="1" changeset="179760080" timestamp="2026-03-12T14:09:56Z" user="jotth" uid="611825" lat="-26.8502655" lon="116.8168191"/>
 <node id="13641193420" visible="true" version="1" changeset="179760080" timestamp="2026-03-12T14:09:56Z" user="jotth" uid="611825" lat="-26.8491324" lon="116.8141602"/>
 <node id="13641193421" visible="true" version="1" changeset="179760080" timestamp="2026-03-12T14:09:56Z" user="jotth" uid="611825" lat="-26.8457421" lon="116.8055641"/>
 <node id="13641193422" visible="true" version="1" changeset="179760080" timestamp="2026-03-12T14:09:56Z" user="jotth" uid="611825" lat="-26.8435817" lon="116.8001225"/>
 <node id="13641193423" visible="true" version="1" changeset="179760080" timestamp="2026-03-12T14:09:56Z" user="jotth" uid="611825" lat="-26.8433283" lon="116.7996062"/>
 <node id="13641193424" visible="true" version="1" changeset="179760080" timestamp="2026-03-12T14:09:56Z" user="jotth" uid="611825" lat="-26.8429137" lon="116.7992138"/>
 <node id="13641193425" visible="true" version="1" changeset="179760080" timestamp="2026-03-12T14:09:56Z" user="jotth" uid="611825" lat="-26.8567781" lon="116.8435364"/>
 <node id="13641193426" visible="true" version="1" changeset="179760080" timestamp="2026-03-12T14:09:56Z" user="jotth" uid="611825" lat="-26.8560949" lon="116.8527365"/>
 <node id="13641193427" visible="true" version="1" changeset="179760080" timestamp="2026-03-12T14:09:56Z" user="jotth" uid="611825" lat="-26.8557653" lon="116.8566468"/>
 <node id="13641193428" visible="true" version="1" changeset="179760080" timestamp="2026-03-12T14:09:56Z" user="jotth" uid="611825" lat="-26.8554369" lon="116.8580938"/>
 <node id="13641193429" visible="true" version="1" changeset="179760080" timestamp="2026-03-12T14:09:56Z" user="jotth" uid="611825" lat="-26.8534528" lon="116.8637840"/>
 <node id="13641193430" visible="true" version="1" changeset="179760080" timestamp="2026-03-12T14:09:56Z" user="jotth" uid="611825" lat="-26.8543980" lon="116.8698512"/>
 <node id="13641193431" visible="true" version="1" changeset="179760080" timestamp="2026-03-12T14:09:56Z" user="jotth" uid="611825" lat="-26.8550653" lon="116.8741128"/>
 <node id="13641193432" visible="true" version="1" changeset="179760080" timestamp="2026-03-12T14:09:56Z" user="jotth" uid="611825" lat="-26.8550630" lon="116.8743103"/>
 <node id="13641193433" visible="true" version="1" changeset="179760080" timestamp="2026-03-12T14:09:56Z" user="jotth" uid="611825" lat="-26.8530385" lon="116.8754341"/>
 <node id="13641193434" visible="true" version="1" changeset="179760080" timestamp="2026-03-12T14:09:56Z" user="jotth" uid="611825" lat="-26.8508160" lon="116.8764234"/>
 <node id="13641193435" visible="true" version="1" changeset="179760080" timestamp="2026-03-12T14:09:56Z" user="jotth" uid="611825" lat="-26.8504482" lon="116.8765414"/>
 <node id="13641193436" visible="true" version="1" changeset="179760080" timestamp="2026-03-12T14:09:56Z" user="jotth" uid="611825" lat="-26.8496007" lon="116.8766059"/>
 <node id="13641193437" visible="true" version="1" changeset="179760080" timestamp="2026-03-12T14:09:56Z" user="jotth" uid="611825" lat="-26.8317327" lon="116.8874767"/>
 <node id="13641193438" visible="true" version="1" changeset="179760080" timestamp="2026-03-12T14:09:56Z" user="jotth" uid="611825" lat="-26.8293250" lon="116.8927947"/>
 <node id="13641193445" visible="true" version="1" changeset="179760080" timestamp="2026-03-12T14:09:56Z" user="jotth" uid="611825" lat="-26.8147784" lon="116.8255827"/>
 <node id="13641193446" visible="true" version="1" changeset="179760080" timestamp="2026-03-12T14:09:56Z" user="jotth" uid="611825" lat="-26.8148164" lon="116.8255693"/>
 <node id="13641193447" visible="true" version="1" changeset="179760080" timestamp="2026-03-12T14:09:56Z" user="jotth" uid="611825" lat="-26.8148267" lon="116.8256058"/>
 <node id="13641193448" visible="true" version="1" changeset="179760080" timestamp="2026-03-12T14:09:56Z" user="jotth" uid="611825" lat="-26.8147886" lon="116.8256192"/>
 <node id="13641193449" visible="true" version="1" changeset="179760080" timestamp="2026-03-12T14:09:56Z" user="jotth" uid="611825" lat="-26.8292775" lon="116.8929776"/>
 <node id="13641193450" visible="true" version="1" changeset="179760080" timestamp="2026-03-12T14:09:56Z" user="jotth" uid="611825" lat="-26.8316351" lon="116.8875578"/>
 <node id="13647781419" visible="true" version="1" changeset="179864778" timestamp="2026-03-14T16:14:23Z" user="jotth" uid="611825" lat="-26.9632691" lon="116.5739564"/>
 <node id="13655297319" visible="true" version="1" changeset="180015375" timestamp="2026-03-17T15:57:46Z" user="jotth" uid="611825" lat="-26.8191961" lon="116.7417285"/>
 <node id="13655297320" visible="true" version="1" changeset="180015375" timestamp="2026-03-17T15:57:46Z" user="jotth" uid="611825" lat="-26.8193722" lon="116.7418955"/>
 <node id="13655297321" visible="true" version="1" changeset="180015375" timestamp="2026-03-17T15:57:46Z" user="jotth" uid="611825" lat="-26.8190704" lon="116.7422950"/>
 <node id="13655297322" visible="true" version="1" changeset="180015375" timestamp="2026-03-17T15:57:46Z" user="jotth" uid="611825" lat="-26.8188943" lon="116.7421280"/>
 <node id="13659229710" visible="true" version="1" changeset="180069043" timestamp="2026-03-18T16:36:56Z" user="jotth" uid="611825" lat="-26.8411125" lon="116.7523620"/>
 <node id="13659229711" visible="true" version="1" changeset="180069043" timestamp="2026-03-18T16:36:56Z" user="jotth" uid="611825" lat="-26.8410495" lon="116.7389852"/>
 <node id="13659405625" visible="true" version="1" changeset="180073373" timestamp="2026-03-18T18:10:15Z" user="jotth" uid="611825" lat="-26.8631201" lon="116.6934368">
  <tag k="frequency" v="50 - 350 MHz"/>
  <tag k="man_made" v="antenna"/>
  <tag k="name" v="S10-6"/>
 </node>
 <node id="13659405626" visible="true" version="1" changeset="180073373" timestamp="2026-03-18T18:10:15Z" user="jotth" uid="611825" lat="-26.8631941" lon="116.6939988">
  <tag k="frequency" v="50 - 350 MHz"/>
  <tag k="man_made" v="antenna"/>
  <tag k="name" v="S10-5"/>
 </node>
 <node id="13659405627" visible="true" version="1" changeset="180073373" timestamp="2026-03-18T18:10:15Z" user="jotth" uid="611825" lat="-26.8635061" lon="116.6935608">
  <tag k="frequency" v="50 - 350 MHz"/>
  <tag k="man_made" v="antenna"/>
  <tag k="name" v="S10-4"/>
 </node>
 <node id="13659405628" visible="true" version="1" changeset="180073373" timestamp="2026-03-18T18:10:15Z" user="jotth" uid="611825" lat="-26.8636751" lon="116.6943858">
  <tag k="frequency" v="50 - 350 MHz"/>
  <tag k="man_made" v="antenna"/>
  <tag k="name" v="S10-3"/>
 </node>
 <node id="13659405629" visible="true" version="1" changeset="180073373" timestamp="2026-03-18T18:10:15Z" user="jotth" uid="611825" lat="-26.8637111" lon="116.6939358">
  <tag k="frequency" v="50 - 350 MHz"/>
  <tag k="man_made" v="antenna"/>
  <tag k="name" v="S10-2"/>
 </node>
 <node id="13659405630" visible="true" version="1" changeset="180073373" timestamp="2026-03-18T18:10:15Z" user="jotth" uid="611825" lat="-26.8640861" lon="116.6937318">
  <tag k="frequency" v="50 - 350 MHz"/>
  <tag k="man_made" v="antenna"/>
  <tag k="name" v="S10-1"/>
 </node>
 <node id="13659405667" visible="true" version="1" changeset="180073373" timestamp="2026-03-18T18:10:15Z" user="jotth" uid="611825" lat="-26.8608550" lon="116.8352500">
  <tag k="frequency" v="50 - 350 MHz"/>
  <tag k="man_made" v="antenna"/>
  <tag k="name" v="E10-6"/>
 </node>
 <node id="13659405668" visible="true" version="1" changeset="180073373" timestamp="2026-03-18T18:10:15Z" user="jotth" uid="611825" lat="-26.8609040" lon="116.8344170">
  <tag k="frequency" v="50 - 350 MHz"/>
  <tag k="man_made" v="antenna"/>
  <tag k="name" v="E10-5"/>
 </node>
 <node id="13659405669" visible="true" version="1" changeset="180073373" timestamp="2026-03-18T18:10:15Z" user="jotth" uid="611825" lat="-26.8612540" lon="116.8347550">
  <tag k="frequency" v="50 - 350 MHz"/>
  <tag k="man_made" v="antenna"/>
  <tag k="name" v="E10-4"/>
 </node>
 <node id="13659405670" visible="true" version="1" changeset="180073373" timestamp="2026-03-18T18:10:15Z" user="jotth" uid="611825" lat="-26.8615940" lon="116.8353820">
  <tag k="frequency" v="50 - 350 MHz"/>
  <tag k="man_made" v="antenna"/>
  <tag k="name" v="E10-3"/>
 </node>
 <node id="13659405671" visible="true" version="1" changeset="180073373" timestamp="2026-03-18T18:10:15Z" user="jotth" uid="611825" lat="-26.8616440" lon="116.8342800">
  <tag k="frequency" v="50 - 350 MHz"/>
  <tag k="man_made" v="antenna"/>
  <tag k="name" v="E10-2"/>
 </node>
 <node id="13659405672" visible="true" version="1" changeset="180073373" timestamp="2026-03-18T18:10:15Z" user="jotth" uid="611825" lat="-26.8618340" lon="116.8347250">
  <tag k="frequency" v="50 - 350 MHz"/>
  <tag k="man_made" v="antenna"/>
  <tag k="name" v="E10-1"/>
 </node>
 <node id="13659405673" visible="true" version="1" changeset="180073373" timestamp="2026-03-18T18:10:15Z" user="jotth" uid="611825" lat="-26.7836820" lon="116.7188990">
  <tag k="frequency" v="50 - 350 MHz"/>
  <tag k="man_made" v="antenna"/>
  <tag k="name" v="N9-6"/>
 </node>
 <node id="13659405674" visible="true" version="1" changeset="180073373" timestamp="2026-03-18T18:10:15Z" user="jotth" uid="611825" lat="-26.7837160" lon="116.7195240">
  <tag k="frequency" v="50 - 350 MHz"/>
  <tag k="man_made" v="antenna"/>
  <tag k="name" v="N9-5"/>
 </node>
 <node id="13659405675" visible="true" version="1" changeset="180073373" timestamp="2026-03-18T18:10:15Z" user="jotth" uid="611825" lat="-26.7840880" lon="116.7192520">
  <tag k="frequency" v="50 - 350 MHz"/>
  <tag k="man_made" v="antenna"/>
  <tag k="name" v="N9-4"/>
 </node>
 <node id="13659405676" visible="true" version="1" changeset="180073373" timestamp="2026-03-18T18:10:15Z" user="jotth" uid="611825" lat="-26.7842030" lon="116.7187740">
  <tag k="frequency" v="50 - 350 MHz"/>
  <tag k="man_made" v="antenna"/>
  <tag k="name" v="N9-3"/>
 </node>
 <node id="13659405677" visible="true" version="1" changeset="180073373" timestamp="2026-03-18T18:10:15Z" user="jotth" uid="611825" lat="-26.7842640" lon="116.7196820">
  <tag k="frequency" v="50 - 350 MHz"/>
  <tag k="man_made" v="antenna"/>
  <tag k="name" v="N9-2"/>
 </node>
 <node id="13659405678" visible="true" version="1" changeset="180073373" timestamp="2026-03-18T18:10:15Z" user="jotth" uid="611825" lat="-26.7845700" lon="116.7193760">
  <tag k="frequency" v="50 - 350 MHz"/>
  <tag k="man_made" v="antenna"/>
  <tag k="name" v="N9-1"/>
 </node>
 <node id="13659405679" visible="true" version="1" changeset="180073373" timestamp="2026-03-18T18:10:15Z" user="jotth" uid="611825" lat="-26.7820980" lon="116.7521220">
  <tag k="frequency" v="50 - 350 MHz"/>
  <tag k="man_made" v="antenna"/>
  <tag k="name" v="N8-6"/>
 </node>
 <node id="13659405680" visible="true" version="1" changeset="180073373" timestamp="2026-03-18T18:10:15Z" user="jotth" uid="611825" lat="-26.7822310" lon="116.7513970">
  <tag k="frequency" v="50 - 350 MHz"/>
  <tag k="man_made" v="antenna"/>
  <tag k="name" v="N8-5"/>
 </node>
 <node id="13659405681" visible="true" version="1" changeset="180073373" timestamp="2026-03-18T18:10:15Z" user="jotth" uid="611825" lat="-26.7824490" lon="116.7517840">
  <tag k="frequency" v="50 - 350 MHz"/>
  <tag k="man_made" v="antenna"/>
  <tag k="name" v="N8-4"/>
 </node>
 <node id="13659405682" visible="true" version="1" changeset="180073373" timestamp="2026-03-18T18:10:15Z" user="jotth" uid="611825" lat="-26.7826090" lon="116.7512880">
  <tag k="frequency" v="50 - 350 MHz"/>
  <tag k="man_made" v="antenna"/>
  <tag k="name" v="N8-3"/>
 </node>
 <node id="13659405683" visible="true" version="1" changeset="180073373" timestamp="2026-03-18T18:10:15Z" user="jotth" uid="611825" lat="-26.7826690" lon="116.7523520">
  <tag k="frequency" v="50 - 350 MHz"/>
  <tag k="man_made" v="antenna"/>
  <tag k="name" v="N8-2"/>
 </node>
 <node id="13659405684" visible="true" version="1" changeset="180073373" timestamp="2026-03-18T18:10:15Z" user="jotth" uid="611825" lat="-26.7829760" lon="116.7515130">
  <tag k="frequency" v="50 - 350 MHz"/>
  <tag k="man_made" v="antenna"/>
  <tag k="name" v="N8-1"/>
 </node>
 <node id="13659405685" visible="true" version="1" changeset="180073373" timestamp="2026-03-18T18:10:15Z" user="jotth" uid="611825" lat="-26.7921950" lon="116.7738210">
  <tag k="frequency" v="50 - 350 MHz"/>
  <tag k="man_made" v="antenna"/>
  <tag k="name" v="N7-6"/>
 </node>
 <node id="13659405686" visible="true" version="1" changeset="180073373" timestamp="2026-03-18T18:10:15Z" user="jotth" uid="611825" lat="-26.7923250" lon="116.7742300">
  <tag k="frequency" v="50 - 350 MHz"/>
  <tag k="man_made" v="antenna"/>
  <tag k="name" v="N7-5"/>
 </node>
 <node id="13659405687" visible="true" version="1" changeset="180073373" timestamp="2026-03-18T18:10:15Z" user="jotth" uid="611825" lat="-26.7924700" lon="116.7746590">
  <tag k="frequency" v="50 - 350 MHz"/>
  <tag k="man_made" v="antenna"/>
  <tag k="name" v="N7-4"/>
 </node>
 <node id="13659405688" visible="true" version="1" changeset="180073373" timestamp="2026-03-18T18:10:15Z" user="jotth" uid="611825" lat="-26.7928050" lon="116.7744170">
  <tag k="frequency" v="50 - 350 MHz"/>
  <tag k="man_made" v="antenna"/>
  <tag k="name" v="N7-3"/>
 </node>
 <node id="13659405689" visible="true" version="1" changeset="180073373" timestamp="2026-03-18T18:10:15Z" user="jotth" uid="611825" lat="-26.7927290" lon="116.7735060">
  <tag k="frequency" v="50 - 350 MHz"/>
  <tag k="man_made" v="antenna"/>
  <tag k="name" v="N7-2"/>
 </node>
 <node id="13659405690" visible="true" version="1" changeset="180073373" timestamp="2026-03-18T18:10:15Z" user="jotth" uid="611825" lat="-26.7929090" lon="116.7739390">
  <tag k="frequency" v="50 - 350 MHz"/>
  <tag k="man_made" v="antenna"/>
  <tag k="name" v="N7-1"/>
 </node>
 <node id="13659405691" visible="true" version="1" changeset="180073373" timestamp="2026-03-18T18:10:15Z" user="jotth" uid="611825" lat="-26.8060101" lon="116.7846114">
  <tag k="frequency" v="50 - 350 MHz"/>
  <tag k="man_made" v="antenna"/>
  <tag k="name" v="N6-6"/>
 </node>
 <node id="13659405692" visible="true" version="1" changeset="180073373" timestamp="2026-03-18T18:10:15Z" user="jotth" uid="611825" lat="-26.8064121" lon="116.7849844">
  <tag k="frequency" v="50 - 350 MHz"/>
  <tag k="man_made" v="antenna"/>
  <tag k="name" v="N6-5"/>
 </node>
 <node id="13659405693" visible="true" version="1" changeset="180073373" timestamp="2026-03-18T18:10:15Z" user="jotth" uid="611825" lat="-26.8064561" lon="116.7840834">
  <tag k="frequency" v="50 - 350 MHz"/>
  <tag k="man_made" v="antenna"/>
  <tag k="name" v="N6-4"/>
 </node>
 <node id="13659405694" visible="true" version="1" changeset="180073373" timestamp="2026-03-18T18:10:15Z" user="jotth" uid="611825" lat="-26.8064851" lon="116.7845264">
  <tag k="frequency" v="50 - 350 MHz"/>
  <tag k="man_made" v="antenna"/>
  <tag k="name" v="N6-3"/>
 </node>
 <node id="13659405695" visible="true" version="1" changeset="180073373" timestamp="2026-03-18T18:10:15Z" user="jotth" uid="611825" lat="-26.8068391" lon="116.7849534">
  <tag k="frequency" v="50 - 350 MHz"/>
  <tag k="man_made" v="antenna"/>
  <tag k="name" v="N6-2"/>
 </node>
 <node id="13659405696" visible="true" version="1" changeset="180073373" timestamp="2026-03-18T18:10:15Z" user="jotth" uid="611825" lat="-26.8068621" lon="116.7842804">
  <tag k="frequency" v="50 - 350 MHz"/>
  <tag k="man_made" v="antenna"/>
  <tag k="name" v="N6-1"/>
 </node>
 <node id="13659405697" visible="true" version="1" changeset="180073373" timestamp="2026-03-18T18:10:15Z" user="jotth" uid="611825" lat="-26.8195420" lon="116.7851591">
  <tag k="frequency" v="50 - 350 MHz"/>
  <tag k="man_made" v="antenna"/>
  <tag k="name" v="N5-6"/>
 </node>
 <node id="13659405698" visible="true" version="1" changeset="180073373" timestamp="2026-03-18T18:10:15Z" user="jotth" uid="611825" lat="-26.8196990" lon="116.7858071">
  <tag k="frequency" v="50 - 350 MHz"/>
  <tag k="man_made" v="antenna"/>
  <tag k="name" v="N5-5"/>
 </node>
 <node id="13659405699" visible="true" version="1" changeset="180073373" timestamp="2026-03-18T18:10:15Z" user="jotth" uid="611825" lat="-26.8199220" lon="116.7852221">
  <tag k="frequency" v="50 - 350 MHz"/>
  <tag k="man_made" v="antenna"/>
  <tag k="name" v="N5-4"/>
 </node>
 <node id="13659405700" visible="true" version="1" changeset="180073373" timestamp="2026-03-18T18:10:15Z" user="jotth" uid="611825" lat="-26.8200670" lon="116.7847611">
  <tag k="frequency" v="50 - 350 MHz"/>
  <tag k="man_made" v="antenna"/>
  <tag k="name" v="N5-3"/>
 </node>
 <node id="13659405701" visible="true" version="1" changeset="180073373" timestamp="2026-03-18T18:10:15Z" user="jotth" uid="611825" lat="-26.8203260" lon="116.7855051">
  <tag k="frequency" v="50 - 350 MHz"/>
  <tag k="man_made" v="antenna"/>
  <tag k="name" v="N5-2"/>
 </node>
 <node id="13659405702" visible="true" version="1" changeset="180073373" timestamp="2026-03-18T18:10:15Z" user="jotth" uid="611825" lat="-26.8204220" lon="116.7850161">
  <tag k="frequency" v="50 - 350 MHz"/>
  <tag k="man_made" v="antenna"/>
  <tag k="name" v="N5-1"/>
 </node>
 <node id="13659405709" visible="true" version="1" changeset="180073373" timestamp="2026-03-18T18:10:15Z" user="jotth" uid="611825" lat="-26.8551090" lon="116.7300240">
  <tag k="frequency" v="50 - 350 MHz"/>
  <tag k="man_made" v="antenna"/>
  <tag k="name" v="S8-6"/>
 </node>
 <node id="13659405710" visible="true" version="1" changeset="180073373" timestamp="2026-03-18T18:10:15Z" user="jotth" uid="611825" lat="-26.8554550" lon="116.7296810">
  <tag k="frequency" v="50 - 350 MHz"/>
  <tag k="man_made" v="antenna"/>
  <tag k="name" v="S8-5"/>
 </node>
 <node id="13659405711" visible="true" version="1" changeset="180073373" timestamp="2026-03-18T18:10:15Z" user="jotth" uid="611825" lat="-26.8555810" lon="116.7301180">
  <tag k="frequency" v="50 - 350 MHz"/>
  <tag k="man_made" v="antenna"/>
  <tag k="name" v="S8-4"/>
 </node>
 <node id="13659405712" visible="true" version="1" changeset="180073373" timestamp="2026-03-18T18:10:15Z" user="jotth" uid="611825" lat="-26.8557900" lon="116.7305020">
  <tag k="frequency" v="50 - 350 MHz"/>
  <tag k="man_made" v="antenna"/>
  <tag k="name" v="S8-3"/>
 </node>
 <node id="13659405713" visible="true" version="1" changeset="180073373" timestamp="2026-03-18T18:10:15Z" user="jotth" uid="611825" lat="-26.8561290" lon="116.7300780">
  <tag k="frequency" v="50 - 350 MHz"/>
  <tag k="man_made" v="antenna"/>
  <tag k="name" v="S8-2"/>
 </node>
 <node id="13659405714" visible="true" version="1" changeset="180073373" timestamp="2026-03-18T18:10:15Z" user="jotth" uid="611825" lat="-26.8561530" lon="116.7296390">
  <tag k="frequency" v="50 - 350 MHz"/>
  <tag k="man_made" v="antenna"/>
  <tag k="name" v="S8-1"/>
 </node>
 <node id="13659405715" visible="true" version="1" changeset="180073373" timestamp="2026-03-18T18:10:15Z" user="jotth" uid="611825" lat="-26.8328056" lon="116.7281509">
  <tag k="frequency" v="50 - 350 MHz"/>
  <tag k="man_made" v="antenna"/>
  <tag k="name" v="S7-6"/>
 </node>
 <node id="13659405716" visible="true" version="1" changeset="180073373" timestamp="2026-03-18T18:10:15Z" user="jotth" uid="611825" lat="-26.8328676" lon="116.7289039">
  <tag k="frequency" v="50 - 350 MHz"/>
  <tag k="man_made" v="antenna"/>
  <tag k="name" v="S7-5"/>
 </node>
 <node id="13659405717" visible="true" version="1" changeset="180073373" timestamp="2026-03-18T18:10:15Z" user="jotth" uid="611825" lat="-26.8331796" lon="116.7286249">
  <tag k="frequency" v="50 - 350 MHz"/>
  <tag k="man_made" v="antenna"/>
  <tag k="name" v="S7-4"/>
 </node>
 <node id="13659405718" visible="true" version="1" changeset="180073373" timestamp="2026-03-18T18:10:15Z" user="jotth" uid="611825" lat="-26.8334166" lon="116.7290309">
  <tag k="frequency" v="50 - 350 MHz"/>
  <tag k="man_made" v="antenna"/>
  <tag k="name" v="S7-3"/>
 </node>
 <node id="13659405719" visible="true" version="1" changeset="180073373" timestamp="2026-03-18T18:10:15Z" user="jotth" uid="611825" lat="-26.8334836" lon="116.7280809">
  <tag k="frequency" v="50 - 350 MHz"/>
  <tag k="man_made" v="antenna"/>
  <tag k="name" v="S7-2"/>
 </node>
 <node id="13659405720" visible="true" version="1" changeset="180073373" timestamp="2026-03-18T18:10:15Z" user="jotth" uid="611825" lat="-26.8337886" lon="116.7286209">
  <tag k="frequency" v="50 - 350 MHz"/>
  <tag k="man_made" v="antenna"/>
  <tag k="name" v="S7-1"/>
 </node>
 <node id="13659405721" visible="true" version="1" changeset="180073373" timestamp="2026-03-18T18:10:15Z" user="jotth" uid="611825" lat="-26.8177600" lon="116.7372710">
  <tag k="frequency" v="50 - 350 MHz"/>
  <tag k="man_made" v="antenna"/>
  <tag k="name" v="S6-6"/>
 </node>
 <node id="13659405722" visible="true" version="1" changeset="180073373" timestamp="2026-03-18T18:10:15Z" user="jotth" uid="611825" lat="-26.8179430" lon="116.7367360">
  <tag k="frequency" v="50 - 350 MHz"/>
  <tag k="man_made" v="antenna"/>
  <tag k="name" v="S6-5"/>
 </node>
 <node id="13659405723" visible="true" version="1" changeset="180073373" timestamp="2026-03-18T18:10:15Z" user="jotth" uid="611825" lat="-26.8179760" lon="116.7377140">
  <tag k="frequency" v="50 - 350 MHz"/>
  <tag k="man_made" v="antenna"/>
  <tag k="name" v="S6-4"/>
 </node>
 <node id="13659405724" visible="true" version="1" changeset="180073373" timestamp="2026-03-18T18:10:15Z" user="jotth" uid="611825" lat="-26.8182760" lon="116.7372220">
  <tag k="frequency" v="50 - 350 MHz"/>
  <tag k="man_made" v="antenna"/>
  <tag k="name" v="S6-3"/>
 </node>
 <node id="13659405725" visible="true" version="1" changeset="180073373" timestamp="2026-03-18T18:10:15Z" user="jotth" uid="611825" lat="-26.8185580" lon="116.7375220">
  <tag k="frequency" v="50 - 350 MHz"/>
  <tag k="man_made" v="antenna"/>
  <tag k="name" v="S6-2"/>
 </node>
 <node id="13659405726" visible="true" version="1" changeset="180073373" timestamp="2026-03-18T18:10:15Z" user="jotth" uid="611825" lat="-26.8185490" lon="116.7369200">
  <tag k="frequency" v="50 - 350 MHz"/>
  <tag k="man_made" v="antenna"/>
  <tag k="name" v="S6-1"/>
 </node>
 <node id="13659405727" visible="true" version="1" changeset="180073373" timestamp="2026-03-18T18:10:15Z" user="jotth" uid="611825" lat="-26.8105360" lon="116.7488290">
  <tag k="frequency" v="50 - 350 MHz"/>
  <tag k="man_made" v="antenna"/>
  <tag k="name" v="S5-6"/>
 </node>
 <node id="13659405728" visible="true" version="1" changeset="180073373" timestamp="2026-03-18T18:10:15Z" user="jotth" uid="611825" lat="-26.8107940" lon="116.7493090">
  <tag k="frequency" v="50 - 350 MHz"/>
  <tag k="man_made" v="antenna"/>
  <tag k="name" v="S5-5"/>
 </node>
 <node id="13659405729" visible="true" version="1" changeset="180073373" timestamp="2026-03-18T18:10:15Z" user="jotth" uid="611825" lat="-26.8108600" lon="116.7485870">
  <tag k="frequency" v="50 - 350 MHz"/>
  <tag k="man_made" v="antenna"/>
  <tag k="name" v="S5-4"/>
 </node>
 <node id="13659405730" visible="true" version="1" changeset="180073373" timestamp="2026-03-18T18:10:15Z" user="jotth" uid="611825" lat="-26.8108990" lon="116.7497600">
  <tag k="frequency" v="50 - 350 MHz"/>
  <tag k="man_made" v="antenna"/>
  <tag k="name" v="S5-3"/>
 </node>
 <node id="13659405731" visible="true" version="1" changeset="180073373" timestamp="2026-03-18T18:10:15Z" user="jotth" uid="611825" lat="-26.8111090" lon="116.7490370">
  <tag k="frequency" v="50 - 350 MHz"/>
  <tag k="man_made" v="antenna"/>
  <tag k="name" v="S5-2"/>
 </node>
 <node id="13659405732" visible="true" version="1" changeset="180073373" timestamp="2026-03-18T18:10:15Z" user="jotth" uid="611825" lat="-26.8115980" lon="116.7491200">
  <tag k="frequency" v="50 - 350 MHz"/>
  <tag k="man_made" v="antenna"/>
  <tag k="name" v="S5-1"/>
 </node>
 <node id="13659405733" visible="true" version="1" changeset="180073373" timestamp="2026-03-18T18:10:15Z" user="jotth" uid="611825" lat="-26.8103022" lon="116.8269854">
  <tag k="frequency" v="50 - 350 MHz"/>
  <tag k="man_made" v="antenna"/>
  <tag k="name" v="E9-6"/>
 </node>
 <node id="13659405734" visible="true" version="1" changeset="180073373" timestamp="2026-03-18T18:10:15Z" user="jotth" uid="611825" lat="-26.8105266" lon="116.8265470">
  <tag k="frequency" v="50 - 350 MHz"/>
  <tag k="man_made" v="antenna"/>
  <tag k="name" v="E9-5"/>
 </node>
 <node id="13659405735" visible="true" version="1" changeset="180073373" timestamp="2026-03-18T18:10:15Z" user="jotth" uid="611825" lat="-26.8098478" lon="116.8269630">
  <tag k="frequency" v="50 - 350 MHz"/>
  <tag k="man_made" v="antenna"/>
  <tag k="name" v="E9-4"/>
 </node>
 <node id="13659405736" visible="true" version="1" changeset="180073373" timestamp="2026-03-18T18:10:15Z" user="jotth" uid="611825" lat="-26.8099048" lon="116.8260456">
  <tag k="frequency" v="50 - 350 MHz"/>
  <tag k="man_made" v="antenna"/>
  <tag k="name" v="E9-3"/>
 </node>
 <node id="13659405737" visible="true" version="1" changeset="180073373" timestamp="2026-03-18T18:10:15Z" user="jotth" uid="611825" lat="-26.8100888" lon="116.8265046">
  <tag k="frequency" v="50 - 350 MHz"/>
  <tag k="man_made" v="antenna"/>
  <tag k="name" v="E9-2"/>
 </node>
 <node id="13659405738" visible="true" version="1" changeset="180073373" timestamp="2026-03-18T18:10:15Z" user="jotth" uid="611825" lat="-26.8104068" lon="116.8260795">
  <tag k="frequency" v="50 - 350 MHz"/>
  <tag k="man_made" v="antenna"/>
  <tag k="name" v="E9-1"/>
 </node>
 <node id="13659405739" visible="true" version="1" changeset="180073373" timestamp="2026-03-18T18:10:15Z" user="jotth" uid="611825" lat="-26.8356216" lon="116.8107862">
  <tag k="frequency" v="50 - 350 MHz"/>
  <tag k="man_made" v="antenna"/>
  <tag k="name" v="E8-6"/>
 </node>
 <node id="13659405740" visible="true" version="1" changeset="180073373" timestamp="2026-03-18T18:10:15Z" user="jotth" uid="611825" lat="-26.8356936" lon="116.8113442">
  <tag k="frequency" v="50 - 350 MHz"/>
  <tag k="man_made" v="antenna"/>
  <tag k="name" v="E8-5"/>
 </node>
 <node id="13659405741" visible="true" version="1" changeset="180073373" timestamp="2026-03-18T18:10:15Z" user="jotth" uid="611825" lat="-26.8357386" lon="116.8118012">
  <tag k="frequency" v="50 - 350 MHz"/>
  <tag k="man_made" v="antenna"/>
  <tag k="name" v="E8-4"/>
 </node>
 <node id="13659405742" visible="true" version="1" changeset="180073373" timestamp="2026-03-18T18:10:15Z" user="jotth" uid="611825" lat="-26.8360886" lon="116.8108362">
  <tag k="frequency" v="50 - 350 MHz"/>
  <tag k="man_made" v="antenna"/>
  <tag k="name" v="E8-3"/>
 </node>
 <node id="13659405743" visible="true" version="1" changeset="180073373" timestamp="2026-03-18T18:10:15Z" user="jotth" uid="611825" lat="-26.8361656" lon="116.8119412">
  <tag k="frequency" v="50 - 350 MHz"/>
  <tag k="man_made" v="antenna"/>
  <tag k="name" v="E8-2"/>
 </node>
 <node id="13659405744" visible="true" version="1" changeset="180073373" timestamp="2026-03-18T18:10:15Z" user="jotth" uid="611825" lat="-26.8363756" lon="116.8113402">
  <tag k="frequency" v="50 - 350 MHz"/>
  <tag k="man_made" v="antenna"/>
  <tag k="name" v="E8-1"/>
 </node>
 <node id="13659405745" visible="true" version="1" changeset="180073373" timestamp="2026-03-18T18:10:15Z" user="jotth" uid="611825" lat="-26.8478613" lon="116.7911849">
  <tag k="frequency" v="50 - 350 MHz"/>
  <tag k="man_made" v="antenna"/>
  <tag k="name" v="E7-6"/>
 </node>
 <node id="13659405746" visible="true" version="1" changeset="180073373" timestamp="2026-03-18T18:10:15Z" user="jotth" uid="611825" lat="-26.8478033" lon="116.7906929">
  <tag k="frequency" v="50 - 350 MHz"/>
  <tag k="man_made" v="antenna"/>
  <tag k="name" v="E7-5"/>
 </node>
 <node id="13659405747" visible="true" version="1" changeset="180073373" timestamp="2026-03-18T18:10:15Z" user="jotth" uid="611825" lat="-26.8484067" lon="116.7918381">
  <tag k="frequency" v="50 - 350 MHz"/>
  <tag k="man_made" v="antenna"/>
  <tag k="name" v="E7-4"/>
 </node>
 <node id="13659405748" visible="true" version="1" changeset="180073373" timestamp="2026-03-18T18:10:15Z" user="jotth" uid="611825" lat="-26.8482257" lon="116.7907505">
  <tag k="frequency" v="50 - 350 MHz"/>
  <tag k="man_made" v="antenna"/>
  <tag k="name" v="E7-3"/>
 </node>
 <node id="13659405749" visible="true" version="1" changeset="180073373" timestamp="2026-03-18T18:10:15Z" user="jotth" uid="611825" lat="-26.8483426" lon="116.7913847">
  <tag k="frequency" v="50 - 350 MHz"/>
  <tag k="man_made" v="antenna"/>
  <tag k="name" v="E7-2"/>
 </node>
 <node id="13659405750" visible="true" version="1" changeset="180073373" timestamp="2026-03-18T18:10:15Z" user="jotth" uid="611825" lat="-26.8486132" lon="116.7910235">
  <tag k="frequency" v="50 - 350 MHz"/>
  <tag k="man_made" v="antenna"/>
  <tag k="name" v="E7-1"/>
 </node>
 <node id="13659405751" visible="true" version="1" changeset="180073373" timestamp="2026-03-18T18:10:15Z" user="jotth" uid="611825" lat="-26.8487294" lon="116.7718370">
  <tag k="frequency" v="50 - 350 MHz"/>
  <tag k="man_made" v="antenna"/>
  <tag k="name" v="E6-6"/>
 </node>
 <node id="13659405752" visible="true" version="1" changeset="180073373" timestamp="2026-03-18T18:10:15Z" user="jotth" uid="611825" lat="-26.8489602" lon="116.7709499">
  <tag k="frequency" v="50 - 350 MHz"/>
  <tag k="man_made" v="antenna"/>
  <tag k="name" v="E6-5"/>
 </node>
 <node id="13659405753" visible="true" version="1" changeset="180073373" timestamp="2026-03-18T18:10:15Z" user="jotth" uid="611825" lat="-26.8490634" lon="116.7721080">
  <tag k="frequency" v="50 - 350 MHz"/>
  <tag k="man_made" v="antenna"/>
  <tag k="name" v="E6-4"/>
 </node>
 <node id="13659405754" visible="true" version="1" changeset="180073373" timestamp="2026-03-18T18:10:15Z" user="jotth" uid="611825" lat="-26.8491572" lon="116.7714079">
  <tag k="frequency" v="50 - 350 MHz"/>
  <tag k="man_made" v="antenna"/>
  <tag k="name" v="E6-3"/>
 </node>
 <node id="13659405755" visible="true" version="1" changeset="180073373" timestamp="2026-03-18T18:10:15Z" user="jotth" uid="611825" lat="-26.8494439" lon="116.7717849">
  <tag k="frequency" v="50 - 350 MHz"/>
  <tag k="man_made" v="antenna"/>
  <tag k="name" v="E6-2"/>
 </node>
 <node id="13659405756" visible="true" version="1" changeset="180073373" timestamp="2026-03-18T18:10:15Z" user="jotth" uid="611825" lat="-26.8495969" lon="116.7713219">
  <tag k="frequency" v="50 - 350 MHz"/>
  <tag k="man_made" v="antenna"/>
  <tag k="name" v="E6-1"/>
 </node>
 <node id="13659405757" visible="true" version="1" changeset="180073373" timestamp="2026-03-18T18:10:15Z" user="jotth" uid="611825" lat="-26.8429010" lon="116.7587640">
  <tag k="frequency" v="50 - 350 MHz"/>
  <tag k="man_made" v="antenna"/>
  <tag k="name" v="E5-6"/>
 </node>
 <node id="13659405758" visible="true" version="1" changeset="180073373" timestamp="2026-03-18T18:10:15Z" user="jotth" uid="611825" lat="-26.8432520" lon="116.7590990">
  <tag k="frequency" v="50 - 350 MHz"/>
  <tag k="man_made" v="antenna"/>
  <tag k="name" v="E5-5"/>
 </node>
 <node id="13659405759" visible="true" version="1" changeset="180073373" timestamp="2026-03-18T18:10:15Z" user="jotth" uid="611825" lat="-26.8434920" lon="116.7582090">
  <tag k="frequency" v="50 - 350 MHz"/>
  <tag k="man_made" v="antenna"/>
  <tag k="name" v="E5-4"/>
 </node>
 <node id="13659405760" visible="true" version="1" changeset="180073373" timestamp="2026-03-18T18:10:15Z" user="jotth" uid="611825" lat="-26.8436290" lon="116.7586960">
  <tag k="frequency" v="50 - 350 MHz"/>
  <tag k="man_made" v="antenna"/>
  <tag k="name" v="E5-3"/>
 </node>
 <node id="13659405761" visible="true" version="1" changeset="180073373" timestamp="2026-03-18T18:10:15Z" user="jotth" uid="611825" lat="-26.8436950" lon="116.7593760">
  <tag k="frequency" v="50 - 350 MHz"/>
  <tag k="man_made" v="antenna"/>
  <tag k="name" v="E5-2"/>
 </node>
 <node id="13659405762" visible="true" version="1" changeset="180073373" timestamp="2026-03-18T18:10:15Z" user="jotth" uid="611825" lat="-26.8440190" lon="116.7587330">
  <tag k="frequency" v="50 - 350 MHz"/>
  <tag k="man_made" v="antenna"/>
  <tag k="name" v="E5-1"/>
 </node>
 <node id="13659405763" visible="true" version="1" changeset="180073373" timestamp="2026-03-18T18:10:15Z" user="jotth" uid="611825" lat="-26.8083980" lon="116.7608760">
  <tag k="frequency" v="50 - 350 MHz"/>
  <tag k="man_made" v="antenna"/>
  <tag k="name" v="S4-6"/>
 </node>
 <node id="13659405764" visible="true" version="1" changeset="180073373" timestamp="2026-03-18T18:10:15Z" user="jotth" uid="611825" lat="-26.8084140" lon="116.7615200">
  <tag k="frequency" v="50 - 350 MHz"/>
  <tag k="man_made" v="antenna"/>
  <tag k="name" v="S4-5"/>
 </node>
 <node id="13659405765" visible="true" version="1" changeset="180073373" timestamp="2026-03-18T18:10:15Z" user="jotth" uid="611825" lat="-26.8087500" lon="116.7612920">
  <tag k="frequency" v="50 - 350 MHz"/>
  <tag k="man_made" v="antenna"/>
  <tag k="name" v="S4-4"/>
 </node>
 <node id="13659405766" visible="true" version="1" changeset="180073373" timestamp="2026-03-18T18:10:15Z" user="jotth" uid="611825" lat="-26.8089550" lon="116.7618390">
  <tag k="frequency" v="50 - 350 MHz"/>
  <tag k="man_made" v="antenna"/>
  <tag k="name" v="S4-3"/>
 </node>
 <node id="13659405767" visible="true" version="1" changeset="180073373" timestamp="2026-03-18T18:10:15Z" user="jotth" uid="611825" lat="-26.8091560" lon="116.7608950">
  <tag k="frequency" v="50 - 350 MHz"/>
  <tag k="man_made" v="antenna"/>
  <tag k="name" v="S4-2"/>
 </node>
 <node id="13659405768" visible="true" version="1" changeset="180073373" timestamp="2026-03-18T18:10:15Z" user="jotth" uid="611825" lat="-26.8092360" lon="116.7614960">
  <tag k="frequency" v="50 - 350 MHz"/>
  <tag k="man_made" v="antenna"/>
  <tag k="name" v="S4-1"/>
 </node>
 <node id="13659405769" visible="true" version="1" changeset="180073373" timestamp="2026-03-18T18:10:15Z" user="jotth" uid="611825" lat="-26.8137750" lon="116.7704820">
  <tag k="frequency" v="50 - 350 MHz"/>
  <tag k="man_made" v="antenna"/>
  <tag k="name" v="S3-6"/>
 </node>
 <node id="13659405770" visible="true" version="1" changeset="180073373" timestamp="2026-03-18T18:10:15Z" user="jotth" uid="611825" lat="-26.8138810" lon="116.7699660">
  <tag k="frequency" v="50 - 350 MHz"/>
  <tag k="man_made" v="antenna"/>
  <tag k="name" v="S3-5"/>
 </node>
 <node id="13659405771" visible="true" version="1" changeset="180073373" timestamp="2026-03-18T18:10:15Z" user="jotth" uid="611825" lat="-26.8141880" lon="116.7709250">
  <tag k="frequency" v="50 - 350 MHz"/>
  <tag k="man_made" v="antenna"/>
  <tag k="name" v="S3-4"/>
 </node>
 <node id="13659405772" visible="true" version="1" changeset="180073373" timestamp="2026-03-18T18:10:15Z" user="jotth" uid="611825" lat="-26.8142450" lon="116.7697480">
  <tag k="frequency" v="50 - 350 MHz"/>
  <tag k="man_made" v="antenna"/>
  <tag k="name" v="S3-3"/>
 </node>
 <node id="13659405773" visible="true" version="1" changeset="180073373" timestamp="2026-03-18T18:10:15Z" user="jotth" uid="611825" lat="-26.8143290" lon="116.7703690">
  <tag k="frequency" v="50 - 350 MHz"/>
  <tag k="man_made" v="antenna"/>
  <tag k="name" v="S3-2"/>
 </node>
 <node id="13659405774" visible="true" version="1" changeset="180073373" timestamp="2026-03-18T18:10:15Z" user="jotth" uid="611825" lat="-26.8147750" lon="116.7707600">
  <tag k="frequency" v="50 - 350 MHz"/>
  <tag k="man_made" v="antenna"/>
  <tag k="name" v="S3-1"/>
 </node>
 <node id="13659405775" visible="true" version="1" changeset="180073373" timestamp="2026-03-18T18:10:15Z" user="jotth" uid="611825" lat="-26.8203602" lon="116.7731113">
  <tag k="frequency" v="50 - 350 MHz"/>
  <tag k="man_made" v="antenna"/>
  <tag k="name" v="S2-6"/>
 </node>
 <node id="13659405776" visible="true" version="1" changeset="180073373" timestamp="2026-03-18T18:10:15Z" user="jotth" uid="611825" lat="-26.8208340" lon="116.7732600">
  <tag k="frequency" v="50 - 350 MHz"/>
  <tag k="man_made" v="antenna"/>
  <tag k="name" v="S2-5"/>
 </node>
 <node id="13659405777" visible="true" version="1" changeset="180073373" timestamp="2026-03-18T18:10:15Z" user="jotth" uid="611825" lat="-26.8205374" lon="116.7719323">
  <tag k="frequency" v="50 - 350 MHz"/>
  <tag k="man_made" v="antenna"/>
  <tag k="name" v="S2-4"/>
 </node>
 <node id="13659405778" visible="true" version="1" changeset="180073373" timestamp="2026-03-18T18:10:15Z" user="jotth" uid="611825" lat="-26.8214724" lon="116.7723552">
  <tag k="frequency" v="50 - 350 MHz"/>
  <tag k="man_made" v="antenna"/>
  <tag k="name" v="S2-3"/>
 </node>
 <node id="13659405779" visible="true" version="1" changeset="180073373" timestamp="2026-03-18T18:10:15Z" user="jotth" uid="611825" lat="-26.8217975" lon="116.7728229">
  <tag k="frequency" v="50 - 350 MHz"/>
  <tag k="man_made" v="antenna"/>
  <tag k="name" v="S2-2"/>
 </node>
 <node id="13659405780" visible="true" version="1" changeset="180073373" timestamp="2026-03-18T18:10:15Z" user="jotth" uid="611825" lat="-26.8212212" lon="116.7736824">
  <tag k="frequency" v="50 - 350 MHz"/>
  <tag k="man_made" v="antenna"/>
  <tag k="name" v="S2-1"/>
 </node>
 <node id="13659405781" visible="true" version="1" changeset="180073373" timestamp="2026-03-18T18:10:15Z" user="jotth" uid="611825" lat="-26.8253628" lon="116.7713469">
  <tag k="frequency" v="50 - 350 MHz"/>
  <tag k="man_made" v="antenna"/>
  <tag k="name" v="S1-6"/>
 </node>
 <node id="13659405782" visible="true" version="1" changeset="180073373" timestamp="2026-03-18T18:10:15Z" user="jotth" uid="611825" lat="-26.8254478" lon="116.7709069">
  <tag k="frequency" v="50 - 350 MHz"/>
  <tag k="man_made" v="antenna"/>
  <tag k="name" v="S1-5"/>
 </node>
 <node id="13659405783" visible="true" version="1" changeset="180073373" timestamp="2026-03-18T18:10:15Z" user="jotth" uid="611825" lat="-26.8258858" lon="116.7711999">
  <tag k="frequency" v="50 - 350 MHz"/>
  <tag k="man_made" v="antenna"/>
  <tag k="name" v="S1-4"/>
 </node>
 <node id="13659405784" visible="true" version="1" changeset="180073373" timestamp="2026-03-18T18:10:15Z" user="jotth" uid="611825" lat="-26.8259098" lon="116.7703509">
  <tag k="frequency" v="50 - 350 MHz"/>
  <tag k="man_made" v="antenna"/>
  <tag k="name" v="S1-3"/>
 </node>
 <node id="13659405785" visible="true" version="1" changeset="180073373" timestamp="2026-03-18T18:10:15Z" user="jotth" uid="611825" lat="-26.8259808" lon="116.7707819">
  <tag k="frequency" v="50 - 350 MHz"/>
  <tag k="man_made" v="antenna"/>
  <tag k="name" v="S1-2"/>
 </node>
 <node id="13659405786" visible="true" version="1" changeset="180073373" timestamp="2026-03-18T18:10:15Z" user="jotth" uid="611825" lat="-26.8262838" lon="116.7711649">
  <tag k="frequency" v="50 - 350 MHz"/>
  <tag k="man_made" v="antenna"/>
  <tag k="name" v="S1-1"/>
 </node>
 <node id="13659405787" visible="true" version="1" changeset="180073373" timestamp="2026-03-18T18:10:15Z" user="jotth" uid="611825" lat="-26.8293983" lon="116.7812173">
  <tag k="frequency" v="50 - 350 MHz"/>
  <tag k="man_made" v="antenna"/>
  <tag k="name" v="N4-6"/>
 </node>
 <node id="13659405788" visible="true" version="1" changeset="180073373" timestamp="2026-03-18T18:10:15Z" user="jotth" uid="611825" lat="-26.8297153" lon="116.7816663">
  <tag k="frequency" v="50 - 350 MHz"/>
  <tag k="man_made" v="antenna"/>
  <tag k="name" v="N4-5"/>
 </node>
 <node id="13659405789" visible="true" version="1" changeset="180073373" timestamp="2026-03-18T18:10:15Z" user="jotth" uid="611825" lat="-26.8298313" lon="116.7809093">
  <tag k="frequency" v="50 - 350 MHz"/>
  <tag k="man_made" v="antenna"/>
  <tag k="name" v="N4-4"/>
 </node>
 <node id="13659405790" visible="true" version="1" changeset="180073373" timestamp="2026-03-18T18:10:15Z" user="jotth" uid="611825" lat="-26.8301203" lon="116.7816852">
  <tag k="frequency" v="50 - 350 MHz"/>
  <tag k="man_made" v="antenna"/>
  <tag k="name" v="N4-3"/>
 </node>
 <node id="13659405791" visible="true" version="1" changeset="180073373" timestamp="2026-03-18T18:10:15Z" user="jotth" uid="611825" lat="-26.8302273" lon="116.7811172">
  <tag k="frequency" v="50 - 350 MHz"/>
  <tag k="man_made" v="antenna"/>
  <tag k="name" v="N4-2"/>
 </node>
 <node id="13659405792" visible="true" version="1" changeset="180073373" timestamp="2026-03-18T18:10:15Z" user="jotth" uid="611825" lat="-26.8305533" lon="116.7814472">
  <tag k="frequency" v="50 - 350 MHz"/>
  <tag k="man_made" v="antenna"/>
  <tag k="name" v="N4-1"/>
 </node>
 <node id="13659405793" visible="true" version="1" changeset="180073373" timestamp="2026-03-18T18:10:15Z" user="jotth" uid="611825" lat="-26.8339520" lon="116.7718440">
  <tag k="frequency" v="50 - 350 MHz"/>
  <tag k="man_made" v="antenna"/>
  <tag k="name" v="N3-6"/>
 </node>
 <node id="13659405794" visible="true" version="1" changeset="180073373" timestamp="2026-03-18T18:10:15Z" user="jotth" uid="611825" lat="-26.8341610" lon="116.7712290">
  <tag k="frequency" v="50 - 350 MHz"/>
  <tag k="man_made" v="antenna"/>
  <tag k="name" v="N3-5"/>
 </node>
 <node id="13659405795" visible="true" version="1" changeset="180073373" timestamp="2026-03-18T18:10:15Z" user="jotth" uid="611825" lat="-26.8344750" lon="116.7718040">
  <tag k="frequency" v="50 - 350 MHz"/>
  <tag k="man_made" v="antenna"/>
  <tag k="name" v="N3-4"/>
 </node>
 <node id="13659405796" visible="true" version="1" changeset="180073373" timestamp="2026-03-18T18:10:15Z" user="jotth" uid="611825" lat="-26.8346040" lon="116.7711260">
  <tag k="frequency" v="50 - 350 MHz"/>
  <tag k="man_made" v="antenna"/>
  <tag k="name" v="N3-3"/>
 </node>
 <node id="13659405797" visible="true" version="1" changeset="180073373" timestamp="2026-03-18T18:10:15Z" user="jotth" uid="611825" lat="-26.8348400" lon="116.7715930">
  <tag k="frequency" v="50 - 350 MHz"/>
  <tag k="man_made" v="antenna"/>
  <tag k="name" v="N3-2"/>
 </node>
 <node id="13659405798" visible="true" version="1" changeset="180073373" timestamp="2026-03-18T18:10:15Z" user="jotth" uid="611825" lat="-26.8348090" lon="116.7720750">
  <tag k="frequency" v="50 - 350 MHz"/>
  <tag k="man_made" v="antenna"/>
  <tag k="name" v="N3-1"/>
 </node>
 <node id="13659405799" visible="true" version="1" changeset="180073373" timestamp="2026-03-18T18:10:15Z" user="jotth" uid="611825" lat="-26.8327980" lon="116.7636380">
  <tag k="frequency" v="50 - 350 MHz"/>
  <tag k="man_made" v="antenna"/>
  <tag k="name" v="N2-6"/>
 </node>
 <node id="13659405800" visible="true" version="1" changeset="180073373" timestamp="2026-03-18T18:10:15Z" user="jotth" uid="611825" lat="-26.8329250" lon="116.7641630">
  <tag k="frequency" v="50 - 350 MHz"/>
  <tag k="man_made" v="antenna"/>
  <tag k="name" v="N2-5"/>
 </node>
 <node id="13659405801" visible="true" version="1" changeset="180073373" timestamp="2026-03-18T18:10:15Z" user="jotth" uid="611825" lat="-26.8330770" lon="116.7632760">
  <tag k="frequency" v="50 - 350 MHz"/>
  <tag k="man_made" v="antenna"/>
  <tag k="name" v="N2-4"/>
 </node>
 <node id="13659405802" visible="true" version="1" changeset="180073373" timestamp="2026-03-18T18:10:15Z" user="jotth" uid="611825" lat="-26.8332820" lon="116.7636780">
  <tag k="frequency" v="50 - 350 MHz"/>
  <tag k="man_made" v="antenna"/>
  <tag k="name" v="N2-3"/>
 </node>
 <node id="13659405803" visible="true" version="1" changeset="180073373" timestamp="2026-03-18T18:10:15Z" user="jotth" uid="611825" lat="-26.8334730" lon="116.7632700">
  <tag k="frequency" v="50 - 350 MHz"/>
  <tag k="man_made" v="antenna"/>
  <tag k="name" v="N2-2"/>
 </node>
 <node id="13659405804" visible="true" version="1" changeset="180073373" timestamp="2026-03-18T18:10:15Z" user="jotth" uid="611825" lat="-26.8334470" lon="116.7641700">
  <tag k="frequency" v="50 - 350 MHz"/>
  <tag k="man_made" v="antenna"/>
  <tag k="name" v="N2-1"/>
 </node>
 <node id="13659405805" visible="true" version="1" changeset="180073373" timestamp="2026-03-18T18:10:15Z" user="jotth" uid="611825" lat="-26.8286021" lon="116.7595199">
  <tag k="frequency" v="50 - 350 MHz"/>
  <tag k="man_made" v="antenna"/>
  <tag k="name" v="N1-6"/>
 </node>
 <node id="13659405806" visible="true" version="1" changeset="180073373" timestamp="2026-03-18T18:10:15Z" user="jotth" uid="611825" lat="-26.8292143" lon="116.7604001">
  <tag k="frequency" v="50 - 350 MHz"/>
  <tag k="man_made" v="antenna"/>
  <tag k="name" v="N1-5"/>
 </node>
 <node id="13659405807" visible="true" version="1" changeset="180073373" timestamp="2026-03-18T18:10:15Z" user="jotth" uid="611825" lat="-26.8291653" lon="116.7597447">
  <tag k="frequency" v="50 - 350 MHz"/>
  <tag k="man_made" v="antenna"/>
  <tag k="name" v="N1-4"/>
 </node>
 <node id="13659405808" visible="true" version="1" changeset="180073373" timestamp="2026-03-18T18:10:15Z" user="jotth" uid="611825" lat="-26.8295333" lon="116.7606431">
  <tag k="frequency" v="50 - 350 MHz"/>
  <tag k="man_made" v="antenna"/>
  <tag k="name" v="N1-3"/>
 </node>
 <node id="13659405809" visible="true" version="1" changeset="180073373" timestamp="2026-03-18T18:10:15Z" user="jotth" uid="611825" lat="-26.8296503" lon="116.7602211">
  <tag k="frequency" v="50 - 350 MHz"/>
  <tag k="man_made" v="antenna"/>
  <tag k="name" v="N1-2"/>
 </node>
 <node id="13659405810" visible="true" version="1" changeset="180073373" timestamp="2026-03-18T18:10:15Z" user="jotth" uid="611825" lat="-26.8295517" lon="116.7594426">
  <tag k="frequency" v="50 - 350 MHz"/>
  <tag k="man_made" v="antenna"/>
  <tag k="name" v="N1-1"/>
 </node>
 <node id="13659405811" visible="true" version="1" changeset="180073373" timestamp="2026-03-18T18:10:15Z" user="jotth" uid="611825" lat="-26.8345650" lon="116.7504920">
  <tag k="frequency" v="50 - 350 MHz"/>
  <tag k="man_made" v="antenna"/>
  <tag k="name" v="E4-6"/>
 </node>
 <node id="13659405812" visible="true" version="1" changeset="180073373" timestamp="2026-03-18T18:10:15Z" user="jotth" uid="611825" lat="-26.8349840" lon="116.7501240">
  <tag k="frequency" v="50 - 350 MHz"/>
  <tag k="man_made" v="antenna"/>
  <tag k="name" v="E4-5"/>
 </node>
 <node id="13659405813" visible="true" version="1" changeset="180073373" timestamp="2026-03-18T18:10:15Z" user="jotth" uid="611825" lat="-26.8350870" lon="116.7512430">
  <tag k="frequency" v="50 - 350 MHz"/>
  <tag k="man_made" v="antenna"/>
  <tag k="name" v="E4-4"/>
 </node>
 <node id="13659405814" visible="true" version="1" changeset="180073373" timestamp="2026-03-18T18:10:15Z" user="jotth" uid="611825" lat="-26.8351670" lon="116.7507850">
  <tag k="frequency" v="50 - 350 MHz"/>
  <tag k="man_made" v="antenna"/>
  <tag k="name" v="E4-3"/>
 </node>
 <node id="13659405815" visible="true" version="1" changeset="180073373" timestamp="2026-03-18T18:10:15Z" user="jotth" uid="611825" lat="-26.8355930" lon="116.7507350">
  <tag k="frequency" v="50 - 350 MHz"/>
  <tag k="man_made" v="antenna"/>
  <tag k="name" v="E4-2"/>
 </node>
 <node id="13659405816" visible="true" version="1" changeset="180073373" timestamp="2026-03-18T18:10:15Z" user="jotth" uid="611825" lat="-26.8356860" lon="116.7502750">
  <tag k="frequency" v="50 - 350 MHz"/>
  <tag k="man_made" v="antenna"/>
  <tag k="name" v="E4-1"/>
 </node>
 <node id="13659405817" visible="true" version="1" changeset="180073373" timestamp="2026-03-18T18:10:15Z" user="jotth" uid="611825" lat="-26.8250140" lon="116.7514350">
  <tag k="frequency" v="50 - 350 MHz"/>
  <tag k="man_made" v="antenna"/>
  <tag k="name" v="E3-6"/>
 </node>
 <node id="13659405818" visible="true" version="1" changeset="180073373" timestamp="2026-03-18T18:10:15Z" user="jotth" uid="611825" lat="-26.8253780" lon="116.7513130">
  <tag k="frequency" v="50 - 350 MHz"/>
  <tag k="man_made" v="antenna"/>
  <tag k="name" v="E3-5"/>
 </node>
 <node id="13659405819" visible="true" version="1" changeset="180073373" timestamp="2026-03-18T18:10:15Z" user="jotth" uid="611825" lat="-26.8254270" lon="116.7517470">
  <tag k="frequency" v="50 - 350 MHz"/>
  <tag k="man_made" v="antenna"/>
  <tag k="name" v="E3-4"/>
 </node>
 <node id="13659405820" visible="true" version="1" changeset="180073373" timestamp="2026-03-18T18:10:15Z" user="jotth" uid="611825" lat="-26.8255640" lon="116.7508950">
  <tag k="frequency" v="50 - 350 MHz"/>
  <tag k="man_made" v="antenna"/>
  <tag k="name" v="E3-3"/>
 </node>
 <node id="13659405821" visible="true" version="1" changeset="180073373" timestamp="2026-03-18T18:10:15Z" user="jotth" uid="611825" lat="-26.8258600" lon="116.7518350">
  <tag k="frequency" v="50 - 350 MHz"/>
  <tag k="man_made" v="antenna"/>
  <tag k="name" v="E3-2"/>
 </node>
 <node id="13659405822" visible="true" version="1" changeset="180073373" timestamp="2026-03-18T18:10:15Z" user="jotth" uid="611825" lat="-26.8259160" lon="116.7513870">
  <tag k="frequency" v="50 - 350 MHz"/>
  <tag k="man_made" v="antenna"/>
  <tag k="name" v="E3-1"/>
 </node>
 <node id="13659405823" visible="true" version="1" changeset="180073373" timestamp="2026-03-18T18:10:15Z" user="jotth" uid="611825" lat="-26.8196710" lon="116.7570380">
  <tag k="frequency" v="50 - 350 MHz"/>
  <tag k="man_made" v="antenna"/>
  <tag k="name" v="E2-6"/>
 </node>
 <node id="13659405824" visible="true" version="1" changeset="180073373" timestamp="2026-03-18T18:10:15Z" user="jotth" uid="611825" lat="-26.8197190" lon="116.7562180">
  <tag k="frequency" v="50 - 350 MHz"/>
  <tag k="man_made" v="antenna"/>
  <tag k="name" v="E2-5"/>
 </node>
 <node id="13659405825" visible="true" version="1" changeset="180073373" timestamp="2026-03-18T18:10:15Z" user="jotth" uid="611825" lat="-26.8200350" lon="116.7567190">
  <tag k="frequency" v="50 - 350 MHz"/>
  <tag k="man_made" v="antenna"/>
  <tag k="name" v="E2-4"/>
 </node>
 <node id="13659405826" visible="true" version="1" changeset="180073373" timestamp="2026-03-18T18:10:15Z" user="jotth" uid="611825" lat="-26.8200470" lon="116.7573920">
  <tag k="frequency" v="50 - 350 MHz"/>
  <tag k="man_made" v="antenna"/>
  <tag k="name" v="E2-3"/>
 </node>
 <node id="13659405827" visible="true" version="1" changeset="180073373" timestamp="2026-03-18T18:10:15Z" user="jotth" uid="611825" lat="-26.8201880" lon="116.7560970">
  <tag k="frequency" v="50 - 350 MHz"/>
  <tag k="man_made" v="antenna"/>
  <tag k="name" v="E2-2"/>
 </node>
 <node id="13659405828" visible="true" version="1" changeset="180073373" timestamp="2026-03-18T18:10:15Z" user="jotth" uid="611825" lat="-26.8205370" lon="116.7566000">
  <tag k="frequency" v="50 - 350 MHz"/>
  <tag k="man_made" v="antenna"/>
  <tag k="name" v="E2-1"/>
 </node>
 <node id="13659405829" visible="true" version="1" changeset="180073373" timestamp="2026-03-18T18:10:15Z" user="jotth" uid="611825" lat="-26.8184450" lon="116.7621230">
  <tag k="frequency" v="50 - 350 MHz"/>
  <tag k="man_made" v="antenna"/>
  <tag k="name" v="E1-6"/>
 </node>
 <node id="13659405830" visible="true" version="1" changeset="180073373" timestamp="2026-03-18T18:10:15Z" user="jotth" uid="611825" lat="-26.8187560" lon="116.7627880">
  <tag k="frequency" v="50 - 350 MHz"/>
  <tag k="man_made" v="antenna"/>
  <tag k="name" v="E1-5"/>
 </node>
 <node id="13659405831" visible="true" version="1" changeset="180073373" timestamp="2026-03-18T18:10:15Z" user="jotth" uid="611825" lat="-26.8190120" lon="116.7618030">
  <tag k="frequency" v="50 - 350 MHz"/>
  <tag k="man_made" v="antenna"/>
  <tag k="name" v="E1-4"/>
 </node>
 <node id="13659405832" visible="true" version="1" changeset="180073373" timestamp="2026-03-18T18:10:15Z" user="jotth" uid="611825" lat="-26.8190550" lon="116.7624950">
  <tag k="frequency" v="50 - 350 MHz"/>
  <tag k="man_made" v="antenna"/>
  <tag k="name" v="E1-3"/>
 </node>
 <node id="13659405833" visible="true" version="1" changeset="180073373" timestamp="2026-03-18T18:10:15Z" user="jotth" uid="611825" lat="-26.8193000" lon="116.7620790">
  <tag k="frequency" v="50 - 350 MHz"/>
  <tag k="man_made" v="antenna"/>
  <tag k="name" v="E1-2"/>
 </node>
 <node id="13659405834" visible="true" version="1" changeset="180073373" timestamp="2026-03-18T18:10:15Z" user="jotth" uid="611825" lat="-26.8195280" lon="116.7625260">
  <tag k="frequency" v="50 - 350 MHz"/>
  <tag k="man_made" v="antenna"/>
  <tag k="name" v="E1-1"/>
 </node>
 <node id="13659405835" visible="true" version="1" changeset="180073373" timestamp="2026-03-18T18:10:15Z" user="jotth" uid="611825" lat="-26.8278830" lon="116.7672240">
  <tag k="frequency" v="50 - 350 MHz"/>
  <tag k="man_made" v="antenna"/>
  <tag k="name" v="C224"/>
 </node>
 <node id="13659405836" visible="true" version="1" changeset="180073373" timestamp="2026-03-18T18:10:15Z" user="jotth" uid="611825" lat="-26.8278290" lon="116.7680550">
  <tag k="frequency" v="50 - 350 MHz"/>
  <tag k="man_made" v="antenna"/>
  <tag k="name" v="C223"/>
 </node>
 <node id="13659405837" visible="true" version="1" changeset="180073373" timestamp="2026-03-18T18:10:15Z" user="jotth" uid="611825" lat="-26.8282670" lon="116.7673270">
  <tag k="frequency" v="50 - 350 MHz"/>
  <tag k="man_made" v="antenna"/>
  <tag k="name" v="C222"/>
 </node>
 <node id="13659405838" visible="true" version="1" changeset="180073373" timestamp="2026-03-18T18:10:15Z" user="jotth" uid="611825" lat="-26.8274411" lon="116.7678913">
  <tag k="frequency" v="50 - 350 MHz"/>
  <tag k="man_made" v="antenna"/>
  <tag k="name" v="C221"/>
 </node>
 <node id="13659405839" visible="true" version="1" changeset="180073373" timestamp="2026-03-18T18:10:15Z" user="jotth" uid="611825" lat="-26.8280470" lon="116.7676840">
  <tag k="frequency" v="50 - 350 MHz"/>
  <tag k="man_made" v="antenna"/>
  <tag k="name" v="C220"/>
 </node>
 <node id="13659405840" visible="true" version="1" changeset="180073373" timestamp="2026-03-18T18:10:15Z" user="jotth" uid="611825" lat="-26.8282600" lon="116.7681090">
  <tag k="frequency" v="50 - 350 MHz"/>
  <tag k="man_made" v="antenna"/>
  <tag k="name" v="C219"/>
 </node>
 <node id="13659405841" visible="true" version="1" changeset="180073373" timestamp="2026-03-18T18:10:15Z" user="jotth" uid="611825" lat="-26.8252850" lon="116.7599510">
  <tag k="frequency" v="50 - 350 MHz"/>
  <tag k="man_made" v="antenna"/>
  <tag k="name" v="C218"/>
 </node>
 <node id="13659405842" visible="true" version="1" changeset="180073373" timestamp="2026-03-18T18:10:15Z" user="jotth" uid="611825" lat="-26.8257300" lon="116.7590860">
  <tag k="frequency" v="50 - 350 MHz"/>
  <tag k="man_made" v="antenna"/>
  <tag k="name" v="C217"/>
 </node>
 <node id="13659405843" visible="true" version="1" changeset="180073373" timestamp="2026-03-18T18:10:15Z" user="jotth" uid="611825" lat="-26.8260150" lon="116.7594020">
  <tag k="frequency" v="50 - 350 MHz"/>
  <tag k="man_made" v="antenna"/>
  <tag k="name" v="C216"/>
 </node>
 <node id="13659405844" visible="true" version="1" changeset="180073373" timestamp="2026-03-18T18:10:15Z" user="jotth" uid="611825" lat="-26.8250510" lon="116.7596000">
  <tag k="frequency" v="50 - 350 MHz"/>
  <tag k="man_made" v="antenna"/>
  <tag k="name" v="C215"/>
 </node>
 <node id="13659405845" visible="true" version="1" changeset="180073373" timestamp="2026-03-18T18:10:15Z" user="jotth" uid="611825" lat="-26.8255400" lon="116.7602740">
  <tag k="frequency" v="50 - 350 MHz"/>
  <tag k="man_made" v="antenna"/>
  <tag k="name" v="C214"/>
 </node>
 <node id="13659405846" visible="true" version="1" changeset="180073373" timestamp="2026-03-18T18:10:15Z" user="jotth" uid="611825" lat="-26.8255200" lon="116.7594640">
  <tag k="frequency" v="50 - 350 MHz"/>
  <tag k="man_made" v="antenna"/>
  <tag k="name" v="C213"/>
 </node>
 <node id="13659405847" visible="true" version="1" changeset="180073373" timestamp="2026-03-18T18:10:15Z" user="jotth" uid="611825" lat="-26.8207130" lon="116.7670780">
  <tag k="frequency" v="50 - 350 MHz"/>
  <tag k="man_made" v="antenna"/>
  <tag k="name" v="C212"/>
 </node>
 <node id="13659405848" visible="true" version="1" changeset="180073373" timestamp="2026-03-18T18:10:15Z" user="jotth" uid="611825" lat="-26.8206630" lon="116.7658450">
  <tag k="frequency" v="50 - 350 MHz"/>
  <tag k="man_made" v="antenna"/>
  <tag k="name" v="C211"/>
 </node>
 <node id="13659405849" visible="true" version="1" changeset="180073373" timestamp="2026-03-18T18:10:15Z" user="jotth" uid="611825" lat="-26.8211490" lon="116.7658360">
  <tag k="frequency" v="50 - 350 MHz"/>
  <tag k="man_made" v="antenna"/>
  <tag k="name" v="C210"/>
 </node>
 <node id="13659405850" visible="true" version="1" changeset="180073373" timestamp="2026-03-18T18:10:15Z" user="jotth" uid="611825" lat="-26.8209410" lon="116.7662370">
  <tag k="frequency" v="50 - 350 MHz"/>
  <tag k="man_made" v="antenna"/>
  <tag k="name" v="C209"/>
 </node>
 <node id="13659405851" visible="true" version="1" changeset="180073373" timestamp="2026-03-18T18:10:15Z" user="jotth" uid="611825" lat="-26.8202480" lon="116.7657020">
  <tag k="frequency" v="50 - 350 MHz"/>
  <tag k="man_made" v="antenna"/>
  <tag k="name" v="C208"/>
 </node>
 <node id="13659405852" visible="true" version="1" changeset="180073373" timestamp="2026-03-18T18:10:15Z" user="jotth" uid="611825" lat="-26.8203950" lon="116.7661760">
  <tag k="frequency" v="50 - 350 MHz"/>
  <tag k="man_made" v="antenna"/>
  <tag k="name" v="C207"/>
 </node>
 <node id="13659405853" visible="true" version="1" changeset="180073373" timestamp="2026-03-18T18:10:15Z" user="jotth" uid="611825" lat="-26.8281130" lon="116.7655080">
  <tag k="frequency" v="50 - 350 MHz"/>
  <tag k="man_made" v="antenna"/>
  <tag k="name" v="C206"/>
 </node>
 <node id="13659405854" visible="true" version="1" changeset="180073373" timestamp="2026-03-18T18:10:15Z" user="jotth" uid="611825" lat="-26.8245660" lon="116.7603690">
  <tag k="frequency" v="50 - 350 MHz"/>
  <tag k="man_made" v="antenna"/>
  <tag k="name" v="C205"/>
 </node>
 <node id="13659405855" visible="true" version="1" changeset="180073373" timestamp="2026-03-18T18:10:15Z" user="jotth" uid="611825" lat="-26.8289090" lon="116.7654130">
  <tag k="frequency" v="50 - 350 MHz"/>
  <tag k="man_made" v="antenna"/>
  <tag k="name" v="C204"/>
 </node>
 <node id="13659405856" visible="true" version="1" changeset="180073373" timestamp="2026-03-18T18:10:15Z" user="jotth" uid="611825" lat="-26.8246880" lon="116.7597500">
  <tag k="frequency" v="50 - 350 MHz"/>
  <tag k="man_made" v="antenna"/>
  <tag k="name" v="C203"/>
 </node>
 <node id="13659405857" visible="true" version="1" changeset="180073373" timestamp="2026-03-18T18:10:15Z" user="jotth" uid="611825" lat="-26.8280260" lon="116.7636040">
  <tag k="frequency" v="50 - 350 MHz"/>
  <tag k="man_made" v="antenna"/>
  <tag k="name" v="C202"/>
 </node>
 <node id="13659405858" visible="true" version="1" changeset="180073373" timestamp="2026-03-18T18:10:15Z" user="jotth" uid="611825" lat="-26.8289500" lon="116.7632580">
  <tag k="frequency" v="50 - 350 MHz"/>
  <tag k="man_made" v="antenna"/>
  <tag k="name" v="C201"/>
 </node>
 <node id="13659405859" visible="true" version="1" changeset="180073373" timestamp="2026-03-18T18:10:15Z" user="jotth" uid="611825" lat="-26.8253610" lon="116.7673220">
  <tag k="frequency" v="50 - 350 MHz"/>
  <tag k="man_made" v="antenna"/>
  <tag k="name" v="C200"/>
 </node>
 <node id="13659405860" visible="true" version="1" changeset="180073373" timestamp="2026-03-18T18:10:15Z" user="jotth" uid="611825" lat="-26.8222710" lon="116.7605770">
  <tag k="frequency" v="50 - 350 MHz"/>
  <tag k="man_made" v="antenna"/>
  <tag k="name" v="C199"/>
 </node>
 <node id="13659405861" visible="true" version="1" changeset="180073373" timestamp="2026-03-18T18:10:15Z" user="jotth" uid="611825" lat="-26.8253140" lon="116.7687970">
  <tag k="frequency" v="50 - 350 MHz"/>
  <tag k="man_made" v="antenna"/>
  <tag k="name" v="C198"/>
 </node>
 <node id="13659405862" visible="true" version="1" changeset="180073373" timestamp="2026-03-18T18:10:15Z" user="jotth" uid="611825" lat="-26.8279840" lon="116.7645530">
  <tag k="frequency" v="50 - 350 MHz"/>
  <tag k="man_made" v="antenna"/>
  <tag k="name" v="C197"/>
 </node>
 <node id="13659405863" visible="true" version="1" changeset="180073373" timestamp="2026-03-18T18:10:15Z" user="jotth" uid="611825" lat="-26.8219940" lon="116.7674360">
  <tag k="frequency" v="50 - 350 MHz"/>
  <tag k="man_made" v="antenna"/>
  <tag k="name" v="C196"/>
 </node>
 <node id="13659405864" visible="true" version="1" changeset="180073373" timestamp="2026-03-18T18:10:15Z" user="jotth" uid="611825" lat="-26.8214050" lon="116.7668410">
  <tag k="frequency" v="50 - 350 MHz"/>
  <tag k="man_made" v="antenna"/>
  <tag k="name" v="C195"/>
 </node>
 <node id="13659405865" visible="true" version="1" changeset="180073373" timestamp="2026-03-18T18:10:15Z" user="jotth" uid="611825" lat="-26.8277410" lon="116.7619800">
  <tag k="frequency" v="50 - 350 MHz"/>
  <tag k="man_made" v="antenna"/>
  <tag k="name" v="C194"/>
 </node>
 <node id="13659405866" visible="true" version="1" changeset="180073373" timestamp="2026-03-18T18:10:15Z" user="jotth" uid="611825" lat="-26.8206490" lon="116.7636060">
  <tag k="frequency" v="50 - 350 MHz"/>
  <tag k="man_made" v="antenna"/>
  <tag k="name" v="C193"/>
 </node>
 <node id="13659405867" visible="true" version="1" changeset="180073373" timestamp="2026-03-18T18:10:15Z" user="jotth" uid="611825" lat="-26.8275340" lon="116.7610520">
  <tag k="frequency" v="50 - 350 MHz"/>
  <tag k="man_made" v="antenna"/>
  <tag k="name" v="C192"/>
 </node>
 <node id="13659405868" visible="true" version="1" changeset="180073373" timestamp="2026-03-18T18:10:15Z" user="jotth" uid="611825" lat="-26.8281640" lon="116.7649350">
  <tag k="frequency" v="50 - 350 MHz"/>
  <tag k="man_made" v="antenna"/>
  <tag k="name" v="C191"/>
 </node>
 <node id="13659405869" visible="true" version="1" changeset="180073373" timestamp="2026-03-18T18:10:15Z" user="jotth" uid="611825" lat="-26.8240580" lon="116.7690800">
  <tag k="frequency" v="50 - 350 MHz"/>
  <tag k="man_made" v="antenna"/>
  <tag k="name" v="C190"/>
 </node>
 <node id="13659405870" visible="true" version="1" changeset="180073373" timestamp="2026-03-18T18:10:15Z" user="jotth" uid="611825" lat="-26.8232080" lon="116.7685570">
  <tag k="frequency" v="50 - 350 MHz"/>
  <tag k="man_made" v="antenna"/>
  <tag k="name" v="C189"/>
 </node>
 <node id="13659405871" visible="true" version="1" changeset="180073373" timestamp="2026-03-18T18:10:15Z" user="jotth" uid="611825" lat="-26.8247000" lon="116.7687780">
  <tag k="frequency" v="50 - 350 MHz"/>
  <tag k="man_made" v="antenna"/>
  <tag k="name" v="C188"/>
 </node>
 <node id="13659405872" visible="true" version="1" changeset="180073373" timestamp="2026-03-18T18:10:15Z" user="jotth" uid="611825" lat="-26.8256270" lon="116.7683890">
  <tag k="frequency" v="50 - 350 MHz"/>
  <tag k="man_made" v="antenna"/>
  <tag k="name" v="C187"/>
 </node>
 <node id="13659405873" visible="true" version="1" changeset="180073373" timestamp="2026-03-18T18:10:15Z" user="jotth" uid="611825" lat="-26.8240860" lon="116.7606780">
  <tag k="frequency" v="50 - 350 MHz"/>
  <tag k="man_made" v="antenna"/>
  <tag k="name" v="C186"/>
 </node>
 <node id="13659405874" visible="true" version="1" changeset="180073373" timestamp="2026-03-18T18:10:15Z" user="jotth" uid="611825" lat="-26.8271450" lon="116.7615140">
  <tag k="frequency" v="50 - 350 MHz"/>
  <tag k="man_made" v="antenna"/>
  <tag k="name" v="C185"/>
 </node>
 <node id="13659405875" visible="true" version="1" changeset="180073373" timestamp="2026-03-18T18:10:15Z" user="jotth" uid="611825" lat="-26.8283840" lon="116.7620160">
  <tag k="frequency" v="50 - 350 MHz"/>
  <tag k="man_made" v="antenna"/>
  <tag k="name" v="C184"/>
 </node>
 <node id="13659405876" visible="true" version="1" changeset="180073373" timestamp="2026-03-18T18:10:15Z" user="jotth" uid="611825" lat="-26.8211040" lon="116.7671090">
  <tag k="frequency" v="50 - 350 MHz"/>
  <tag k="man_made" v="antenna"/>
  <tag k="name" v="C183"/>
 </node>
 <node id="13659405877" visible="true" version="1" changeset="180073373" timestamp="2026-03-18T18:10:15Z" user="jotth" uid="611825" lat="-26.8232590" lon="116.7609420">
  <tag k="frequency" v="50 - 350 MHz"/>
  <tag k="man_made" v="antenna"/>
  <tag k="name" v="C182"/>
 </node>
 <node id="13659405878" visible="true" version="1" changeset="180073373" timestamp="2026-03-18T18:10:15Z" user="jotth" uid="611825" lat="-26.8240590" lon="116.7682300">
  <tag k="frequency" v="50 - 350 MHz"/>
  <tag k="man_made" v="antenna"/>
  <tag k="name" v="C181"/>
 </node>
 <node id="13659405879" visible="true" version="1" changeset="180073373" timestamp="2026-03-18T18:10:15Z" user="jotth" uid="611825" lat="-26.8233690" lon="116.7681690">
  <tag k="frequency" v="50 - 350 MHz"/>
  <tag k="man_made" v="antenna"/>
  <tag k="name" v="C180"/>
 </node>
 <node id="13659405880" visible="true" version="1" changeset="180073373" timestamp="2026-03-18T18:10:15Z" user="jotth" uid="611825" lat="-26.8208750" lon="116.7644770">
  <tag k="frequency" v="50 - 350 MHz"/>
  <tag k="man_made" v="antenna"/>
  <tag k="name" v="C179"/>
 </node>
 <node id="13659405881" visible="true" version="1" changeset="180073373" timestamp="2026-03-18T18:10:15Z" user="jotth" uid="611825" lat="-26.8248990" lon="116.7607350">
  <tag k="frequency" v="50 - 350 MHz"/>
  <tag k="man_made" v="antenna"/>
  <tag k="name" v="C178"/>
 </node>
 <node id="13659405882" visible="true" version="1" changeset="180073373" timestamp="2026-03-18T18:10:15Z" user="jotth" uid="611825" lat="-26.8284610" lon="116.7632870">
  <tag k="frequency" v="50 - 350 MHz"/>
  <tag k="man_made" v="antenna"/>
  <tag k="name" v="C177"/>
 </node>
 <node id="13659405883" visible="true" version="1" changeset="180073373" timestamp="2026-03-18T18:10:15Z" user="jotth" uid="611825" lat="-26.8226520" lon="116.7608850">
  <tag k="frequency" v="50 - 350 MHz"/>
  <tag k="man_made" v="antenna"/>
  <tag k="name" v="C176"/>
 </node>
 <node id="13659405884" visible="true" version="1" changeset="180073373" timestamp="2026-03-18T18:10:15Z" user="jotth" uid="611825" lat="-26.8210270" lon="116.7624590">
  <tag k="frequency" v="50 - 350 MHz"/>
  <tag k="man_made" v="antenna"/>
  <tag k="name" v="C175"/>
 </node>
 <node id="13659405885" visible="true" version="1" changeset="180073373" timestamp="2026-03-18T18:10:15Z" user="jotth" uid="611825" lat="-26.8269864" lon="116.7676676">
  <tag k="frequency" v="50 - 350 MHz"/>
  <tag k="man_made" v="antenna"/>
  <tag k="name" v="C174"/>
 </node>
 <node id="13659405886" visible="true" version="1" changeset="180073373" timestamp="2026-03-18T18:10:15Z" user="jotth" uid="611825" lat="-26.8290540" lon="116.7645730">
  <tag k="frequency" v="50 - 350 MHz"/>
  <tag k="man_made" v="antenna"/>
  <tag k="name" v="C173"/>
 </node>
 <node id="13659405887" visible="true" version="1" changeset="180073373" timestamp="2026-03-18T18:10:15Z" user="jotth" uid="611825" lat="-26.8281970" lon="116.7660170">
  <tag k="frequency" v="50 - 350 MHz"/>
  <tag k="man_made" v="antenna"/>
  <tag k="name" v="C172"/>
 </node>
 <node id="13659405888" visible="true" version="1" changeset="180073373" timestamp="2026-03-18T18:10:15Z" user="jotth" uid="611825" lat="-26.8279910" lon="116.7664470">
  <tag k="frequency" v="50 - 350 MHz"/>
  <tag k="man_made" v="antenna"/>
  <tag k="name" v="C171"/>
 </node>
 <node id="13659405889" visible="true" version="1" changeset="180073373" timestamp="2026-03-18T18:10:15Z" user="jotth" uid="611825" lat="-26.8231880" lon="116.7604630">
  <tag k="frequency" v="50 - 350 MHz"/>
  <tag k="man_made" v="antenna"/>
  <tag k="name" v="C170"/>
 </node>
 <node id="13659405890" visible="true" version="1" changeset="180073373" timestamp="2026-03-18T18:10:15Z" user="jotth" uid="611825" lat="-26.8260920" lon="116.7682530">
  <tag k="frequency" v="50 - 350 MHz"/>
  <tag k="man_made" v="antenna"/>
  <tag k="name" v="C169"/>
 </node>
 <node id="13659405891" visible="true" version="1" changeset="180073373" timestamp="2026-03-18T18:10:15Z" user="jotth" uid="611825" lat="-26.8235850" lon="116.7606020">
  <tag k="frequency" v="50 - 350 MHz"/>
  <tag k="man_made" v="antenna"/>
  <tag k="name" v="C168"/>
 </node>
 <node id="13659405892" visible="true" version="1" changeset="180073373" timestamp="2026-03-18T18:10:15Z" user="jotth" uid="611825" lat="-26.8277220" lon="116.7661430">
  <tag k="frequency" v="50 - 350 MHz"/>
  <tag k="man_made" v="antenna"/>
  <tag k="name" v="C167"/>
 </node>
 <node id="13659405893" visible="true" version="1" changeset="180073373" timestamp="2026-03-18T18:10:15Z" user="jotth" uid="611825" lat="-26.8209380" lon="116.7654690">
  <tag k="frequency" v="50 - 350 MHz"/>
  <tag k="man_made" v="antenna"/>
  <tag k="name" v="C166"/>
 </node>
 <node id="13659405894" visible="true" version="1" changeset="180073373" timestamp="2026-03-18T18:10:15Z" user="jotth" uid="611825" lat="-26.8245690" lon="116.7692080">
  <tag k="frequency" v="50 - 350 MHz"/>
  <tag k="man_made" v="antenna"/>
  <tag k="name" v="C165"/>
 </node>
 <node id="13659405895" visible="true" version="1" changeset="180073373" timestamp="2026-03-18T18:10:15Z" user="jotth" uid="611825" lat="-26.8281350" lon="116.7668500">
  <tag k="frequency" v="50 - 350 MHz"/>
  <tag k="man_made" v="antenna"/>
  <tag k="name" v="C164"/>
 </node>
 <node id="13659405896" visible="true" version="1" changeset="180073373" timestamp="2026-03-18T18:10:15Z" user="jotth" uid="611825" lat="-26.8269805" lon="116.7681359">
  <tag k="frequency" v="50 - 350 MHz"/>
  <tag k="man_made" v="antenna"/>
  <tag k="name" v="C163"/>
 </node>
 <node id="13659405897" visible="true" version="1" changeset="180073373" timestamp="2026-03-18T18:10:15Z" user="jotth" uid="611825" lat="-26.8224260" lon="116.7615010">
  <tag k="frequency" v="50 - 350 MHz"/>
  <tag k="man_made" v="antenna"/>
  <tag k="name" v="C162"/>
 </node>
 <node id="13659405898" visible="true" version="1" changeset="180073373" timestamp="2026-03-18T18:10:15Z" user="jotth" uid="611825" lat="-26.8204300" lon="116.7639660">
  <tag k="frequency" v="50 - 350 MHz"/>
  <tag k="man_made" v="antenna"/>
  <tag k="name" v="C161"/>
 </node>
 <node id="13659405899" visible="true" version="1" changeset="180073373" timestamp="2026-03-18T18:10:15Z" user="jotth" uid="611825" lat="-26.8266500" lon="116.7605070">
  <tag k="frequency" v="50 - 350 MHz"/>
  <tag k="man_made" v="antenna"/>
  <tag k="name" v="C160"/>
 </node>
 <node id="13659405900" visible="true" version="1" changeset="180073373" timestamp="2026-03-18T18:10:15Z" user="jotth" uid="611825" lat="-26.8261980" lon="116.7689190">
  <tag k="frequency" v="50 - 350 MHz"/>
  <tag k="man_made" v="antenna"/>
  <tag k="name" v="C159"/>
 </node>
 <node id="13659405901" visible="true" version="1" changeset="180073373" timestamp="2026-03-18T18:10:15Z" user="jotth" uid="611825" lat="-26.8283780" lon="116.7639780">
  <tag k="frequency" v="50 - 350 MHz"/>
  <tag k="man_made" v="antenna"/>
  <tag k="name" v="C158"/>
 </node>
 <node id="13659405902" visible="true" version="1" changeset="180073373" timestamp="2026-03-18T18:10:15Z" user="jotth" uid="611825" lat="-26.8282920" lon="116.7625150">
  <tag k="frequency" v="50 - 350 MHz"/>
  <tag k="man_made" v="antenna"/>
  <tag k="name" v="C157"/>
 </node>
 <node id="13659405903" visible="true" version="1" changeset="180073373" timestamp="2026-03-18T18:10:15Z" user="jotth" uid="611825" lat="-26.8285100" lon="116.7654470">
  <tag k="frequency" v="50 - 350 MHz"/>
  <tag k="man_made" v="antenna"/>
  <tag k="name" v="C156"/>
 </node>
 <node id="13659405904" visible="true" version="1" changeset="180073373" timestamp="2026-03-18T18:10:15Z" user="jotth" uid="611825" lat="-26.8206410" lon="116.7651480">
  <tag k="frequency" v="50 - 350 MHz"/>
  <tag k="man_made" v="antenna"/>
  <tag k="name" v="C155"/>
 </node>
 <node id="13659405905" visible="true" version="1" changeset="180073373" timestamp="2026-03-18T18:10:15Z" user="jotth" uid="611825" lat="-26.8259510" lon="116.7600420">
  <tag k="frequency" v="50 - 350 MHz"/>
  <tag k="man_made" v="antenna"/>
  <tag k="name" v="C154"/>
 </node>
 <node id="13659405906" visible="true" version="1" changeset="180073373" timestamp="2026-03-18T18:10:15Z" user="jotth" uid="611825" lat="-26.8253710" lon="116.7692360">
  <tag k="frequency" v="50 - 350 MHz"/>
  <tag k="man_made" v="antenna"/>
  <tag k="name" v="C153"/>
 </node>
 <node id="13659405907" visible="true" version="1" changeset="180073373" timestamp="2026-03-18T18:10:15Z" user="jotth" uid="611825" lat="-26.8256130" lon="116.7607720">
  <tag k="frequency" v="50 - 350 MHz"/>
  <tag k="man_made" v="antenna"/>
  <tag k="name" v="C152"/>
 </node>
 <node id="13659405908" visible="true" version="1" changeset="180073373" timestamp="2026-03-18T18:10:15Z" user="jotth" uid="611825" lat="-26.8244800" lon="116.7608890">
  <tag k="frequency" v="50 - 350 MHz"/>
  <tag k="man_made" v="antenna"/>
  <tag k="name" v="C151"/>
 </node>
 <node id="13659405909" visible="true" version="1" changeset="180073373" timestamp="2026-03-18T18:10:15Z" user="jotth" uid="611825" lat="-26.8236020" lon="116.7668130">
  <tag k="frequency" v="50 - 350 MHz"/>
  <tag k="man_made" v="antenna"/>
  <tag k="name" v="C150"/>
 </node>
 <node id="13659405910" visible="true" version="1" changeset="180073373" timestamp="2026-03-18T18:10:15Z" user="jotth" uid="611825" lat="-26.8223940" lon="116.7667950">
  <tag k="frequency" v="50 - 350 MHz"/>
  <tag k="man_made" v="antenna"/>
  <tag k="name" v="C149"/>
 </node>
 <node id="13659405911" visible="true" version="1" changeset="180073373" timestamp="2026-03-18T18:10:15Z" user="jotth" uid="611825" lat="-26.8223680" lon="116.7644020">
  <tag k="frequency" v="50 - 350 MHz"/>
  <tag k="man_made" v="antenna"/>
  <tag k="name" v="C148"/>
 </node>
 <node id="13659405912" visible="true" version="1" changeset="180073373" timestamp="2026-03-18T18:10:15Z" user="jotth" uid="611825" lat="-26.8246210" lon="116.7673230">
  <tag k="frequency" v="50 - 350 MHz"/>
  <tag k="man_made" v="antenna"/>
  <tag k="name" v="C147"/>
 </node>
 <node id="13659405913" visible="true" version="1" changeset="180073373" timestamp="2026-03-18T18:10:15Z" user="jotth" uid="611825" lat="-26.8226200" lon="116.7664360">
  <tag k="frequency" v="50 - 350 MHz"/>
  <tag k="man_made" v="antenna"/>
  <tag k="name" v="C146"/>
 </node>
 <node id="13659405914" visible="true" version="1" changeset="180073373" timestamp="2026-03-18T18:10:15Z" user="jotth" uid="611825" lat="-26.8260750" lon="116.7669700">
  <tag k="frequency" v="50 - 350 MHz"/>
  <tag k="man_made" v="antenna"/>
  <tag k="name" v="C145"/>
 </node>
 <node id="13659405915" visible="true" version="1" changeset="180073373" timestamp="2026-03-18T18:10:15Z" user="jotth" uid="611825" lat="-26.8243950" lon="116.7678480">
  <tag k="frequency" v="50 - 350 MHz"/>
  <tag k="man_made" v="antenna"/>
  <tag k="name" v="C144"/>
 </node>
 <node id="13659405916" visible="true" version="1" changeset="180073373" timestamp="2026-03-18T18:10:15Z" user="jotth" uid="611825" lat="-26.8273951" lon="116.7666809">
  <tag k="frequency" v="50 - 350 MHz"/>
  <tag k="man_made" v="antenna"/>
  <tag k="name" v="C143"/>
 </node>
 <node id="13659405917" visible="true" version="1" changeset="180073373" timestamp="2026-03-18T18:10:15Z" user="jotth" uid="611825" lat="-26.8270880" lon="116.7641920">
  <tag k="frequency" v="50 - 350 MHz"/>
  <tag k="man_made" v="antenna"/>
  <tag k="name" v="C142"/>
 </node>
 <node id="13659405918" visible="true" version="1" changeset="180073373" timestamp="2026-03-18T18:10:15Z" user="jotth" uid="611825" lat="-26.8267950" lon="116.7671590">
  <tag k="frequency" v="50 - 350 MHz"/>
  <tag k="man_made" v="antenna"/>
  <tag k="name" v="C141"/>
 </node>
 <node id="13659405919" visible="true" version="1" changeset="180073373" timestamp="2026-03-18T18:10:15Z" user="jotth" uid="611825" lat="-26.8260640" lon="116.7619680">
  <tag k="frequency" v="50 - 350 MHz"/>
  <tag k="man_made" v="antenna"/>
  <tag k="name" v="C140"/>
 </node>
 <node id="13659405920" visible="true" version="1" changeset="180073373" timestamp="2026-03-18T18:10:15Z" user="jotth" uid="611825" lat="-26.8222420" lon="116.7629330">
  <tag k="frequency" v="50 - 350 MHz"/>
  <tag k="man_made" v="antenna"/>
  <tag k="name" v="C139"/>
 </node>
 <node id="13659405921" visible="true" version="1" changeset="180073373" timestamp="2026-03-18T18:10:15Z" user="jotth" uid="611825" lat="-26.8215060" lon="116.7647480">
  <tag k="frequency" v="50 - 350 MHz"/>
  <tag k="man_made" v="antenna"/>
  <tag k="name" v="C138"/>
 </node>
 <node id="13659405922" visible="true" version="1" changeset="180073373" timestamp="2026-03-18T18:10:15Z" user="jotth" uid="611825" lat="-26.8227660" lon="116.7623740">
  <tag k="frequency" v="50 - 350 MHz"/>
  <tag k="man_made" v="antenna"/>
  <tag k="name" v="C137"/>
 </node>
 <node id="13659405923" visible="true" version="1" changeset="180073373" timestamp="2026-03-18T18:10:15Z" user="jotth" uid="611825" lat="-26.8254240" lon="116.7679580">
  <tag k="frequency" v="50 - 350 MHz"/>
  <tag k="man_made" v="antenna"/>
  <tag k="name" v="C136"/>
 </node>
 <node id="13659405924" visible="true" version="1" changeset="180073373" timestamp="2026-03-18T18:10:15Z" user="jotth" uid="611825" lat="-26.8251260" lon="116.7612430">
  <tag k="frequency" v="50 - 350 MHz"/>
  <tag k="man_made" v="antenna"/>
  <tag k="name" v="C135"/>
 </node>
 <node id="13659405925" visible="true" version="1" changeset="180073373" timestamp="2026-03-18T18:10:15Z" user="jotth" uid="611825" lat="-26.8218900" lon="116.7655080">
  <tag k="frequency" v="50 - 350 MHz"/>
  <tag k="man_made" v="antenna"/>
  <tag k="name" v="C134"/>
 </node>
 <node id="13659405926" visible="true" version="1" changeset="180073373" timestamp="2026-03-18T18:10:15Z" user="jotth" uid="611825" lat="-26.8227030" lon="116.7671620">
  <tag k="frequency" v="50 - 350 MHz"/>
  <tag k="man_made" v="antenna"/>
  <tag k="name" v="C133"/>
 </node>
 <node id="13659405927" visible="true" version="1" changeset="180073373" timestamp="2026-03-18T18:10:15Z" user="jotth" uid="611825" lat="-26.8270070" lon="116.7663920">
  <tag k="frequency" v="50 - 350 MHz"/>
  <tag k="man_made" v="antenna"/>
  <tag k="name" v="C132"/>
 </node>
 <node id="13659405928" visible="true" version="1" changeset="180073373" timestamp="2026-03-18T18:10:15Z" user="jotth" uid="611825" lat="-26.8240970" lon="116.7670150">
  <tag k="frequency" v="50 - 350 MHz"/>
  <tag k="man_made" v="antenna"/>
  <tag k="name" v="C131"/>
 </node>
 <node id="13659405929" visible="true" version="1" changeset="180073373" timestamp="2026-03-18T18:10:15Z" user="jotth" uid="611825" lat="-26.8275420" lon="116.7639870">
  <tag k="frequency" v="50 - 350 MHz"/>
  <tag k="man_made" v="antenna"/>
  <tag k="name" v="C130"/>
 </node>
 <node id="13659405930" visible="true" version="1" changeset="180073373" timestamp="2026-03-18T18:10:15Z" user="jotth" uid="611825" lat="-26.8255110" lon="116.7613320">
  <tag k="frequency" v="50 - 350 MHz"/>
  <tag k="man_made" v="antenna"/>
  <tag k="name" v="C129"/>
 </node>
 <node id="13659405931" visible="true" version="1" changeset="180073373" timestamp="2026-03-18T18:10:15Z" user="jotth" uid="611825" lat="-26.8264520" lon="116.7619850">
  <tag k="frequency" v="50 - 350 MHz"/>
  <tag k="man_made" v="antenna"/>
  <tag k="name" v="C128"/>
 </node>
 <node id="13659405932" visible="true" version="1" changeset="180073373" timestamp="2026-03-18T18:10:15Z" user="jotth" uid="611825" lat="-26.8267660" lon="116.7616700">
  <tag k="frequency" v="50 - 350 MHz"/>
  <tag k="man_made" v="antenna"/>
  <tag k="name" v="C127"/>
 </node>
 <node id="13659405933" visible="true" version="1" changeset="180073373" timestamp="2026-03-18T18:10:15Z" user="jotth" uid="611825" lat="-26.8263770" lon="116.7672800">
  <tag k="frequency" v="50 - 350 MHz"/>
  <tag k="man_made" v="antenna"/>
  <tag k="name" v="C126"/>
 </node>
 <node id="13659405934" visible="true" version="1" changeset="180073373" timestamp="2026-03-18T18:10:15Z" user="jotth" uid="611825" lat="-26.8268090" lon="116.7621430">
  <tag k="frequency" v="50 - 350 MHz"/>
  <tag k="man_made" v="antenna"/>
  <tag k="name" v="C125"/>
 </node>
 <node id="13659405935" visible="true" version="1" changeset="180073373" timestamp="2026-03-18T18:10:15Z" user="jotth" uid="611825" lat="-26.8248330" lon="116.7676790">
  <tag k="frequency" v="50 - 350 MHz"/>
  <tag k="man_made" v="antenna"/>
  <tag k="name" v="C124"/>
 </node>
 <node id="13659405936" visible="true" version="1" changeset="180073373" timestamp="2026-03-18T18:10:15Z" user="jotth" uid="611825" lat="-26.8232420" lon="116.7664850">
  <tag k="frequency" v="50 - 350 MHz"/>
  <tag k="man_made" v="antenna"/>
  <tag k="name" v="C123"/>
 </node>
 <node id="13659405937" visible="true" version="1" changeset="180073373" timestamp="2026-03-18T18:10:15Z" user="jotth" uid="611825" lat="-26.8220080" lon="116.7645960">
  <tag k="frequency" v="50 - 350 MHz"/>
  <tag k="man_made" v="antenna"/>
  <tag k="name" v="C122"/>
 </node>
 <node id="13659405938" visible="true" version="1" changeset="180073373" timestamp="2026-03-18T18:10:15Z" user="jotth" uid="611825" lat="-26.8235970" lon="116.7617880">
  <tag k="frequency" v="50 - 350 MHz"/>
  <tag k="man_made" v="antenna"/>
  <tag k="name" v="C121"/>
 </node>
 <node id="13659405939" visible="true" version="1" changeset="180073373" timestamp="2026-03-18T18:10:15Z" user="jotth" uid="611825" lat="-26.8254400" lon="116.7668950">
  <tag k="frequency" v="50 - 350 MHz"/>
  <tag k="man_made" v="antenna"/>
  <tag k="name" v="C120"/>
 </node>
 <node id="13659405940" visible="true" version="1" changeset="180073373" timestamp="2026-03-18T18:10:15Z" user="jotth" uid="611825" lat="-26.8232170" lon="116.7670240">
  <tag k="frequency" v="50 - 350 MHz"/>
  <tag k="man_made" v="antenna"/>
  <tag k="name" v="C119"/>
 </node>
 <node id="13659405941" visible="true" version="1" changeset="180073373" timestamp="2026-03-18T18:10:15Z" user="jotth" uid="611825" lat="-26.8216270" lon="116.7642130">
  <tag k="frequency" v="50 - 350 MHz"/>
  <tag k="man_made" v="antenna"/>
  <tag k="name" v="C118"/>
 </node>
 <node id="13659405942" visible="true" version="1" changeset="180073373" timestamp="2026-03-18T18:10:15Z" user="jotth" uid="611825" lat="-26.8264140" lon="116.7662440">
  <tag k="frequency" v="50 - 350 MHz"/>
  <tag k="man_made" v="antenna"/>
  <tag k="name" v="C117"/>
 </node>
 <node id="13659405943" visible="true" version="1" changeset="180073373" timestamp="2026-03-18T18:10:15Z" user="jotth" uid="611825" lat="-26.8233510" lon="116.7625810">
  <tag k="frequency" v="50 - 350 MHz"/>
  <tag k="man_made" v="antenna"/>
  <tag k="name" v="C116"/>
 </node>
 <node id="13659405944" visible="true" version="1" changeset="180073373" timestamp="2026-03-18T18:10:15Z" user="jotth" uid="611825" lat="-26.8259290" lon="116.7612720">
  <tag k="frequency" v="50 - 350 MHz"/>
  <tag k="man_made" v="antenna"/>
  <tag k="name" v="C115"/>
 </node>
 <node id="13659405945" visible="true" version="1" changeset="180073373" timestamp="2026-03-18T18:10:15Z" user="jotth" uid="611825" lat="-26.8232240" lon="116.7619310">
  <tag k="frequency" v="50 - 350 MHz"/>
  <tag k="man_made" v="antenna"/>
  <tag k="name" v="C114"/>
 </node>
 <node id="13659405946" visible="true" version="1" changeset="180073373" timestamp="2026-03-18T18:10:15Z" user="jotth" uid="611825" lat="-26.8275420" lon="116.7632120">
  <tag k="frequency" v="50 - 350 MHz"/>
  <tag k="man_made" v="antenna"/>
  <tag k="name" v="C113"/>
 </node>
 <node id="13659405947" visible="true" version="1" changeset="180073373" timestamp="2026-03-18T18:10:15Z" user="jotth" uid="611825" lat="-26.8272660" lon="116.7645690">
  <tag k="frequency" v="50 - 350 MHz"/>
  <tag k="man_made" v="antenna"/>
  <tag k="name" v="C112"/>
 </node>
 <node id="13659405948" visible="true" version="1" changeset="180073373" timestamp="2026-03-18T18:10:15Z" user="jotth" uid="611825" lat="-26.8261870" lon="116.7623750">
  <tag k="frequency" v="50 - 350 MHz"/>
  <tag k="man_made" v="antenna"/>
  <tag k="name" v="C111"/>
 </node>
 <node id="13659405949" visible="true" version="1" changeset="180073373" timestamp="2026-03-18T18:10:15Z" user="jotth" uid="611825" lat="-26.8220240" lon="116.7650690">
  <tag k="frequency" v="50 - 350 MHz"/>
  <tag k="man_made" v="antenna"/>
  <tag k="name" v="C110"/>
 </node>
 <node id="13659405950" visible="true" version="1" changeset="180073373" timestamp="2026-03-18T18:10:15Z" user="jotth" uid="611825" lat="-26.8220720" lon="116.7659830">
  <tag k="frequency" v="50 - 350 MHz"/>
  <tag k="man_made" v="antenna"/>
  <tag k="name" v="C109"/>
 </node>
 <node id="13659405951" visible="true" version="1" changeset="180073373" timestamp="2026-03-18T18:10:15Z" user="jotth" uid="611825" lat="-26.8251020" lon="116.7619550">
  <tag k="frequency" v="50 - 350 MHz"/>
  <tag k="man_made" v="antenna"/>
  <tag k="name" v="C108"/>
 </node>
 <node id="13659405952" visible="true" version="1" changeset="180073373" timestamp="2026-03-18T18:10:15Z" user="jotth" uid="611825" lat="-26.8237360" lon="116.7672320">
  <tag k="frequency" v="50 - 350 MHz"/>
  <tag k="man_made" v="antenna"/>
  <tag k="name" v="C107"/>
 </node>
 <node id="13659405953" visible="true" version="1" changeset="180073373" timestamp="2026-03-18T18:10:15Z" user="jotth" uid="611825" lat="-26.8227160" lon="116.7617890">
  <tag k="frequency" v="50 - 350 MHz"/>
  <tag k="man_made" v="antenna"/>
  <tag k="name" v="C106"/>
 </node>
 <node id="13659405954" visible="true" version="1" changeset="180073373" timestamp="2026-03-18T18:10:15Z" user="jotth" uid="611825" lat="-26.8223370" lon="116.7639570">
  <tag k="frequency" v="50 - 350 MHz"/>
  <tag k="man_made" v="antenna"/>
  <tag k="name" v="C105"/>
 </node>
 <node id="13659405955" visible="true" version="1" changeset="180073373" timestamp="2026-03-18T18:10:15Z" user="jotth" uid="611825" lat="-26.8222440" lon="116.7663790">
  <tag k="frequency" v="50 - 350 MHz"/>
  <tag k="man_made" v="antenna"/>
  <tag k="name" v="C104"/>
 </node>
 <node id="13659405956" visible="true" version="1" changeset="180073373" timestamp="2026-03-18T18:10:15Z" user="jotth" uid="611825" lat="-26.8257780" lon="116.7672440">
  <tag k="frequency" v="50 - 350 MHz"/>
  <tag k="man_made" v="antenna"/>
  <tag k="name" v="C103"/>
 </node>
 <node id="13659405957" visible="true" version="1" changeset="180073373" timestamp="2026-03-18T18:10:15Z" user="jotth" uid="611825" lat="-26.8224830" lon="116.7632720">
  <tag k="frequency" v="50 - 350 MHz"/>
  <tag k="man_made" v="antenna"/>
  <tag k="name" v="C102"/>
 </node>
 <node id="13659405958" visible="true" version="1" changeset="180073373" timestamp="2026-03-18T18:10:15Z" user="jotth" uid="611825" lat="-26.8218610" lon="116.7637150">
  <tag k="frequency" v="50 - 350 MHz"/>
  <tag k="man_made" v="antenna"/>
  <tag k="name" v="C101"/>
 </node>
 <node id="13659405959" visible="true" version="1" changeset="180073373" timestamp="2026-03-18T18:10:15Z" user="jotth" uid="611825" lat="-26.8265450" lon="116.7657170">
  <tag k="frequency" v="50 - 350 MHz"/>
  <tag k="man_made" v="antenna"/>
  <tag k="name" v="C100"/>
 </node>
 <node id="13659405960" visible="true" version="1" changeset="180073373" timestamp="2026-03-18T18:10:15Z" user="jotth" uid="611825" lat="-26.8273441" lon="116.7654467">
  <tag k="frequency" v="50 - 350 MHz"/>
  <tag k="man_made" v="antenna"/>
  <tag k="name" v="C99"/>
 </node>
 <node id="13659405961" visible="true" version="1" changeset="180073373" timestamp="2026-03-18T18:10:15Z" user="jotth" uid="611825" lat="-26.8241970" lon="116.7674860">
  <tag k="frequency" v="50 - 350 MHz"/>
  <tag k="man_made" v="antenna"/>
  <tag k="name" v="C98"/>
 </node>
 <node id="13659405962" visible="true" version="1" changeset="180073373" timestamp="2026-03-18T18:10:15Z" user="jotth" uid="611825" lat="-26.8224380" lon="116.7655320">
  <tag k="frequency" v="50 - 350 MHz"/>
  <tag k="man_made" v="antenna"/>
  <tag k="name" v="C97"/>
 </node>
 <node id="13659405963" visible="true" version="1" changeset="180073373" timestamp="2026-03-18T18:10:15Z" user="jotth" uid="611825" lat="-26.8230710" lon="116.7615060">
  <tag k="frequency" v="50 - 350 MHz"/>
  <tag k="man_made" v="antenna"/>
  <tag k="name" v="C96"/>
 </node>
 <node id="13659405964" visible="true" version="1" changeset="180073373" timestamp="2026-03-18T18:10:15Z" user="jotth" uid="611825" lat="-26.8241560" lon="116.7617670">
  <tag k="frequency" v="50 - 350 MHz"/>
  <tag k="man_made" v="antenna"/>
  <tag k="name" v="C95"/>
 </node>
 <node id="13659405965" visible="true" version="1" changeset="180073373" timestamp="2026-03-18T18:10:15Z" user="jotth" uid="611825" lat="-26.8260150" lon="116.7676560">
  <tag k="frequency" v="50 - 350 MHz"/>
  <tag k="man_made" v="antenna"/>
  <tag k="name" v="C94"/>
 </node>
 <node id="13659405966" visible="true" version="1" changeset="180073373" timestamp="2026-03-18T18:10:15Z" user="jotth" uid="611825" lat="-26.8218090" lon="116.7630780">
  <tag k="frequency" v="50 - 350 MHz"/>
  <tag k="man_made" v="antenna"/>
  <tag k="name" v="C93"/>
 </node>
 <node id="13659405967" visible="true" version="1" changeset="180073373" timestamp="2026-03-18T18:10:15Z" user="jotth" uid="611825" lat="-26.8245350" lon="116.7613690">
  <tag k="frequency" v="50 - 350 MHz"/>
  <tag k="man_made" v="antenna"/>
  <tag k="name" v="C92"/>
 </node>
 <node id="13659405968" visible="true" version="1" changeset="180073373" timestamp="2026-03-18T18:10:15Z" user="jotth" uid="611825" lat="-26.8271730" lon="116.7625560">
  <tag k="frequency" v="50 - 350 MHz"/>
  <tag k="man_made" v="antenna"/>
  <tag k="name" v="C91"/>
 </node>
 <node id="13659405969" visible="true" version="1" changeset="180073373" timestamp="2026-03-18T18:10:15Z" user="jotth" uid="611825" lat="-26.8241520" lon="116.7611170">
  <tag k="frequency" v="50 - 350 MHz"/>
  <tag k="man_made" v="antenna"/>
  <tag k="name" v="C90"/>
 </node>
 <node id="13659405970" visible="true" version="1" changeset="180073373" timestamp="2026-03-18T18:10:15Z" user="jotth" uid="611825" lat="-26.8225910" lon="116.7627640">
  <tag k="frequency" v="50 - 350 MHz"/>
  <tag k="man_made" v="antenna"/>
  <tag k="name" v="C89"/>
 </node>
 <node id="13659405971" visible="true" version="1" changeset="180073373" timestamp="2026-03-18T18:10:15Z" user="jotth" uid="611825" lat="-26.8272731" lon="116.7650237">
  <tag k="frequency" v="50 - 350 MHz"/>
  <tag k="man_made" v="antenna"/>
  <tag k="name" v="C88"/>
 </node>
 <node id="13659405972" visible="true" version="1" changeset="180073373" timestamp="2026-03-18T18:10:15Z" user="jotth" uid="611825" lat="-26.8255720" lon="116.7618120">
  <tag k="frequency" v="50 - 350 MHz"/>
  <tag k="man_made" v="antenna"/>
  <tag k="name" v="C87"/>
 </node>
 <node id="13659405973" visible="true" version="1" changeset="180073373" timestamp="2026-03-18T18:10:15Z" user="jotth" uid="611825" lat="-26.8271940" lon="116.7634750">
  <tag k="frequency" v="50 - 350 MHz"/>
  <tag k="man_made" v="antenna"/>
  <tag k="name" v="C86"/>
 </node>
 <node id="13659405974" visible="true" version="1" changeset="180073373" timestamp="2026-03-18T18:10:15Z" user="jotth" uid="611825" lat="-26.8229200" lon="116.7667460">
  <tag k="frequency" v="50 - 350 MHz"/>
  <tag k="man_made" v="antenna"/>
  <tag k="name" v="C85"/>
 </node>
 <node id="13659405975" visible="true" version="1" changeset="180073373" timestamp="2026-03-18T18:10:15Z" user="jotth" uid="611825" lat="-26.8266930" lon="116.7625640">
  <tag k="frequency" v="50 - 350 MHz"/>
  <tag k="man_made" v="antenna"/>
  <tag k="name" v="C84"/>
 </node>
 <node id="13659405976" visible="true" version="1" changeset="180073373" timestamp="2026-03-18T18:10:15Z" user="jotth" uid="611825" lat="-26.8232880" lon="116.7676870">
  <tag k="frequency" v="50 - 350 MHz"/>
  <tag k="man_made" v="antenna"/>
  <tag k="name" v="C83"/>
 </node>
 <node id="13659405977" visible="true" version="1" changeset="180073373" timestamp="2026-03-18T18:10:15Z" user="jotth" uid="611825" lat="-26.8269430" lon="116.7629320">
  <tag k="frequency" v="50 - 350 MHz"/>
  <tag k="man_made" v="antenna"/>
  <tag k="name" v="C82"/>
 </node>
 <node id="13659405978" visible="true" version="1" changeset="180073373" timestamp="2026-03-18T18:10:15Z" user="jotth" uid="611825" lat="-26.8277180" lon="116.7653600">
  <tag k="frequency" v="50 - 350 MHz"/>
  <tag k="man_made" v="antenna"/>
  <tag k="name" v="C81"/>
 </node>
 <node id="13659405979" visible="true" version="1" changeset="180073373" timestamp="2026-03-18T18:10:15Z" user="jotth" uid="611825" lat="-26.8237240" lon="116.7612260">
  <tag k="frequency" v="50 - 350 MHz"/>
  <tag k="man_made" v="antenna"/>
  <tag k="name" v="C80"/>
 </node>
 <node id="13659405980" visible="true" version="1" changeset="180073373" timestamp="2026-03-18T18:10:15Z" user="jotth" uid="611825" lat="-26.8268969" lon="116.7654593">
  <tag k="frequency" v="50 - 350 MHz"/>
  <tag k="man_made" v="antenna"/>
  <tag k="name" v="C79"/>
 </node>
 <node id="13659405981" visible="true" version="1" changeset="180073373" timestamp="2026-03-18T18:10:15Z" user="jotth" uid="611825" lat="-26.8222990" lon="116.7622900">
  <tag k="frequency" v="50 - 350 MHz"/>
  <tag k="man_made" v="antenna"/>
  <tag k="name" v="C78"/>
 </node>
 <node id="13659405982" visible="true" version="1" changeset="180073373" timestamp="2026-03-18T18:10:15Z" user="jotth" uid="611825" lat="-26.8267640" lon="116.7667320">
  <tag k="frequency" v="50 - 350 MHz"/>
  <tag k="man_made" v="antenna"/>
  <tag k="name" v="C77"/>
 </node>
 <node id="13659405983" visible="true" version="1" changeset="180073373" timestamp="2026-03-18T18:10:15Z" user="jotth" uid="611825" lat="-26.8263830" lon="116.7666720">
  <tag k="frequency" v="50 - 350 MHz"/>
  <tag k="man_made" v="antenna"/>
  <tag k="name" v="C76"/>
 </node>
 <node id="13659405984" visible="true" version="1" changeset="180073373" timestamp="2026-03-18T18:10:15Z" user="jotth" uid="611825" lat="-26.8249340" lon="116.7655830">
  <tag k="frequency" v="50 - 350 MHz"/>
  <tag k="man_made" v="antenna"/>
  <tag k="name" v="C75"/>
 </node>
 <node id="13659405985" visible="true" version="1" changeset="180073373" timestamp="2026-03-18T18:10:15Z" user="jotth" uid="611825" lat="-26.8257970" lon="116.7624470">
  <tag k="frequency" v="50 - 350 MHz"/>
  <tag k="man_made" v="antenna"/>
  <tag k="name" v="C74"/>
 </node>
 <node id="13659405986" visible="true" version="1" changeset="180073373" timestamp="2026-03-18T18:10:15Z" user="jotth" uid="611825" lat="-26.8267410" lon="116.7648920">
  <tag k="frequency" v="50 - 350 MHz"/>
  <tag k="man_made" v="antenna"/>
  <tag k="name" v="C73"/>
 </node>
 <node id="13659405987" visible="true" version="1" changeset="180073373" timestamp="2026-03-18T18:10:15Z" user="jotth" uid="611825" lat="-26.8236940" lon="116.7664020">
  <tag k="frequency" v="50 - 350 MHz"/>
  <tag k="man_made" v="antenna"/>
  <tag k="name" v="C72"/>
 </node>
 <node id="13659405988" visible="true" version="1" changeset="180073373" timestamp="2026-03-18T18:10:15Z" user="jotth" uid="611825" lat="-26.8255140" lon="116.7660720">
  <tag k="frequency" v="50 - 350 MHz"/>
  <tag k="man_made" v="antenna"/>
  <tag k="name" v="C71"/>
 </node>
 <node id="13659405989" visible="true" version="1" changeset="180073373" timestamp="2026-03-18T18:10:15Z" user="jotth" uid="611825" lat="-26.8234980" lon="116.7642110">
  <tag k="frequency" v="50 - 350 MHz"/>
  <tag k="man_made" v="antenna"/>
  <tag k="name" v="C70"/>
 </node>
 <node id="13659405990" visible="true" version="1" changeset="180073373" timestamp="2026-03-18T18:10:15Z" user="jotth" uid="611825" lat="-26.8236970" lon="116.7657300">
  <tag k="frequency" v="50 - 350 MHz"/>
  <tag k="man_made" v="antenna"/>
  <tag k="name" v="C69"/>
 </node>
 <node id="13659405991" visible="true" version="1" changeset="180073373" timestamp="2026-03-18T18:10:15Z" user="jotth" uid="611825" lat="-26.8228440" lon="116.7656380">
  <tag k="frequency" v="50 - 350 MHz"/>
  <tag k="man_made" v="antenna"/>
  <tag k="name" v="C68"/>
 </node>
 <node id="13659405992" visible="true" version="1" changeset="180073373" timestamp="2026-03-18T18:10:15Z" user="jotth" uid="611825" lat="-26.8245780" lon="116.7627390">
  <tag k="frequency" v="50 - 350 MHz"/>
  <tag k="man_made" v="antenna"/>
  <tag k="name" v="C67"/>
 </node>
 <node id="13659405993" visible="true" version="1" changeset="180073373" timestamp="2026-03-18T18:10:15Z" user="jotth" uid="611825" lat="-26.8266990" lon="116.7643540">
  <tag k="frequency" v="50 - 350 MHz"/>
  <tag k="man_made" v="antenna"/>
  <tag k="name" v="C66"/>
 </node>
 <node id="13659405994" visible="true" version="1" changeset="180073373" timestamp="2026-03-18T18:10:15Z" user="jotth" uid="611825" lat="-26.8227020" lon="116.7637490">
  <tag k="frequency" v="50 - 350 MHz"/>
  <tag k="man_made" v="antenna"/>
  <tag k="name" v="C65"/>
 </node>
 <node id="13659405995" visible="true" version="1" changeset="180073373" timestamp="2026-03-18T18:10:15Z" user="jotth" uid="611825" lat="-26.8232130" lon="116.7630740">
  <tag k="frequency" v="50 - 350 MHz"/>
  <tag k="man_made" v="antenna"/>
  <tag k="name" v="C64"/>
 </node>
 <node id="13659405996" visible="true" version="1" changeset="180073373" timestamp="2026-03-18T18:10:15Z" user="jotth" uid="611825" lat="-26.8249940" lon="116.7635750">
  <tag k="frequency" v="50 - 350 MHz"/>
  <tag k="man_made" v="antenna"/>
  <tag k="name" v="C63"/>
 </node>
 <node id="13659405997" visible="true" version="1" changeset="180073373" timestamp="2026-03-18T18:10:15Z" user="jotth" uid="611825" lat="-26.8264580" lon="116.7633450">
  <tag k="frequency" v="50 - 350 MHz"/>
  <tag k="man_made" v="antenna"/>
  <tag k="name" v="C62"/>
 </node>
 <node id="13659405998" visible="true" version="1" changeset="180073373" timestamp="2026-03-18T18:10:15Z" user="jotth" uid="611825" lat="-26.8262500" lon="116.7629840">
  <tag k="frequency" v="50 - 350 MHz"/>
  <tag k="man_made" v="antenna"/>
  <tag k="name" v="C61"/>
 </node>
 <node id="13659405999" visible="true" version="1" changeset="180073373" timestamp="2026-03-18T18:10:15Z" user="jotth" uid="611825" lat="-26.8251030" lon="116.7659660">
  <tag k="frequency" v="50 - 350 MHz"/>
  <tag k="man_made" v="antenna"/>
  <tag k="name" v="C60"/>
 </node>
 <node id="13659406000" visible="true" version="1" changeset="180073373" timestamp="2026-03-18T18:10:15Z" user="jotth" uid="611825" lat="-26.8249582" lon="116.7641862">
  <tag k="frequency" v="50 - 350 MHz"/>
  <tag k="man_made" v="antenna"/>
  <tag k="name" v="C59"/>
 </node>
 <node id="13659406001" visible="true" version="1" changeset="180073373" timestamp="2026-03-18T18:10:15Z" user="jotth" uid="611825" lat="-26.8259840" lon="116.7634100">
  <tag k="frequency" v="50 - 350 MHz"/>
  <tag k="man_made" v="antenna"/>
  <tag k="name" v="C58"/>
 </node>
 <node id="13659406002" visible="true" version="1" changeset="180073373" timestamp="2026-03-18T18:10:15Z" user="jotth" uid="611825" lat="-26.8259290" lon="116.7648980">
  <tag k="frequency" v="50 - 350 MHz"/>
  <tag k="man_made" v="antenna"/>
  <tag k="name" v="C57"/>
 </node>
 <node id="13659406003" visible="true" version="1" changeset="180073373" timestamp="2026-03-18T18:10:15Z" user="jotth" uid="611825" lat="-26.8255120" lon="116.7627310">
  <tag k="frequency" v="50 - 350 MHz"/>
  <tag k="man_made" v="antenna"/>
  <tag k="name" v="C56"/>
 </node>
 <node id="13659406004" visible="true" version="1" changeset="180073373" timestamp="2026-03-18T18:10:15Z" user="jotth" uid="611825" lat="-26.8248780" lon="116.7667310">
  <tag k="frequency" v="50 - 350 MHz"/>
  <tag k="man_made" v="antenna"/>
  <tag k="name" v="C55"/>
 </node>
 <node id="13659406005" visible="true" version="1" changeset="180073373" timestamp="2026-03-18T18:10:15Z" user="jotth" uid="611825" lat="-26.8244770" lon="116.7657190">
  <tag k="frequency" v="50 - 350 MHz"/>
  <tag k="man_made" v="antenna"/>
  <tag k="name" v="C54"/>
 </node>
 <node id="13659406006" visible="true" version="1" changeset="180073373" timestamp="2026-03-18T18:10:15Z" user="jotth" uid="611825" lat="-26.8238770" lon="116.7632410">
  <tag k="frequency" v="50 - 350 MHz"/>
  <tag k="man_made" v="antenna"/>
  <tag k="name" v="C53"/>
 </node>
 <node id="13659406007" visible="true" version="1" changeset="180073373" timestamp="2026-03-18T18:10:15Z" user="jotth" uid="611825" lat="-26.8261480" lon="116.7642180">
  <tag k="frequency" v="50 - 350 MHz"/>
  <tag k="man_made" v="antenna"/>
  <tag k="name" v="C52"/>
 </node>
 <node id="13659406008" visible="true" version="1" changeset="180073373" timestamp="2026-03-18T18:10:15Z" user="jotth" uid="611825" lat="-26.8230200" lon="116.7649650">
  <tag k="frequency" v="50 - 350 MHz"/>
  <tag k="man_made" v="antenna"/>
  <tag k="name" v="C51"/>
 </node>
 <node id="13659406009" visible="true" version="1" changeset="180073373" timestamp="2026-03-18T18:10:15Z" user="jotth" uid="611825" lat="-26.8256960" lon="116.7664700">
  <tag k="frequency" v="50 - 350 MHz"/>
  <tag k="man_made" v="antenna"/>
  <tag k="name" v="C50"/>
 </node>
 <node id="13659406010" visible="true" version="1" changeset="180073373" timestamp="2026-03-18T18:10:15Z" user="jotth" uid="611825" lat="-26.8227340" lon="116.7645830">
  <tag k="frequency" v="50 - 350 MHz"/>
  <tag k="man_made" v="antenna"/>
  <tag k="name" v="C49"/>
 </node>
 <node id="13659406011" visible="true" version="1" changeset="180073373" timestamp="2026-03-18T18:10:15Z" user="jotth" uid="611825" lat="-26.8249770" lon="116.7626090">
  <tag k="frequency" v="50 - 350 MHz"/>
  <tag k="man_made" v="antenna"/>
  <tag k="name" v="C48"/>
 </node>
 <node id="13659406012" visible="true" version="1" changeset="180073373" timestamp="2026-03-18T18:10:15Z" user="jotth" uid="611825" lat="-26.8259030" lon="116.7661080">
  <tag k="frequency" v="50 - 350 MHz"/>
  <tag k="man_made" v="antenna"/>
  <tag k="name" v="C47"/>
 </node>
 <node id="13659406013" visible="true" version="1" changeset="180073373" timestamp="2026-03-18T18:10:15Z" user="jotth" uid="611825" lat="-26.8237440" lon="116.7626400">
  <tag k="frequency" v="50 - 350 MHz"/>
  <tag k="man_made" v="antenna"/>
  <tag k="name" v="C46"/>
 </node>
 <node id="13659406014" visible="true" version="1" changeset="180073373" timestamp="2026-03-18T18:10:15Z" user="jotth" uid="611825" lat="-26.8266430" lon="116.7637490">
  <tag k="frequency" v="50 - 350 MHz"/>
  <tag k="man_made" v="antenna"/>
  <tag k="name" v="C45"/>
 </node>
 <node id="13659406015" visible="true" version="1" changeset="180073373" timestamp="2026-03-18T18:10:15Z" user="jotth" uid="611825" lat="-26.8242400" lon="116.7651280">
  <tag k="frequency" v="50 - 350 MHz"/>
  <tag k="man_made" v="antenna"/>
  <tag k="name" v="C44"/>
 </node>
 <node id="13659406016" visible="true" version="1" changeset="180073373" timestamp="2026-03-18T18:10:15Z" user="jotth" uid="611825" lat="-26.8253200" lon="116.7623280">
  <tag k="frequency" v="50 - 350 MHz"/>
  <tag k="man_made" v="antenna"/>
  <tag k="name" v="C43"/>
 </node>
 <node id="13659406017" visible="true" version="1" changeset="180073373" timestamp="2026-03-18T18:10:15Z" user="jotth" uid="611825" lat="-26.8244580" lon="116.7665960">
  <tag k="frequency" v="50 - 350 MHz"/>
  <tag k="man_made" v="antenna"/>
  <tag k="name" v="C42"/>
 </node>
 <node id="13659406018" visible="true" version="1" changeset="180073373" timestamp="2026-03-18T18:10:15Z" user="jotth" uid="611825" lat="-26.8245870" lon="116.7634180">
  <tag k="frequency" v="50 - 350 MHz"/>
  <tag k="man_made" v="antenna"/>
  <tag k="name" v="C41"/>
 </node>
 <node id="13659406019" visible="true" version="1" changeset="180073373" timestamp="2026-03-18T18:10:15Z" user="jotth" uid="611825" lat="-26.8240290" lon="116.7622330">
  <tag k="frequency" v="50 - 350 MHz"/>
  <tag k="man_made" v="antenna"/>
  <tag k="name" v="C40"/>
 </node>
 <node id="13659406020" visible="true" version="1" changeset="180073373" timestamp="2026-03-18T18:10:15Z" user="jotth" uid="611825" lat="-26.8264160" lon="116.7651990">
  <tag k="frequency" v="50 - 350 MHz"/>
  <tag k="man_made" v="antenna"/>
  <tag k="name" v="C39"/>
 </node>
 <node id="13659406021" visible="true" version="1" changeset="180073373" timestamp="2026-03-18T18:10:15Z" user="jotth" uid="611825" lat="-26.8248280" lon="116.7630760">
  <tag k="frequency" v="50 - 350 MHz"/>
  <tag k="man_made" v="antenna"/>
  <tag k="name" v="C38"/>
 </node>
 <node id="13659406022" visible="true" version="1" changeset="180073373" timestamp="2026-03-18T18:10:15Z" user="jotth" uid="611825" lat="-26.8246260" lon="116.7651880">
  <tag k="frequency" v="50 - 350 MHz"/>
  <tag k="man_made" v="antenna"/>
  <tag k="name" v="C37"/>
 </node>
 <node id="13659406023" visible="true" version="1" changeset="180073373" timestamp="2026-03-18T18:10:15Z" user="jotth" uid="611825" lat="-26.8258020" lon="116.7630040">
  <tag k="frequency" v="50 - 350 MHz"/>
  <tag k="man_made" v="antenna"/>
  <tag k="name" v="C36"/>
 </node>
 <node id="13659406024" visible="true" version="1" changeset="180073373" timestamp="2026-03-18T18:10:15Z" user="jotth" uid="611825" lat="-26.8253970" lon="116.7635730">
  <tag k="frequency" v="50 - 350 MHz"/>
  <tag k="man_made" v="antenna"/>
  <tag k="name" v="C35"/>
 </node>
 <node id="13659406025" visible="true" version="1" changeset="180073373" timestamp="2026-03-18T18:10:15Z" user="jotth" uid="611825" lat="-26.8240870" lon="116.7664880">
  <tag k="frequency" v="50 - 350 MHz"/>
  <tag k="man_made" v="antenna"/>
  <tag k="name" v="C34"/>
 </node>
 <node id="13659406026" visible="true" version="1" changeset="180073373" timestamp="2026-03-18T18:10:15Z" user="jotth" uid="611825" lat="-26.8262630" lon="116.7637740">
  <tag k="frequency" v="50 - 350 MHz"/>
  <tag k="man_made" v="antenna"/>
  <tag k="name" v="C33"/>
 </node>
 <node id="13659406027" visible="true" version="1" changeset="180073373" timestamp="2026-03-18T18:10:15Z" user="jotth" uid="611825" lat="-26.8226670" lon="116.7651410">
  <tag k="frequency" v="50 - 350 MHz"/>
  <tag k="man_made" v="antenna"/>
  <tag k="name" v="C32"/>
 </node>
 <node id="13659406028" visible="true" version="1" changeset="180073373" timestamp="2026-03-18T18:10:15Z" user="jotth" uid="611825" lat="-26.8254890" lon="116.7655800">
  <tag k="frequency" v="50 - 350 MHz"/>
  <tag k="man_made" v="antenna"/>
  <tag k="name" v="C31"/>
 </node>
 <node id="13659406029" visible="true" version="1" changeset="180073373" timestamp="2026-03-18T18:10:15Z" user="jotth" uid="611825" lat="-26.8233810" lon="116.7652060">
  <tag k="frequency" v="50 - 350 MHz"/>
  <tag k="man_made" v="antenna"/>
  <tag k="name" v="C30"/>
 </node>
 <node id="13659406030" visible="true" version="1" changeset="180073373" timestamp="2026-03-18T18:10:15Z" user="jotth" uid="611825" lat="-26.8258180" lon="116.7639190">
  <tag k="frequency" v="50 - 350 MHz"/>
  <tag k="man_made" v="antenna"/>
  <tag k="name" v="C29"/>
 </node>
 <node id="13659406031" visible="true" version="1" changeset="180073373" timestamp="2026-03-18T18:10:15Z" user="jotth" uid="611825" lat="-26.8263820" lon="116.7647430">
  <tag k="frequency" v="50 - 350 MHz"/>
  <tag k="man_made" v="antenna"/>
  <tag k="name" v="C28"/>
 </node>
 <node id="13659406032" visible="true" version="1" changeset="180073373" timestamp="2026-03-18T18:10:15Z" user="jotth" uid="611825" lat="-26.8231560" lon="116.7644800">
  <tag k="frequency" v="50 - 350 MHz"/>
  <tag k="man_made" v="antenna"/>
  <tag k="name" v="C27"/>
 </node>
 <node id="13659406033" visible="true" version="1" changeset="180073373" timestamp="2026-03-18T18:10:15Z" user="jotth" uid="611825" lat="-26.8230610" lon="116.7634990">
  <tag k="frequency" v="50 - 350 MHz"/>
  <tag k="man_made" v="antenna"/>
  <tag k="name" v="C26"/>
 </node>
 <node id="13659406034" visible="true" version="1" changeset="180073373" timestamp="2026-03-18T18:10:15Z" user="jotth" uid="611825" lat="-26.8232520" lon="116.7657090">
  <tag k="frequency" v="50 - 350 MHz"/>
  <tag k="man_made" v="antenna"/>
  <tag k="name" v="C25"/>
 </node>
 <node id="13659406035" visible="true" version="1" changeset="180073373" timestamp="2026-03-18T18:10:15Z" user="jotth" uid="611825" lat="-26.8232960" lon="116.7638490">
  <tag k="frequency" v="50 - 350 MHz"/>
  <tag k="man_made" v="antenna"/>
  <tag k="name" v="C24"/>
 </node>
 <node id="13659406036" visible="true" version="1" changeset="180073373" timestamp="2026-03-18T18:10:15Z" user="jotth" uid="611825" lat="-26.8258411" lon="116.7653418">
  <tag k="frequency" v="50 - 350 MHz"/>
  <tag k="man_made" v="antenna"/>
  <tag k="name" v="C23"/>
 </node>
 <node id="13659406037" visible="true" version="1" changeset="180073373" timestamp="2026-03-18T18:10:15Z" user="jotth" uid="611825" lat="-26.8252310" lon="116.7664080">
  <tag k="frequency" v="50 - 350 MHz"/>
  <tag k="man_made" v="antenna"/>
  <tag k="name" v="C22"/>
 </node>
 <node id="13659406038" visible="true" version="1" changeset="180073373" timestamp="2026-03-18T18:10:15Z" user="jotth" uid="611825" lat="-26.8245690" lon="116.7661300">
  <tag k="frequency" v="50 - 350 MHz"/>
  <tag k="man_made" v="antenna"/>
  <tag k="name" v="C21"/>
 </node>
 <node id="13659406039" visible="true" version="1" changeset="180073373" timestamp="2026-03-18T18:10:15Z" user="jotth" uid="611825" lat="-26.8248897" lon="116.7648216">
  <tag k="frequency" v="50 - 350 MHz"/>
  <tag k="man_made" v="antenna"/>
  <tag k="name" v="C20"/>
 </node>
 <node id="13659406040" visible="true" version="1" changeset="180073373" timestamp="2026-03-18T18:10:15Z" user="jotth" uid="611825" lat="-26.8253490" lon="116.7640200">
  <tag k="frequency" v="50 - 350 MHz"/>
  <tag k="man_made" v="antenna"/>
  <tag k="name" v="C19"/>
 </node>
 <node id="13659406041" visible="true" version="1" changeset="180073373" timestamp="2026-03-18T18:10:15Z" user="jotth" uid="611825" lat="-26.8240620" lon="116.7660330">
  <tag k="frequency" v="50 - 350 MHz"/>
  <tag k="man_made" v="antenna"/>
  <tag k="name" v="C18"/>
 </node>
 <node id="13659406042" visible="true" version="1" changeset="180073373" timestamp="2026-03-18T18:10:15Z" user="jotth" uid="611825" lat="-26.8238090" lon="116.7652630">
  <tag k="frequency" v="50 - 350 MHz"/>
  <tag k="man_made" v="antenna"/>
  <tag k="name" v="C17"/>
 </node>
 <node id="13659406043" visible="true" version="1" changeset="180073373" timestamp="2026-03-18T18:10:15Z" user="jotth" uid="611825" lat="-26.8246770" lon="116.7623060">
  <tag k="frequency" v="50 - 350 MHz"/>
  <tag k="man_made" v="antenna"/>
  <tag k="name" v="C16"/>
 </node>
 <node id="13659406044" visible="true" version="1" changeset="180073373" timestamp="2026-03-18T18:10:15Z" user="jotth" uid="611825" lat="-26.8246530" lon="116.7639000">
  <tag k="frequency" v="50 - 350 MHz"/>
  <tag k="man_made" v="antenna"/>
  <tag k="name" v="C15"/>
 </node>
 <node id="13659406045" visible="true" version="1" changeset="180073373" timestamp="2026-03-18T18:10:15Z" user="jotth" uid="611825" lat="-26.8254640" lon="116.7649040">
  <tag k="frequency" v="50 - 350 MHz"/>
  <tag k="man_made" v="antenna"/>
  <tag k="name" v="C14"/>
 </node>
 <node id="13659406046" visible="true" version="1" changeset="180073373" timestamp="2026-03-18T18:10:15Z" user="jotth" uid="611825" lat="-26.8256720" lon="116.7644340">
  <tag k="frequency" v="50 - 350 MHz"/>
  <tag k="man_made" v="antenna"/>
  <tag k="name" v="C13"/>
 </node>
 <node id="13659406047" visible="true" version="1" changeset="180073373" timestamp="2026-03-18T18:10:15Z" user="jotth" uid="611825" lat="-26.8234490" lon="116.7660710">
  <tag k="frequency" v="50 - 350 MHz"/>
  <tag k="man_made" v="antenna"/>
  <tag k="name" v="C12"/>
 </node>
 <node id="13659406048" visible="true" version="1" changeset="180073373" timestamp="2026-03-18T18:10:15Z" user="jotth" uid="611825" lat="-26.8242780" lon="116.7630730">
  <tag k="frequency" v="50 - 350 MHz"/>
  <tag k="man_made" v="antenna"/>
  <tag k="name" v="C11"/>
 </node>
 <node id="13659406049" visible="true" version="1" changeset="180073373" timestamp="2026-03-18T18:10:15Z" user="jotth" uid="611825" lat="-26.8242160" lon="116.7626030">
  <tag k="frequency" v="50 - 350 MHz"/>
  <tag k="man_made" v="antenna"/>
  <tag k="name" v="C10"/>
 </node>
 <node id="13659406050" visible="true" version="1" changeset="180073373" timestamp="2026-03-18T18:10:15Z" user="jotth" uid="611825" lat="-26.8241200" lon="116.7655740">
  <tag k="frequency" v="50 - 350 MHz"/>
  <tag k="man_made" v="antenna"/>
  <tag k="name" v="C9"/>
 </node>
 <node id="13659406051" visible="true" version="1" changeset="180073373" timestamp="2026-03-18T18:10:15Z" user="jotth" uid="611825" lat="-26.8251850" lon="116.7645390">
  <tag k="frequency" v="50 - 350 MHz"/>
  <tag k="man_made" v="antenna"/>
  <tag k="name" v="C8"/>
 </node>
 <node id="13659406052" visible="true" version="1" changeset="180073373" timestamp="2026-03-18T18:10:15Z" user="jotth" uid="611825" lat="-26.8235240" lon="116.7647820">
  <tag k="frequency" v="50 - 350 MHz"/>
  <tag k="man_made" v="antenna"/>
  <tag k="name" v="C7"/>
 </node>
 <node id="13659406053" visible="true" version="1" changeset="180073373" timestamp="2026-03-18T18:10:15Z" user="jotth" uid="611825" lat="-26.8229230" lon="116.7641300">
  <tag k="frequency" v="50 - 350 MHz"/>
  <tag k="man_made" v="antenna"/>
  <tag k="name" v="C6"/>
 </node>
 <node id="13659406054" visible="true" version="1" changeset="180073373" timestamp="2026-03-18T18:10:15Z" user="jotth" uid="611825" lat="-26.8246720" lon="116.7644630">
  <tag k="frequency" v="50 - 350 MHz"/>
  <tag k="man_made" v="antenna"/>
  <tag k="name" v="C5"/>
 </node>
 <node id="13659406055" visible="true" version="1" changeset="180073373" timestamp="2026-03-18T18:10:15Z" user="jotth" uid="611825" lat="-26.8252260" lon="116.7631030">
  <tag k="frequency" v="50 - 350 MHz"/>
  <tag k="man_made" v="antenna"/>
  <tag k="name" v="C4"/>
 </node>
 <node id="13659406056" visible="true" version="1" changeset="180073373" timestamp="2026-03-18T18:10:15Z" user="jotth" uid="611825" lat="-26.8251520" lon="116.7651560">
  <tag k="frequency" v="50 - 350 MHz"/>
  <tag k="man_made" v="antenna"/>
  <tag k="name" v="C3"/>
 </node>
 <node id="13659406057" visible="true" version="1" changeset="180073373" timestamp="2026-03-18T18:10:15Z" user="jotth" uid="611825" lat="-26.8236460" lon="116.7636210">
  <tag k="frequency" v="50 - 350 MHz"/>
  <tag k="man_made" v="antenna"/>
  <tag k="name" v="C2"/>
 </node>
 <node id="13659406058" visible="true" version="1" changeset="180073373" timestamp="2026-03-18T18:10:15Z" user="jotth" uid="611825" lat="-26.8261620" lon="116.7656960">
  <tag k="frequency" v="50 - 350 MHz"/>
  <tag k="man_made" v="antenna"/>
  <tag k="name" v="C1"/>
 </node>
 <node id="13668079003" visible="true" version="1" changeset="180230769" timestamp="2026-03-22T00:19:27Z" user="jotth" uid="611825" lat="-26.8453845" lon="116.7743830"/>
 <node id="13668079004" visible="true" version="1" changeset="180230769" timestamp="2026-03-22T00:19:27Z" user="jotth" uid="611825" lat="-26.8394603" lon="116.7608950"/>
 <node id="13668079005" visible="true" version="1" changeset="180230769" timestamp="2026-03-22T00:19:27Z" user="jotth" uid="611825" lat="-26.8358394" lon="116.7549681"/>
 <node id="13668079006" visible="true" version="1" changeset="180230769" timestamp="2026-03-22T00:19:27Z" user="jotth" uid="611825" lat="-26.8353326" lon="116.7537910"/>
 <node id="13668079007" visible="true" version="1" changeset="180230769" timestamp="2026-03-22T00:19:27Z" user="jotth" uid="611825" lat="-26.8348720" lon="116.7526139"/>
 <node id="13668079008" visible="true" version="1" changeset="180230769" timestamp="2026-03-22T00:19:27Z" user="jotth" uid="611825" lat="-26.8346785" lon="116.7522421"/>
 <node id="13668079009" visible="true" version="1" changeset="180230769" timestamp="2026-03-22T00:19:27Z" user="jotth" uid="611825" lat="-26.8343636" lon="116.7520892"/>
 <node id="13668079010" visible="true" version="1" changeset="180230769" timestamp="2026-03-22T00:19:27Z" user="jotth" uid="611825" lat="-26.8342033" lon="116.7521072"/>
 <node id="13668079011" visible="true" version="1" changeset="180230769" timestamp="2026-03-22T00:19:27Z" user="jotth" uid="611825" lat="-26.8341994" lon="116.7518168"/>
 <node id="13668079012" visible="true" version="1" changeset="180230769" timestamp="2026-03-22T00:19:27Z" user="jotth" uid="611825" lat="-26.8343827" lon="116.7514993"/>
 <node id="13668079013" visible="true" version="1" changeset="180230769" timestamp="2026-03-22T00:19:27Z" user="jotth" uid="611825" lat="-26.8347394" lon="116.7511817"/>
 <node id="13668079014" visible="true" version="1" changeset="180230769" timestamp="2026-03-22T00:19:27Z" user="jotth" uid="611825" lat="-26.8343243" lon="116.7506754"/>
 <node id="13668079015" visible="true" version="1" changeset="180230769" timestamp="2026-03-22T00:19:27Z" user="jotth" uid="611825" lat="-26.8342987" lon="116.7503394"/>
 <node id="13668079016" visible="true" version="1" changeset="180230769" timestamp="2026-03-22T00:19:27Z" user="jotth" uid="611825" lat="-26.8348289" lon="116.7499009"/>
 <node id="13668079017" visible="true" version="1" changeset="180230769" timestamp="2026-03-22T00:19:27Z" user="jotth" uid="611825" lat="-26.8357722" lon="116.7500074"/>
 <node id="13668079018" visible="true" version="1" changeset="180230769" timestamp="2026-03-22T00:19:27Z" user="jotth" uid="611825" lat="-26.8359331" lon="116.7502205"/>
 <node id="13668079019" visible="true" version="1" changeset="180230769" timestamp="2026-03-22T00:19:27Z" user="jotth" uid="611825" lat="-26.8357978" lon="116.7511056"/>
 <node id="13668079020" visible="true" version="1" changeset="180230769" timestamp="2026-03-22T00:19:27Z" user="jotth" uid="611825" lat="-26.8351287" lon="116.7516137"/>
 <node id="13668079021" visible="true" version="1" changeset="180230769" timestamp="2026-03-22T00:19:27Z" user="jotth" uid="611825" lat="-26.8349385" lon="116.7515359"/>
 <way id="307391940" visible="true" version="9" changeset="179864778" timestamp="2026-03-14T16:14:23Z" user="jotth" uid="611825">
  <nd ref="1170206794"/>
  <nd ref="5759155634"/>
  <nd ref="2602288165"/>
  <nd ref="5759155635"/>
  <nd ref="5759155628"/>
  <nd ref="5759155663"/>
  <nd ref="2602288162"/>
  <nd ref="5759155627"/>
  <nd ref="5759155662"/>
  <nd ref="5759155653"/>
  <nd ref="5759155630"/>
  <nd ref="5759155666"/>
  <nd ref="5759155657"/>
  <nd ref="5759155647"/>
  <nd ref="5759155665"/>
  <nd ref="5759155656"/>
  <nd ref="6612890994"/>
  <nd ref="5759155646"/>
  <nd ref="2602288161"/>
  <nd ref="2602288160"/>
  <nd ref="2602288159"/>
  <nd ref="6562222369"/>
  <nd ref="6562222370"/>
  <nd ref="2602288158"/>
  <nd ref="6562222372"/>
  <nd ref="6562222371"/>
  <nd ref="2602288157"/>
  <nd ref="2604076725"/>
  <nd ref="2602288156"/>
  <nd ref="6612874176"/>
  <nd ref="2602288155"/>
  <nd ref="6562222373"/>
  <nd ref="6562222374"/>
  <nd ref="2602288154"/>
  <nd ref="6562222375"/>
  <nd ref="2602288153"/>
  <nd ref="2602288152"/>
  <nd ref="6562222376"/>
  <nd ref="2600748341"/>
  <nd ref="2600748339"/>
  <nd ref="2600748337"/>
  <nd ref="2600748336"/>
  <nd ref="2600748334"/>
  <nd ref="2600748328"/>
  <nd ref="13647781419"/>
  <nd ref="6562222377"/>
  <nd ref="6562222378"/>
  <nd ref="2600748324"/>
  <nd ref="6562222379"/>
  <nd ref="6562222380"/>
  <nd ref="6562222381"/>
  <nd ref="6562222382"/>
  <nd ref="6562222383"/>
  <nd ref="2600748314"/>
  <nd ref="2600748310"/>
  <nd ref="6562222384"/>
  <nd ref="6562265685"/>
  <nd ref="6562265686"/>
  <nd ref="6562265687"/>
  <nd ref="6562265688"/>
  <nd ref="2600748305"/>
  <nd ref="6562265689"/>
  <nd ref="2600748292"/>
  <nd ref="6562265691"/>
  <nd ref="6562265690"/>
  <nd ref="2600748291"/>
  <nd ref="2600748266"/>
  <nd ref="6562265692"/>
  <nd ref="2600748263"/>
  <nd ref="2600879140"/>
  <nd ref="2600879139"/>
  <nd ref="6562265693"/>
  <nd ref="2600879138"/>
  <nd ref="6562265694"/>
  <nd ref="6562265695"/>
  <nd ref="6562265696"/>
  <nd ref="6562265697"/>
  <nd ref="2600879136"/>
  <nd ref="6562265698"/>
  <nd ref="2600879134"/>
  <nd ref="2600879132"/>
  <nd ref="2600879127"/>
  <nd ref="2600879061"/>
  <nd ref="5779521449"/>
  <nd ref="2600748238"/>
  <nd ref="5779521470"/>
  <nd ref="5779521512"/>
  <nd ref="5779521430"/>
  <nd ref="7872042516"/>
  <nd ref="5779521472"/>
  <nd ref="5779521493"/>
  <nd ref="2600748237"/>
  <nd ref="5779521432"/>
  <nd ref="5779521451"/>
  <nd ref="5779521495"/>
  <nd ref="2600748236"/>
  <nd ref="2600748235"/>
  <nd ref="5779521514"/>
  <nd ref="5779521453"/>
  <nd ref="5779521474"/>
  <nd ref="2600748234"/>
  <nd ref="5779521415"/>
  <nd ref="6612488296"/>
  <nd ref="2602288036"/>
  <nd ref="6612488311"/>
  <nd ref="2600748232"/>
  <nd ref="5779521434"/>
  <nd ref="2600748213"/>
  <nd ref="5779521476"/>
  <nd ref="5779521497"/>
  <nd ref="5779521436"/>
  <nd ref="5779521455"/>
  <nd ref="5779521456"/>
  <nd ref="5779521505"/>
  <nd ref="5779521477"/>
  <nd ref="2600748201"/>
  <tag k="highway" v="tertiary"/>
  <tag k="name" v="Beringarra-Pindar Road"/>
  <tag k="source" v="bing"/>
  <tag k="source:name" v="MRWA-514"/>
  <tag k="surface" v="unpaved"/>
 </way>
 <way id="767535375" visible="true" version="3" changeset="90357010" timestamp="2020-09-03T10:51:45Z" user="TheSwavu" uid="2622285">
  <nd ref="7872049266"/>
  <nd ref="7872042517"/>
  <nd ref="7872042518"/>
  <nd ref="7872042519"/>
  <nd ref="7872042520"/>
  <nd ref="7872042521"/>
  <nd ref="7872042522"/>
  <nd ref="7872042523"/>
  <nd ref="7872042524"/>
  <nd ref="7872042525"/>
  <nd ref="7872042526"/>
  <nd ref="7872042527"/>
  <nd ref="7872042528"/>
  <nd ref="7872042529"/>
  <nd ref="7872042516"/>
  <nd ref="7872042530"/>
  <nd ref="7872042531"/>
  <nd ref="7872042532"/>
  <nd ref="7872042533"/>
  <nd ref="7872042534"/>
  <nd ref="7872042535"/>
  <nd ref="7872042536"/>
  <nd ref="7872042537"/>
  <nd ref="7872042538"/>
  <nd ref="7166404799"/>
  <nd ref="7166404800"/>
  <nd ref="7166404801"/>
  <nd ref="7166404802"/>
  <nd ref="7166404804"/>
  <nd ref="7166404805"/>
  <nd ref="7166404806"/>
  <nd ref="7166404808"/>
  <nd ref="7166404809"/>
  <nd ref="7166404812"/>
  <nd ref="7166404813"/>
  <nd ref="7166404814"/>
  <nd ref="7166404817"/>
  <nd ref="7166404818"/>
  <nd ref="7166404819"/>
  <nd ref="7166404820"/>
  <nd ref="7166404821"/>
  <nd ref="7166404822"/>
  <nd ref="7166404823"/>
  <nd ref="7166404824"/>
  <nd ref="7166404825"/>
  <nd ref="7166404826"/>
  <nd ref="7166404829"/>
  <nd ref="7166404830"/>
  <nd ref="7166404831"/>
  <nd ref="7166404832"/>
  <nd ref="7166404834"/>
  <nd ref="7166404835"/>
  <nd ref="7166404839"/>
  <nd ref="7166404840"/>
  <nd ref="7166404841"/>
  <nd ref="7166404842"/>
  <nd ref="7166404843"/>
  <nd ref="7166404844"/>
  <nd ref="7166404845"/>
  <nd ref="7166404847"/>
  <nd ref="7166404848"/>
  <nd ref="7166404849"/>
  <nd ref="7166404850"/>
  <nd ref="7166404851"/>
  <nd ref="7166404852"/>
  <nd ref="7166404853"/>
  <nd ref="7166404854"/>
  <nd ref="7166404855"/>
  <nd ref="7166404856"/>
  <nd ref="7166404857"/>
  <nd ref="7166404858"/>
  <nd ref="7166404859"/>
  <nd ref="7166404861"/>
  <nd ref="7166404862"/>
  <nd ref="7166404863"/>
  <nd ref="7166404864"/>
  <nd ref="7166404865"/>
  <nd ref="7166404866"/>
  <nd ref="7166404867"/>
  <nd ref="7166404868"/>
  <nd ref="7166404869"/>
  <nd ref="7166404870"/>
  <nd ref="7166404871"/>
  <nd ref="7166404872"/>
  <nd ref="7166404873"/>
  <nd ref="7166404874"/>
  <nd ref="7166404875"/>
  <nd ref="7166404876"/>
  <nd ref="7166404877"/>
  <nd ref="7166404878"/>
  <nd ref="7166404879"/>
  <nd ref="7166404880"/>
  <nd ref="7166404881"/>
  <nd ref="7166404884"/>
  <nd ref="7166418485"/>
  <nd ref="7166418486"/>
  <nd ref="7166418487"/>
  <nd ref="7166418488"/>
  <nd ref="7166418489"/>
  <nd ref="7166418490"/>
  <nd ref="7166418491"/>
  <nd ref="7166418492"/>
  <nd ref="7166418493"/>
  <nd ref="7166418494"/>
  <nd ref="7166418496"/>
  <nd ref="7166418497"/>
  <nd ref="7166418499"/>
  <nd ref="7166418501"/>
  <nd ref="7166418503"/>
  <nd ref="7166418504"/>
  <nd ref="7166418505"/>
  <nd ref="7166418506"/>
  <nd ref="7166418507"/>
  <nd ref="7166418508"/>
  <nd ref="7166418509"/>
  <nd ref="7166418510"/>
  <nd ref="7166418511"/>
  <nd ref="7166418512"/>
  <nd ref="7166418513"/>
  <nd ref="7166418514"/>
  <nd ref="7166418515"/>
  <nd ref="7166418516"/>
  <nd ref="7166418517"/>
  <nd ref="7166418519"/>
  <nd ref="7166418520"/>
  <nd ref="7166418521"/>
  <nd ref="7166418523"/>
  <nd ref="7166418524"/>
  <nd ref="7166418525"/>
  <nd ref="7166418526"/>
  <nd ref="7166418527"/>
  <nd ref="7166418528"/>
  <nd ref="7166418529"/>
  <nd ref="7166418530"/>
  <nd ref="7166418531"/>
  <nd ref="7166418532"/>
  <nd ref="7166418533"/>
  <nd ref="7166418534"/>
  <nd ref="7166418535"/>
  <nd ref="7166418536"/>
  <nd ref="7166418537"/>
  <nd ref="7166418540"/>
  <nd ref="7166418541"/>
  <nd ref="7166418542"/>
  <nd ref="7166418543"/>
  <nd ref="7166418544"/>
  <nd ref="7166418546"/>
  <nd ref="7166418548"/>
  <nd ref="7166418551"/>
  <nd ref="7166418552"/>
  <nd ref="7166418553"/>
  <nd ref="7166418554"/>
  <nd ref="7166418555"/>
  <nd ref="7166418556"/>
  <nd ref="7166418557"/>
  <nd ref="7166418558"/>
  <nd ref="7166418559"/>
  <nd ref="7166418560"/>
  <nd ref="7166418561"/>
  <nd ref="7166418562"/>
  <nd ref="7166418563"/>
  <nd ref="7166418564"/>
  <nd ref="7166418565"/>
  <nd ref="7166418566"/>
  <nd ref="7166418567"/>
  <nd ref="7166418569"/>
  <nd ref="7166418570"/>
  <nd ref="7166418571"/>
  <nd ref="7166418572"/>
  <nd ref="7166418573"/>
  <nd ref="7166418576"/>
  <nd ref="7166418578"/>
  <nd ref="7166418579"/>
  <nd ref="7166418580"/>
  <nd ref="7166418581"/>
  <nd ref="7166418582"/>
  <nd ref="7166418583"/>
  <nd ref="7166418585"/>
  <nd ref="7166418587"/>
  <nd ref="7166418589"/>
  <nd ref="7166418590"/>
  <nd ref="7166418591"/>
  <nd ref="7166418592"/>
  <nd ref="7166418593"/>
  <nd ref="7166418594"/>
  <nd ref="7166418595"/>
  <nd ref="7166418597"/>
  <nd ref="7166418599"/>
  <nd ref="7166418600"/>
  <nd ref="7166418601"/>
  <nd ref="7166418602"/>
  <nd ref="7166418603"/>
  <nd ref="7166418604"/>
  <nd ref="7166418605"/>
  <nd ref="7166418606"/>
  <nd ref="7166418607"/>
  <nd ref="7166418608"/>
  <nd ref="7166418610"/>
  <nd ref="7166418611"/>
  <nd ref="7166418612"/>
  <nd ref="7166418613"/>
  <nd ref="7166418614"/>
  <nd ref="7166418616"/>
  <nd ref="7166418618"/>
  <nd ref="7166418619"/>
  <nd ref="7166418620"/>
  <nd ref="7166418621"/>
  <nd ref="7166418623"/>
  <nd ref="7166418624"/>
  <nd ref="7166418626"/>
  <nd ref="7166418627"/>
  <nd ref="7166418628"/>
  <nd ref="7166418629"/>
  <nd ref="7166418630"/>
  <nd ref="7166418631"/>
  <nd ref="7166418632"/>
  <nd ref="7166418633"/>
  <nd ref="7166418634"/>
  <nd ref="7166418635"/>
  <nd ref="7166418636"/>
  <nd ref="7166418637"/>
  <nd ref="7166418638"/>
  <nd ref="7166418639"/>
  <nd ref="7166418640"/>
  <nd ref="7166418641"/>
  <nd ref="7166418642"/>
  <nd ref="7166418643"/>
  <nd ref="7166418644"/>
  <nd ref="7166418647"/>
  <nd ref="7166418648"/>
  <nd ref="7166418649"/>
  <nd ref="7166418650"/>
  <nd ref="7166418651"/>
  <nd ref="7166418652"/>
  <nd ref="7166418653"/>
  <nd ref="7166418654"/>
  <nd ref="7166418655"/>
  <nd ref="7166418656"/>
  <nd ref="7166418657"/>
  <nd ref="7166418658"/>
  <nd ref="7166418659"/>
  <nd ref="7166418660"/>
  <nd ref="7166418662"/>
  <nd ref="7166418663"/>
  <nd ref="7166418664"/>
  <nd ref="7166418665"/>
  <nd ref="7166418667"/>
  <nd ref="7166418668"/>
  <nd ref="7166418669"/>
  <nd ref="7166418671"/>
  <nd ref="7166418673"/>
  <nd ref="7166418674"/>
  <nd ref="7166418675"/>
  <nd ref="7166418676"/>
  <nd ref="7166418678"/>
  <nd ref="7166418681"/>
  <nd ref="7166418682"/>
  <nd ref="7166418684"/>
  <nd ref="7166418686"/>
  <nd ref="7166418687"/>
  <nd ref="7166418688"/>
  <nd ref="7166418689"/>
  <nd ref="7166418690"/>
  <nd ref="7166418691"/>
  <nd ref="7166418692"/>
  <nd ref="7166418693"/>
  <nd ref="7166418694"/>
  <nd ref="7166418695"/>
  <nd ref="7166418696"/>
  <nd ref="7166418697"/>
  <nd ref="7166418699"/>
  <nd ref="7166418700"/>
  <nd ref="7166418701"/>
  <nd ref="7166418704"/>
  <nd ref="7166418705"/>
  <nd ref="7166418706"/>
  <nd ref="7166418707"/>
  <nd ref="7166418708"/>
  <nd ref="7166418709"/>
  <nd ref="7166418710"/>
  <nd ref="7166418711"/>
  <nd ref="7166418712"/>
  <nd ref="7166418713"/>
  <nd ref="7166418714"/>
  <nd ref="7166418715"/>
  <nd ref="7166418716"/>
  <nd ref="7166418717"/>
  <nd ref="7166418718"/>
  <nd ref="7166418721"/>
  <nd ref="7166418723"/>
  <nd ref="7166418724"/>
  <nd ref="7166418725"/>
  <nd ref="7166418726"/>
  <nd ref="7166418727"/>
  <nd ref="7166418728"/>
  <nd ref="7166418729"/>
  <nd ref="7166418732"/>
  <nd ref="7166418733"/>
  <nd ref="7166418735"/>
  <nd ref="7166418736"/>
  <nd ref="7166418737"/>
  <nd ref="7166418738"/>
  <nd ref="7166418739"/>
  <nd ref="7166418740"/>
  <nd ref="7166418742"/>
  <nd ref="7166418743"/>
  <nd ref="7166418744"/>
  <nd ref="7166418746"/>
  <nd ref="7166418747"/>
  <nd ref="7166418748"/>
  <nd ref="7166418749"/>
  <nd ref="7166418751"/>
  <nd ref="7166418752"/>
  <nd ref="7166418754"/>
  <nd ref="7166418755"/>
  <nd ref="7166418758"/>
  <nd ref="7166418759"/>
  <nd ref="7166418760"/>
  <nd ref="7166418761"/>
  <nd ref="7166418762"/>
  <nd ref="7166418763"/>
  <nd ref="7166418764"/>
  <nd ref="7166418765"/>
  <nd ref="7166418767"/>
  <nd ref="7166418768"/>
  <nd ref="7166418769"/>
  <nd ref="7166418770"/>
  <nd ref="7166418771"/>
  <nd ref="7166418772"/>
  <nd ref="7166418773"/>
  <nd ref="7166418774"/>
  <nd ref="7166418776"/>
  <nd ref="7166418777"/>
  <nd ref="7166418778"/>
  <nd ref="7166418779"/>
  <nd ref="7166418780"/>
  <nd ref="7166418781"/>
  <nd ref="7166418782"/>
  <nd ref="7166418783"/>
  <nd ref="7166418784"/>
  <nd ref="7166418786"/>
  <nd ref="7166418787"/>
  <nd ref="7166418788"/>
  <nd ref="7166418790"/>
  <nd ref="7166418791"/>
  <nd ref="7166418792"/>
  <nd ref="7166418793"/>
  <nd ref="7166418794"/>
  <nd ref="7166418795"/>
  <nd ref="7166418796"/>
  <nd ref="7166418797"/>
  <nd ref="7166418798"/>
  <nd ref="7166418799"/>
  <nd ref="7166418800"/>
  <nd ref="7166418801"/>
  <nd ref="7166418804"/>
  <nd ref="7166418805"/>
  <nd ref="7166418806"/>
  <nd ref="7166418807"/>
  <nd ref="7166418809"/>
  <nd ref="7166418810"/>
  <nd ref="7166418811"/>
  <nd ref="7166418812"/>
  <nd ref="7166418814"/>
  <nd ref="7166418815"/>
  <nd ref="7166418817"/>
  <nd ref="7166418818"/>
  <nd ref="7166418819"/>
  <nd ref="7166418822"/>
  <nd ref="7166418823"/>
  <nd ref="7166418825"/>
  <nd ref="7166418827"/>
  <nd ref="7166418828"/>
  <nd ref="7166418830"/>
  <nd ref="7166418832"/>
  <nd ref="7166418833"/>
  <nd ref="7166418834"/>
  <nd ref="7166418837"/>
  <nd ref="7166418838"/>
  <nd ref="7166418839"/>
  <nd ref="7166418840"/>
  <nd ref="7166418841"/>
  <nd ref="7166418842"/>
  <nd ref="7166418843"/>
  <nd ref="7166418844"/>
  <nd ref="7166418846"/>
  <nd ref="7166418847"/>
  <nd ref="7166418848"/>
  <nd ref="7166418851"/>
  <nd ref="7166418852"/>
  <nd ref="7166418853"/>
  <nd ref="7166418854"/>
  <nd ref="7166418855"/>
  <nd ref="7166418857"/>
  <nd ref="7166418858"/>
  <nd ref="7166418859"/>
  <nd ref="7166418860"/>
  <nd ref="7166418861"/>
  <nd ref="7166418864"/>
  <nd ref="7166418865"/>
  <nd ref="7166418867"/>
  <nd ref="7166418868"/>
  <nd ref="7166418869"/>
  <nd ref="7166418870"/>
  <nd ref="7166418872"/>
  <nd ref="7166418874"/>
  <nd ref="7166418875"/>
  <nd ref="7166418877"/>
  <nd ref="7166418878"/>
  <nd ref="7166418880"/>
  <nd ref="7166418882"/>
  <nd ref="7166418883"/>
  <nd ref="7166418884"/>
  <nd ref="7166418885"/>
  <nd ref="7166418886"/>
  <nd ref="7166418888"/>
  <nd ref="7166418889"/>
  <nd ref="7166418893"/>
  <nd ref="7166418895"/>
  <nd ref="7166418897"/>
  <nd ref="7166418898"/>
  <nd ref="7166418899"/>
  <nd ref="7166418900"/>
  <nd ref="7166418902"/>
  <nd ref="7166418903"/>
  <nd ref="7166418904"/>
  <nd ref="7166418905"/>
  <nd ref="7166418906"/>
  <nd ref="7166418907"/>
  <nd ref="7166418909"/>
  <nd ref="7166418910"/>
  <nd ref="7166418911"/>
  <tag k="intermittent" v="yes"/>
  <tag k="name" v="Elgalgerra Creek"/>
  <tag k="source:geometry" v="Esri World Imagery"/>
  <tag k="source:name" v="GA Surface Hydro"/>
  <tag k="waterway" v="stream"/>
 </way>
 <way id="768144151" visible="true" version="1" changeset="80319292" timestamp="2020-01-30T13:47:46Z" user="magrej" uid="7345137">
  <nd ref="7172038362"/>
  <nd ref="7172038361"/>
  <nd ref="7172038360"/>
  <nd ref="7172038359"/>
  <nd ref="7172038358"/>
  <nd ref="7172038357"/>
  <nd ref="7172038356"/>
  <nd ref="7172038355"/>
  <nd ref="7172038354"/>
  <nd ref="7172038353"/>
  <nd ref="7172038352"/>
  <nd ref="7172038351"/>
  <nd ref="7172038350"/>
  <nd ref="7172038349"/>
  <nd ref="7172038348"/>
  <nd ref="7172038347"/>
  <nd ref="7172038346"/>
  <nd ref="7172038345"/>
  <nd ref="7172038344"/>
  <nd ref="7172038343"/>
  <nd ref="7172038342"/>
  <nd ref="7172038341"/>
  <nd ref="7172038340"/>
  <nd ref="7172038339"/>
  <nd ref="7172038338"/>
  <nd ref="7172038337"/>
  <nd ref="7172038336"/>
  <nd ref="7172038335"/>
  <nd ref="7172038334"/>
  <nd ref="7172038333"/>
  <nd ref="7172038332"/>
  <nd ref="7172038331"/>
  <nd ref="7172038330"/>
  <nd ref="7172038329"/>
  <nd ref="7172038328"/>
  <nd ref="7172038327"/>
  <nd ref="7172038326"/>
  <nd ref="7172038325"/>
  <nd ref="7172038324"/>
  <nd ref="7172038323"/>
  <nd ref="7172038362"/>
  <tag k="natural" v="water"/>
  <tag k="source:geometry" v="Esri World Imagery"/>
 </way>
 <way id="843883537" visible="true" version="2" changeset="90357010" timestamp="2020-09-03T10:51:45Z" user="TheSwavu" uid="2622285">
  <nd ref="7872049137"/>
  <nd ref="7872048892"/>
  <nd ref="7872049527"/>
  <nd ref="7872048848"/>
  <nd ref="7872048976"/>
  <nd ref="7872049200"/>
  <nd ref="7872049242"/>
  <nd ref="7872049320"/>
  <nd ref="7872049357"/>
  <nd ref="7872048960"/>
  <nd ref="7872049023"/>
  <nd ref="7872049505"/>
  <nd ref="7872048719"/>
  <nd ref="7872049432"/>
  <nd ref="7872049151"/>
  <nd ref="7872048943"/>
  <nd ref="7872049686"/>
  <nd ref="7872048752"/>
  <nd ref="7872042562"/>
  <nd ref="7872049653"/>
  <nd ref="7872049689"/>
  <nd ref="7872049123"/>
  <nd ref="7872049172"/>
  <nd ref="7872049394"/>
  <nd ref="7872049659"/>
  <nd ref="7872049412"/>
  <nd ref="7872049687"/>
  <nd ref="7872048913"/>
  <nd ref="7872048756"/>
  <nd ref="7872049301"/>
  <nd ref="7872049075"/>
  <nd ref="7872049299"/>
  <nd ref="7872049517"/>
  <nd ref="7872049259"/>
  <nd ref="7872048953"/>
  <nd ref="7872048859"/>
  <nd ref="7872049195"/>
  <nd ref="7872049416"/>
  <nd ref="7872048916"/>
  <nd ref="7872049321"/>
  <nd ref="7872049533"/>
  <nd ref="7872049454"/>
  <nd ref="7872049555"/>
  <nd ref="7872049105"/>
  <nd ref="7872049150"/>
  <nd ref="7872042550"/>
  <nd ref="7872048732"/>
  <nd ref="7872048757"/>
  <nd ref="7872049580"/>
  <nd ref="7872048712"/>
  <nd ref="7872049250"/>
  <nd ref="7872049649"/>
  <nd ref="7872042571"/>
  <nd ref="7872048903"/>
  <nd ref="7872049271"/>
  <nd ref="7872049175"/>
  <nd ref="7872042548"/>
  <nd ref="7872049411"/>
  <nd ref="7872048804"/>
  <nd ref="7872049578"/>
  <nd ref="7872049593"/>
  <nd ref="7872049457"/>
  <nd ref="7872049238"/>
  <nd ref="7872049193"/>
  <nd ref="7872049376"/>
  <nd ref="7872049389"/>
  <nd ref="7872048915"/>
  <nd ref="7872048926"/>
  <nd ref="7872049214"/>
  <nd ref="7872049407"/>
  <nd ref="7872049333"/>
  <nd ref="7872048879"/>
  <nd ref="7872049226"/>
  <nd ref="7872048814"/>
  <nd ref="7872048998"/>
  <nd ref="7872049153"/>
  <nd ref="7872048765"/>
  <nd ref="7872049571"/>
  <nd ref="7872049019"/>
  <nd ref="7872048954"/>
  <nd ref="7872049401"/>
  <nd ref="7872048821"/>
  <nd ref="7872049124"/>
  <nd ref="7872049171"/>
  <nd ref="7872049343"/>
  <nd ref="7872049279"/>
  <nd ref="7872049038"/>
  <nd ref="7872048922"/>
  <nd ref="7872049205"/>
  <nd ref="7872049329"/>
  <nd ref="7872049655"/>
  <nd ref="7872049239"/>
  <nd ref="7872048985"/>
  <nd ref="7872048908"/>
  <nd ref="7872048940"/>
  <nd ref="7872049313"/>
  <nd ref="7872048952"/>
  <nd ref="7872048846"/>
  <nd ref="7872049196"/>
  <nd ref="7872048856"/>
  <nd ref="7872048836"/>
  <nd ref="7872049563"/>
  <nd ref="7872042584"/>
  <nd ref="7872049362"/>
  <nd ref="7872049218"/>
  <nd ref="7872042555"/>
  <nd ref="7872042577"/>
  <nd ref="7872048724"/>
  <nd ref="7872049220"/>
  <nd ref="7872048991"/>
  <nd ref="7872049435"/>
  <nd ref="7872049491"/>
  <nd ref="7872049233"/>
  <nd ref="7872049375"/>
  <nd ref="7872048766"/>
  <nd ref="7872049278"/>
  <nd ref="7872049469"/>
  <nd ref="7872049133"/>
  <nd ref="7872049254"/>
  <nd ref="7872049097"/>
  <nd ref="7872049173"/>
  <nd ref="7872048951"/>
  <nd ref="7872048973"/>
  <nd ref="7872048934"/>
  <nd ref="7872049156"/>
  <nd ref="7872049001"/>
  <nd ref="7872049018"/>
  <nd ref="7872048885"/>
  <nd ref="7872049390"/>
  <nd ref="7872049293"/>
  <nd ref="7872049356"/>
  <nd ref="7872048860"/>
  <nd ref="7872049442"/>
  <nd ref="7872048870"/>
  <nd ref="7872049661"/>
  <nd ref="7872048795"/>
  <nd ref="7872048772"/>
  <nd ref="7872048881"/>
  <nd ref="7872049573"/>
  <nd ref="7872049158"/>
  <nd ref="7872049657"/>
  <nd ref="7872049012"/>
  <nd ref="7872049543"/>
  <nd ref="7872048900"/>
  <nd ref="7872049404"/>
  <nd ref="7872049514"/>
  <nd ref="7872049070"/>
  <nd ref="7872049350"/>
  <nd ref="7872048874"/>
  <nd ref="7872049492"/>
  <nd ref="7872048923"/>
  <nd ref="7872049616"/>
  <nd ref="7872049427"/>
  <nd ref="7872049240"/>
  <nd ref="7872049668"/>
  <nd ref="7872049406"/>
  <nd ref="7872049216"/>
  <nd ref="7872048725"/>
  <nd ref="7872049067"/>
  <nd ref="7872049570"/>
  <nd ref="7872048910"/>
  <nd ref="7872049189"/>
  <nd ref="7872049113"/>
  <nd ref="7872049516"/>
  <nd ref="7872048842"/>
  <nd ref="7872049210"/>
  <nd ref="7872049180"/>
  <nd ref="7872048839"/>
  <nd ref="7872049601"/>
  <nd ref="7872048723"/>
  <nd ref="7872049536"/>
  <nd ref="7872049009"/>
  <nd ref="7872049129"/>
  <nd ref="7872049704"/>
  <nd ref="7872049032"/>
  <nd ref="7872049465"/>
  <nd ref="7872049246"/>
  <nd ref="7872049636"/>
  <nd ref="7872049188"/>
  <nd ref="7872049294"/>
  <nd ref="7872049143"/>
  <nd ref="7872049541"/>
  <nd ref="7872049047"/>
  <nd ref="7872048828"/>
  <nd ref="7872048942"/>
  <nd ref="7872049120"/>
  <nd ref="7872049092"/>
  <nd ref="7872049237"/>
  <nd ref="7872049062"/>
  <nd ref="7872049249"/>
  <nd ref="7872042583"/>
  <nd ref="7872042564"/>
  <nd ref="7872049656"/>
  <nd ref="7872048773"/>
  <nd ref="7872049053"/>
  <nd ref="7872048921"/>
  <nd ref="7872049424"/>
  <nd ref="7872049374"/>
  <nd ref="7872048891"/>
  <nd ref="7872048965"/>
  <nd ref="7872049288"/>
  <nd ref="7872048979"/>
  <nd ref="7872049582"/>
  <nd ref="7872048749"/>
  <nd ref="7872048762"/>
  <nd ref="7872049630"/>
  <nd ref="7872049141"/>
  <nd ref="7872049393"/>
  <nd ref="7872049614"/>
  <nd ref="7872048834"/>
  <nd ref="7872049290"/>
  <nd ref="7872048907"/>
  <nd ref="7872049408"/>
  <nd ref="7872048699"/>
  <nd ref="7872049565"/>
  <nd ref="7872049191"/>
  <nd ref="7872049325"/>
  <nd ref="7872048807"/>
  <nd ref="7872049308"/>
  <nd ref="7872049558"/>
  <nd ref="7872049002"/>
  <nd ref="7872049091"/>
  <nd ref="7872049688"/>
  <nd ref="7872049260"/>
  <nd ref="7872049388"/>
  <nd ref="7872049348"/>
  <nd ref="7872042579"/>
  <nd ref="7872049315"/>
  <nd ref="7872048889"/>
  <nd ref="7872049507"/>
  <nd ref="7872042545"/>
  <nd ref="7872048896"/>
  <nd ref="7872042554"/>
  <nd ref="7872048866"/>
  <nd ref="7872048803"/>
  <nd ref="7872049326"/>
  <nd ref="7872048974"/>
  <nd ref="7872049162"/>
  <nd ref="7872049658"/>
  <nd ref="7872049236"/>
  <nd ref="7872048787"/>
  <nd ref="7872049650"/>
  <nd ref="7872049088"/>
  <nd ref="7872049071"/>
  <nd ref="7872048779"/>
  <nd ref="7872049446"/>
  <nd ref="7872049467"/>
  <nd ref="7872049005"/>
  <nd ref="7872048941"/>
  <nd ref="7872048840"/>
  <nd ref="7872048986"/>
  <nd ref="7872049029"/>
  <nd ref="7872049373"/>
  <nd ref="7872049509"/>
  <nd ref="7872049692"/>
  <nd ref="7872049332"/>
  <nd ref="7872048861"/>
  <nd ref="7872049025"/>
  <nd ref="7872049506"/>
  <nd ref="7872049576"/>
  <nd ref="7872049436"/>
  <nd ref="7872049371"/>
  <nd ref="7872048761"/>
  <nd ref="7872049635"/>
  <nd ref="7872048920"/>
  <nd ref="7872049085"/>
  <nd ref="7872049164"/>
  <nd ref="7872049641"/>
  <nd ref="7872048707"/>
  <nd ref="7872049697"/>
  <nd ref="7872049139"/>
  <nd ref="7872048971"/>
  <nd ref="7872049472"/>
  <nd ref="7872049289"/>
  <nd ref="7872049036"/>
  <nd ref="7872049144"/>
  <nd ref="7872049095"/>
  <nd ref="7872049136"/>
  <nd ref="7872049577"/>
  <nd ref="7872049155"/>
  <nd ref="7872049122"/>
  <nd ref="7872048967"/>
  <nd ref="7872049354"/>
  <nd ref="7872048990"/>
  <nd ref="7872048694"/>
  <nd ref="7872049572"/>
  <nd ref="7872042547"/>
  <nd ref="7872049167"/>
  <nd ref="7872049667"/>
  <nd ref="7872049052"/>
  <nd ref="7872049618"/>
  <nd ref="7872049215"/>
  <nd ref="7872049177"/>
  <nd ref="7872049104"/>
  <nd ref="7872049403"/>
  <nd ref="7872048701"/>
  <nd ref="7872049671"/>
  <nd ref="7872048939"/>
  <nd ref="7872049490"/>
  <nd ref="7872048888"/>
  <nd ref="7872049039"/>
  <nd ref="7872048841"/>
  <nd ref="7872048811"/>
  <nd ref="7872049284"/>
  <nd ref="7872048720"/>
  <nd ref="7872048843"/>
  <nd ref="7872049310"/>
  <nd ref="7872049298"/>
  <nd ref="7872049515"/>
  <nd ref="7872048817"/>
  <nd ref="7872049479"/>
  <nd ref="7872042573"/>
  <nd ref="7872042553"/>
  <nd ref="7872049459"/>
  <nd ref="7872048825"/>
  <nd ref="7872049417"/>
  <nd ref="7872049334"/>
  <nd ref="7872049579"/>
  <nd ref="7872049336"/>
  <nd ref="7872048948"/>
  <nd ref="7872049556"/>
  <nd ref="7872048865"/>
  <nd ref="7872049066"/>
  <nd ref="7872049444"/>
  <nd ref="7872048850"/>
  <nd ref="7872049221"/>
  <nd ref="7872049149"/>
  <nd ref="7872049662"/>
  <nd ref="7872048722"/>
  <nd ref="7872049702"/>
  <nd ref="7872049130"/>
  <nd ref="7872049115"/>
  <nd ref="7872042560"/>
  <nd ref="7872049494"/>
  <nd ref="7872042559"/>
  <nd ref="7872048824"/>
  <nd ref="7872049701"/>
  <nd ref="7872048845"/>
  <nd ref="7872048977"/>
  <nd ref="7872049405"/>
  <nd ref="7872049418"/>
  <nd ref="7872049157"/>
  <nd ref="7872042542"/>
  <nd ref="7872049102"/>
  <nd ref="7872048710"/>
  <nd ref="7872048763"/>
  <nd ref="7872049148"/>
  <nd ref="7872049106"/>
  <nd ref="7872049549"/>
  <nd ref="7872049161"/>
  <nd ref="7872048698"/>
  <nd ref="7872049633"/>
  <nd ref="7872049040"/>
  <nd ref="7872049160"/>
  <nd ref="7872049292"/>
  <nd ref="7872049068"/>
  <nd ref="7872049557"/>
  <nd ref="7872049632"/>
  <nd ref="7872048983"/>
  <nd ref="7872049602"/>
  <nd ref="7872048798"/>
  <nd ref="7872048813"/>
  <nd ref="7872049487"/>
  <nd ref="7872048924"/>
  <nd ref="7872049460"/>
  <nd ref="7872049361"/>
  <nd ref="7872049652"/>
  <nd ref="7872049127"/>
  <nd ref="7872048963"/>
  <nd ref="7872049309"/>
  <nd ref="7872049592"/>
  <nd ref="7872049499"/>
  <nd ref="7872049682"/>
  <nd ref="7872049274"/>
  <nd ref="7872049391"/>
  <nd ref="7872048777"/>
  <nd ref="7872049503"/>
  <nd ref="7872049624"/>
  <nd ref="7872049304"/>
  <nd ref="7872049637"/>
  <nd ref="7872049268"/>
  <nd ref="7872049187"/>
  <nd ref="7872049087"/>
  <nd ref="7872049258"/>
  <nd ref="7872049110"/>
  <nd ref="7872049639"/>
  <nd ref="7872049528"/>
  <nd ref="7872049345"/>
  <nd ref="7872049589"/>
  <nd ref="7872049045"/>
  <nd ref="7872049330"/>
  <nd ref="7872048755"/>
  <nd ref="7872048744"/>
  <nd ref="7872048854"/>
  <nd ref="7872049030"/>
  <nd ref="7872049498"/>
  <nd ref="7872048914"/>
  <nd ref="7872049112"/>
  <nd ref="7872049211"/>
  <nd ref="7872049398"/>
  <nd ref="7872049464"/>
  <nd ref="7872049192"/>
  <nd ref="7872049610"/>
  <nd ref="7872049574"/>
  <nd ref="7872048826"/>
  <nd ref="7872049178"/>
  <nd ref="7872048696"/>
  <nd ref="7872048815"/>
  <nd ref="7872049314"/>
  <nd ref="7872048747"/>
  <nd ref="7872048994"/>
  <nd ref="7872049441"/>
  <nd ref="7872049537"/>
  <nd ref="7872049461"/>
  <nd ref="7872042578"/>
  <nd ref="7872049619"/>
  <nd ref="7872049008"/>
  <nd ref="7872048810"/>
  <nd ref="7872049485"/>
  <nd ref="7872049562"/>
  <nd ref="7872049338"/>
  <nd ref="7872048995"/>
  <nd ref="7872049344"/>
  <nd ref="7872049495"/>
  <nd ref="7872049049"/>
  <nd ref="7872049431"/>
  <nd ref="7872049033"/>
  <nd ref="7872049615"/>
  <nd ref="7872049368"/>
  <nd ref="7872049266"/>
  <nd ref="7872048955"/>
  <nd ref="7872049520"/>
  <nd ref="7872049098"/>
  <nd ref="7872049584"/>
  <nd ref="7872049372"/>
  <nd ref="7872048947"/>
  <nd ref="7872049626"/>
  <nd ref="7872048902"/>
  <nd ref="7872048988"/>
  <nd ref="7872048780"/>
  <nd ref="7872048728"/>
  <nd ref="7872049339"/>
  <nd ref="7872049367"/>
  <nd ref="7872049553"/>
  <nd ref="7872049072"/>
  <nd ref="7872049041"/>
  <nd ref="7872049476"/>
  <nd ref="7872048964"/>
  <nd ref="7872049521"/>
  <nd ref="7872049135"/>
  <nd ref="7872049426"/>
  <nd ref="7872049448"/>
  <nd ref="7872048905"/>
  <nd ref="7872048937"/>
  <nd ref="7872049107"/>
  <nd ref="7872049590"/>
  <nd ref="7872048959"/>
  <nd ref="7872048862"/>
  <nd ref="7872048975"/>
  <nd ref="7872049603"/>
  <nd ref="7872049420"/>
  <nd ref="7872042540"/>
  <nd ref="7872049453"/>
  <nd ref="7872049152"/>
  <nd ref="7872048792"/>
  <nd ref="7872049429"/>
  <nd ref="7872049482"/>
  <nd ref="7872048957"/>
  <nd ref="7872048897"/>
  <nd ref="7872049568"/>
  <nd ref="7872049677"/>
  <nd ref="7872049581"/>
  <nd ref="7872048837"/>
  <nd ref="7872049184"/>
  <nd ref="7872048745"/>
  <nd ref="7872048919"/>
  <nd ref="7872049138"/>
  <nd ref="7872049613"/>
  <nd ref="7872049000"/>
  <nd ref="7872049116"/>
  <nd ref="7872049128"/>
  <nd ref="7872049094"/>
  <nd ref="7872049397"/>
  <nd ref="7872049673"/>
  <nd ref="7872049090"/>
  <nd ref="7872048936"/>
  <nd ref="7872049118"/>
  <nd ref="7872049134"/>
  <nd ref="7872042557"/>
  <nd ref="7872048734"/>
  <nd ref="7872049674"/>
  <nd ref="7872048946"/>
  <nd ref="7872049617"/>
  <nd ref="7872049540"/>
  <nd ref="7872042566"/>
  <nd ref="7872049208"/>
  <nd ref="7872048733"/>
  <nd ref="7872049447"/>
  <nd ref="7872049628"/>
  <nd ref="7872049545"/>
  <nd ref="7872049644"/>
  <nd ref="7872048852"/>
  <nd ref="7872049272"/>
  <nd ref="7872049337"/>
  <nd ref="7872048831"/>
  <nd ref="7872048966"/>
  <nd ref="7872049478"/>
  <nd ref="7872049300"/>
  <nd ref="7872049076"/>
  <nd ref="7872049679"/>
  <nd ref="7872049275"/>
  <nd ref="7872049493"/>
  <nd ref="7872048844"/>
  <nd ref="7872048781"/>
  <nd ref="7872049452"/>
  <nd ref="7872049364"/>
  <nd ref="7872049685"/>
  <nd ref="7872049694"/>
  <nd ref="7872049341"/>
  <nd ref="7872042556"/>
  <nd ref="7872049496"/>
  <nd ref="7872048790"/>
  <nd ref="7872049247"/>
  <nd ref="7872048999"/>
  <nd ref="7872048950"/>
  <nd ref="7872049081"/>
  <nd ref="7872049450"/>
  <nd ref="7872049199"/>
  <nd ref="7872042561"/>
  <nd ref="7872049269"/>
  <nd ref="7872049264"/>
  <nd ref="7872049693"/>
  <nd ref="7872049643"/>
  <nd ref="7872049244"/>
  <nd ref="7872048709"/>
  <nd ref="7872042581"/>
  <nd ref="7872049481"/>
  <nd ref="7872048890"/>
  <nd ref="7872048739"/>
  <nd ref="7872042558"/>
  <nd ref="7872049546"/>
  <nd ref="7872049466"/>
  <nd ref="7872048791"/>
  <nd ref="7872049282"/>
  <nd ref="7872049392"/>
  <nd ref="7872048819"/>
  <nd ref="7872048751"/>
  <nd ref="7872049359"/>
  <nd ref="7872049243"/>
  <nd ref="7872049159"/>
  <nd ref="7872042546"/>
  <nd ref="7872048917"/>
  <nd ref="7872049591"/>
  <nd ref="7872049048"/>
  <nd ref="7872049449"/>
  <nd ref="7872049055"/>
  <nd ref="7872048925"/>
  <nd ref="7872049524"/>
  <nd ref="7872049400"/>
  <nd ref="7872048918"/>
  <nd ref="7872048997"/>
  <nd ref="7872049111"/>
  <nd ref="7872049147"/>
  <nd ref="7872049335"/>
  <nd ref="7872049265"/>
  <nd ref="7872049089"/>
  <nd ref="7166709062"/>
  <tag k="intermittent" v="yes"/>
  <tag k="name" v="Mudgianna Creek"/>
  <tag k="source:name" v="GA Surface Hydro"/>
  <tag k="waterway" v="river"/>
 </way>
 <way id="1488018457" visible="true" version="2" changeset="180069043" timestamp="2026-03-18T16:36:56Z" user="jotth" uid="611825">
  <nd ref="13641121249"/>
  <nd ref="13641121250"/>
  <nd ref="13641121251"/>
  <nd ref="13641121252"/>
  <nd ref="13641121254"/>
  <nd ref="13641121253"/>
  <nd ref="13641142436"/>
  <nd ref="13641121249"/>
  <tag k="man_made" v="telescope"/>
  <tag k="telescope:type" v="radio"/>
 </way>
 <way id="1488018458" visible="true" version="2" changeset="180069043" timestamp="2026-03-18T16:36:56Z" user="jotth" uid="611825">
  <nd ref="13641121255"/>
  <nd ref="13641121256"/>
  <nd ref="13641121257"/>
  <nd ref="13641142565"/>
  <nd ref="13641121258"/>
  <nd ref="13641121255"/>
  <tag k="aeroway" v="aerodrome"/>
 </way>
 <way id="1488018459" visible="true" version="2" changeset="180069043" timestamp="2026-03-18T16:36:56Z" user="jotth" uid="611825">
  <nd ref="13641121259"/>
  <nd ref="13641121260"/>
  <nd ref="13641121261"/>
  <nd ref="13641121262"/>
  <nd ref="13641121263"/>
  <nd ref="13641121264"/>
  <nd ref="13641142497"/>
  <nd ref="13641121265"/>
  <nd ref="13641121259"/>
  <tag k="man_made" v="telescope"/>
  <tag k="telescope:type" v="radio"/>
 </way>
 <way id="1488018460" visible="true" version="2" changeset="180069043" timestamp="2026-03-18T16:36:56Z" user="jotth" uid="611825">
  <nd ref="13641121266"/>
  <nd ref="13641121267"/>
  <nd ref="13641121268"/>
  <nd ref="13641121269"/>
  <nd ref="13641142499"/>
  <nd ref="13641121270"/>
  <nd ref="13641121271"/>
  <nd ref="13641121272"/>
  <nd ref="13641121266"/>
  <tag k="man_made" v="telescope"/>
  <tag k="telescope:type" v="radio"/>
 </way>
 <way id="1488018461" visible="true" version="2" changeset="180069043" timestamp="2026-03-18T16:36:56Z" user="jotth" uid="611825">
  <nd ref="13641121273"/>
  <nd ref="13641121274"/>
  <nd ref="13641121275"/>
  <nd ref="13641121276"/>
  <nd ref="13641121277"/>
  <nd ref="13641121278"/>
  <nd ref="13641121279"/>
  <nd ref="13641142494"/>
  <nd ref="13641121273"/>
  <tag k="man_made" v="telescope"/>
  <tag k="telescope:type" v="radio"/>
 </way>
 <way id="1488018462" visible="true" version="2" changeset="180069043" timestamp="2026-03-18T16:36:56Z" user="jotth" uid="611825">
  <nd ref="13641121280"/>
  <nd ref="13641142491"/>
  <nd ref="13641121281"/>
  <nd ref="13641121282"/>
  <nd ref="13641121283"/>
  <nd ref="13641121284"/>
  <nd ref="13641121285"/>
  <nd ref="13641121286"/>
  <nd ref="13641121287"/>
  <nd ref="13641121280"/>
  <tag k="man_made" v="telescope"/>
  <tag k="telescope:type" v="radio"/>
 </way>
 <way id="1488018463" visible="true" version="2" changeset="180069043" timestamp="2026-03-18T16:36:56Z" user="jotth" uid="611825">
  <nd ref="13641121288"/>
  <nd ref="13641121289"/>
  <nd ref="13641121290"/>
  <nd ref="13641121291"/>
  <nd ref="13641121292"/>
  <nd ref="13641142567"/>
  <nd ref="13641121288"/>
  <tag k="man_made" v="telescope"/>
  <tag k="telescope:type" v="radio"/>
 </way>
 <way id="1488018464" visible="true" version="2" changeset="180069043" timestamp="2026-03-18T16:36:56Z" user="jotth" uid="611825">
  <nd ref="13641121293"/>
  <nd ref="13641142570"/>
  <nd ref="13641121294"/>
  <nd ref="13641121295"/>
  <nd ref="13641121296"/>
  <nd ref="13641121297"/>
  <nd ref="13641121298"/>
  <nd ref="13641121293"/>
  <tag k="man_made" v="telescope"/>
  <tag k="telescope:type" v="radio"/>
 </way>
 <way id="1488018465" visible="true" version="2" changeset="180069043" timestamp="2026-03-18T16:36:56Z" user="jotth" uid="611825">
  <nd ref="13641121299"/>
  <nd ref="13641142573"/>
  <nd ref="13641121300"/>
  <nd ref="13641142301"/>
  <nd ref="13641142302"/>
  <nd ref="13641142303"/>
  <nd ref="13641142304"/>
  <nd ref="13641121299"/>
  <tag k="man_made" v="telescope"/>
  <tag k="telescope:type" v="radio"/>
 </way>
 <way id="1488018466" visible="true" version="1" changeset="179758942" timestamp="2026-03-12T13:39:52Z" user="jotth" uid="611825">
  <nd ref="13641142305"/>
  <nd ref="13641142306"/>
  <nd ref="13641142307"/>
  <nd ref="13641142308"/>
  <nd ref="13641142305"/>
  <tag k="landuse" v="construction"/>
 </way>
 <way id="1488018467" visible="true" version="2" changeset="180069043" timestamp="2026-03-18T16:36:56Z" user="jotth" uid="611825">
  <nd ref="13641142309"/>
  <nd ref="13641142310"/>
  <nd ref="13641142640"/>
  <nd ref="13641142311"/>
  <nd ref="13641142312"/>
  <nd ref="13641142313"/>
  <nd ref="13641142314"/>
  <nd ref="13641142315"/>
  <nd ref="13641142316"/>
  <nd ref="13641142309"/>
  <tag k="man_made" v="telescope"/>
  <tag k="telescope:type" v="radio"/>
 </way>
 <way id="1488018468" visible="true" version="2" changeset="180069043" timestamp="2026-03-18T16:36:56Z" user="jotth" uid="611825">
  <nd ref="13641142317"/>
  <nd ref="13641142646"/>
  <nd ref="13641142318"/>
  <nd ref="13641142319"/>
  <nd ref="13641142320"/>
  <nd ref="13641142321"/>
  <nd ref="13641142317"/>
  <tag k="man_made" v="telescope"/>
  <tag k="telescope:type" v="radio"/>
 </way>
 <way id="1488018469" visible="true" version="2" changeset="180069043" timestamp="2026-03-18T16:36:56Z" user="jotth" uid="611825">
  <nd ref="13641142322"/>
  <nd ref="13641142323"/>
  <nd ref="13641142324"/>
  <nd ref="13641142325"/>
  <nd ref="13641142326"/>
  <nd ref="13641142327"/>
  <nd ref="13641142328"/>
  <nd ref="13641142329"/>
  <nd ref="13641142322"/>
  <tag k="man_made" v="telescope"/>
  <tag k="telescope:type" v="radio"/>
 </way>
 <way id="1488018470" visible="true" version="1" changeset="179758942" timestamp="2026-03-12T13:39:52Z" user="jotth" uid="611825">
  <nd ref="13641142330"/>
  <nd ref="13641142331"/>
  <nd ref="13641142332"/>
  <nd ref="13641142333"/>
  <nd ref="13641142334"/>
  <nd ref="13641142335"/>
  <nd ref="13641142439"/>
  <nd ref="13641142330"/>
  <tag k="landuse" v="construction"/>
 </way>
 <way id="1488018471" visible="true" version="3" changeset="180069043" timestamp="2026-03-18T16:36:56Z" user="jotth" uid="611825">
  <nd ref="13641142336"/>
  <nd ref="13641142337"/>
  <nd ref="13641142441"/>
  <nd ref="13641142338"/>
  <nd ref="13641142339"/>
  <nd ref="13641142340"/>
  <nd ref="13641142341"/>
  <nd ref="13641142342"/>
  <nd ref="13641142343"/>
  <nd ref="13641142344"/>
  <nd ref="13641142345"/>
  <nd ref="13641142346"/>
  <nd ref="13641142347"/>
  <nd ref="13641142348"/>
  <nd ref="13641142349"/>
  <nd ref="13641142350"/>
  <nd ref="13641142351"/>
  <nd ref="13641142352"/>
  <nd ref="13641142353"/>
  <nd ref="13641142354"/>
  <nd ref="13641142355"/>
  <nd ref="13641142356"/>
  <nd ref="13641142357"/>
  <nd ref="13641142624"/>
  <nd ref="13641142358"/>
  <nd ref="13641142359"/>
  <nd ref="13641142360"/>
  <nd ref="13641142361"/>
  <nd ref="13641142362"/>
  <nd ref="13641142363"/>
  <nd ref="13641142364"/>
  <nd ref="13641142365"/>
  <nd ref="13641142366"/>
  <nd ref="13641142367"/>
  <nd ref="13641142336"/>
  <tag k="man_made" v="telescope"/>
  <tag k="telescope:type" v="radio"/>
 </way>
 <way id="1488018472" visible="true" version="2" changeset="180069043" timestamp="2026-03-18T16:36:56Z" user="jotth" uid="611825">
  <nd ref="13641142368"/>
  <nd ref="13641142369"/>
  <nd ref="13641142370"/>
  <nd ref="13641142371"/>
  <nd ref="13641142372"/>
  <nd ref="13641142373"/>
  <nd ref="13641142368"/>
  <tag k="man_made" v="telescope"/>
  <tag k="telescope:type" v="radio"/>
 </way>
 <way id="1488018473" visible="true" version="2" changeset="180067171" timestamp="2026-03-18T15:59:43Z" user="jotth" uid="611825">
  <nd ref="13641142374"/>
  <nd ref="13641142582"/>
  <nd ref="13641142524"/>
  <nd ref="13641142375"/>
  <nd ref="13641142376"/>
  <nd ref="13641142377"/>
  <nd ref="13641142378"/>
  <nd ref="13641142379"/>
  <nd ref="13641142380"/>
  <nd ref="13641142381"/>
  <nd ref="13641142382"/>
  <nd ref="13641142383"/>
  <nd ref="13641142384"/>
  <nd ref="13641142385"/>
  <nd ref="13641142386"/>
  <nd ref="13641142387"/>
  <nd ref="13641142388"/>
  <nd ref="13641142389"/>
  <nd ref="13641142390"/>
  <nd ref="13641142391"/>
  <nd ref="13641142392"/>
  <nd ref="13641142393"/>
  <nd ref="13641142394"/>
  <nd ref="13641142395"/>
  <nd ref="13641142396"/>
  <nd ref="13641142397"/>
  <nd ref="13641142398"/>
  <nd ref="13641142399"/>
  <nd ref="13641142400"/>
  <nd ref="13641142401"/>
  <nd ref="13641142402"/>
  <nd ref="13641142403"/>
  <nd ref="13641142404"/>
  <nd ref="13641142405"/>
  <nd ref="13641142406"/>
  <nd ref="13641142407"/>
  <nd ref="13641142408"/>
  <nd ref="13641142409"/>
  <nd ref="13641142410"/>
  <nd ref="13641142571"/>
  <nd ref="13641142411"/>
  <nd ref="13641142412"/>
  <nd ref="13641142413"/>
  <nd ref="13641142414"/>
  <nd ref="13641142415"/>
  <nd ref="13641142416"/>
  <nd ref="13641142417"/>
  <nd ref="13641142568"/>
  <nd ref="13641142418"/>
  <nd ref="13641142419"/>
  <nd ref="13641142566"/>
  <nd ref="13641142420"/>
  <nd ref="13641142421"/>
  <nd ref="13641142422"/>
  <nd ref="13641142423"/>
  <nd ref="13641142424"/>
  <nd ref="13641142425"/>
  <nd ref="13641142426"/>
  <nd ref="13641142427"/>
  <nd ref="13641142428"/>
  <nd ref="13641142429"/>
  <nd ref="13641142430"/>
  <nd ref="13641142431"/>
  <nd ref="13641142432"/>
  <nd ref="13641142433"/>
  <nd ref="13641142434"/>
  <nd ref="13641142435"/>
  <tag k="highway" v="service"/>
  <tag k="surface" v="unpaved"/>
 </way>
 <way id="1488018474" visible="true" version="2" changeset="180067171" timestamp="2026-03-18T15:59:43Z" user="jotth" uid="611825">
  <nd ref="13641142383"/>
  <nd ref="13641142436"/>
  <tag k="highway" v="service"/>
  <tag k="surface" v="unpaved"/>
 </way>
 <way id="1488018475" visible="true" version="2" changeset="180067171" timestamp="2026-03-18T15:59:43Z" user="jotth" uid="611825">
  <nd ref="13641142391"/>
  <nd ref="13641142437"/>
  <nd ref="13641142438"/>
  <nd ref="13641142392"/>
  <tag k="highway" v="service"/>
  <tag k="surface" v="unpaved"/>
 </way>
 <way id="1488018476" visible="true" version="2" changeset="180067171" timestamp="2026-03-18T15:59:43Z" user="jotth" uid="611825">
  <nd ref="13641142439"/>
  <nd ref="13641142440"/>
  <nd ref="13641142442"/>
  <nd ref="13641142631"/>
  <nd ref="13641142441"/>
  <tag k="highway" v="service"/>
  <tag k="surface" v="unpaved"/>
 </way>
 <way id="1488018477" visible="true" version="2" changeset="180067171" timestamp="2026-03-18T15:59:43Z" user="jotth" uid="611825">
  <nd ref="13641142442"/>
  <nd ref="13641142435"/>
  <nd ref="13641142443"/>
  <nd ref="13641142495"/>
  <nd ref="13641142444"/>
  <nd ref="13641142445"/>
  <nd ref="13641142493"/>
  <nd ref="13641142446"/>
  <nd ref="13641142447"/>
  <nd ref="13641142448"/>
  <nd ref="13641142449"/>
  <nd ref="13641142450"/>
  <nd ref="13641142451"/>
  <nd ref="13641142452"/>
  <nd ref="13641142453"/>
  <nd ref="13641142454"/>
  <nd ref="13641142455"/>
  <nd ref="13641142456"/>
  <nd ref="13641142457"/>
  <nd ref="13641142458"/>
  <nd ref="13641142459"/>
  <nd ref="13641142460"/>
  <nd ref="13641142461"/>
  <nd ref="13641142462"/>
  <nd ref="13641142463"/>
  <nd ref="13641142464"/>
  <nd ref="13641142465"/>
  <nd ref="13641142466"/>
  <nd ref="13641142467"/>
  <nd ref="13641142468"/>
  <nd ref="13641142469"/>
  <nd ref="13641142470"/>
  <nd ref="13641142471"/>
  <nd ref="13641142472"/>
  <nd ref="13641142473"/>
  <nd ref="13641142474"/>
  <nd ref="13641142475"/>
  <nd ref="13641142476"/>
  <nd ref="13641142477"/>
  <nd ref="13641142478"/>
  <nd ref="13641142489"/>
  <nd ref="13641142479"/>
  <nd ref="13641142480"/>
  <nd ref="13641142481"/>
  <nd ref="13641142482"/>
  <nd ref="13641142483"/>
  <nd ref="13641142484"/>
  <nd ref="13641142485"/>
  <nd ref="13641142486"/>
  <nd ref="13641142487"/>
  <nd ref="13641142488"/>
  <tag k="highway" v="service"/>
  <tag k="surface" v="unpaved"/>
 </way>
 <way id="1488018478" visible="true" version="2" changeset="180067171" timestamp="2026-03-18T15:59:43Z" user="jotth" uid="611825">
  <nd ref="13641142447"/>
  <nd ref="13641142490"/>
  <nd ref="13641142492"/>
  <nd ref="13641142491"/>
  <tag k="highway" v="service"/>
  <tag k="surface" v="unpaved"/>
 </way>
 <way id="1488018479" visible="true" version="2" changeset="180067171" timestamp="2026-03-18T15:59:43Z" user="jotth" uid="611825">
  <nd ref="13641142493"/>
  <nd ref="13641142494"/>
  <tag k="highway" v="service"/>
  <tag k="surface" v="unpaved"/>
 </way>
 <way id="1488018480" visible="true" version="2" changeset="180067171" timestamp="2026-03-18T15:59:43Z" user="jotth" uid="611825">
  <nd ref="13641142495"/>
  <nd ref="13641142496"/>
  <nd ref="13641142497"/>
  <tag k="highway" v="service"/>
  <tag k="surface" v="unpaved"/>
 </way>
 <way id="1488018481" visible="true" version="2" changeset="180067171" timestamp="2026-03-18T15:59:43Z" user="jotth" uid="611825">
  <nd ref="13641142442"/>
  <nd ref="13641142498"/>
  <nd ref="13641142499"/>
  <tag k="highway" v="service"/>
  <tag k="surface" v="unpaved"/>
 </way>
 <way id="1488018482" visible="true" version="2" changeset="180067171" timestamp="2026-03-18T15:59:43Z" user="jotth" uid="611825">
  <nd ref="13641142375"/>
  <nd ref="13641142500"/>
  <nd ref="13641142501"/>
  <nd ref="13641142502"/>
  <nd ref="13641142503"/>
  <nd ref="13641142504"/>
  <nd ref="13641142505"/>
  <nd ref="13641142506"/>
  <nd ref="13641142507"/>
  <nd ref="13641142508"/>
  <nd ref="13641142509"/>
  <nd ref="13641142510"/>
  <nd ref="13641142511"/>
  <nd ref="13641142512"/>
  <nd ref="13641142513"/>
  <nd ref="13641142514"/>
  <nd ref="13641142515"/>
  <nd ref="13641142516"/>
  <nd ref="13641142517"/>
  <nd ref="13641142564"/>
  <nd ref="13641142518"/>
  <nd ref="13641142519"/>
  <nd ref="13641142520"/>
  <nd ref="13641142521"/>
  <nd ref="13641142522"/>
  <nd ref="13641142523"/>
  <tag k="highway" v="service"/>
  <tag k="surface" v="unpaved"/>
 </way>
 <way id="1488018483" visible="true" version="2" changeset="180067171" timestamp="2026-03-18T15:59:43Z" user="jotth" uid="611825">
  <nd ref="13641142524"/>
  <nd ref="13641142581"/>
  <nd ref="13641142575"/>
  <nd ref="13641142525"/>
  <nd ref="13641142526"/>
  <nd ref="13641142527"/>
  <nd ref="13641142528"/>
  <nd ref="13641142529"/>
  <nd ref="13641142530"/>
  <nd ref="13641142531"/>
  <nd ref="13641142532"/>
  <nd ref="13641142533"/>
  <nd ref="13641142534"/>
  <nd ref="13641142535"/>
  <nd ref="13641142536"/>
  <nd ref="13641142537"/>
  <nd ref="13641142538"/>
  <nd ref="13641142539"/>
  <nd ref="13641142540"/>
  <nd ref="13641142541"/>
  <nd ref="13641142542"/>
  <nd ref="13641142543"/>
  <nd ref="13641142544"/>
  <nd ref="13641142545"/>
  <nd ref="13641142546"/>
  <nd ref="13641142547"/>
  <nd ref="13641142523"/>
  <nd ref="13641142548"/>
  <nd ref="13641142549"/>
  <nd ref="13641142550"/>
  <nd ref="13641142551"/>
  <nd ref="13641142552"/>
  <nd ref="13641142553"/>
  <nd ref="13641142632"/>
  <nd ref="13641142554"/>
  <nd ref="13641142555"/>
  <nd ref="13641142556"/>
  <nd ref="13641142557"/>
  <nd ref="13641142558"/>
  <nd ref="13641142559"/>
  <nd ref="13641142560"/>
  <nd ref="13641142561"/>
  <nd ref="13641142563"/>
  <nd ref="13641142562"/>
  <nd ref="13641142431"/>
  <tag k="highway" v="service"/>
  <tag k="surface" v="unpaved"/>
 </way>
 <way id="1488018484" visible="true" version="1" changeset="179758942" timestamp="2026-03-12T13:39:52Z" user="jotth" uid="611825">
  <nd ref="13641142523"/>
  <nd ref="13641142331"/>
  <tag k="highway" v="service"/>
 </way>
 <way id="1488018485" visible="true" version="2" changeset="180067171" timestamp="2026-03-18T15:59:43Z" user="jotth" uid="611825">
  <nd ref="13641142564"/>
  <nd ref="13641142565"/>
  <tag k="highway" v="service"/>
  <tag k="surface" v="unpaved"/>
 </way>
 <way id="1488018486" visible="true" version="2" changeset="180067171" timestamp="2026-03-18T15:59:43Z" user="jotth" uid="611825">
  <nd ref="13641142566"/>
  <nd ref="13641142567"/>
  <tag k="highway" v="service"/>
  <tag k="surface" v="unpaved"/>
 </way>
 <way id="1488018487" visible="true" version="2" changeset="180067171" timestamp="2026-03-18T15:59:43Z" user="jotth" uid="611825">
  <nd ref="13641142568"/>
  <nd ref="13641142569"/>
  <nd ref="13641142570"/>
  <tag k="highway" v="service"/>
  <tag k="surface" v="unpaved"/>
 </way>
 <way id="1488018488" visible="true" version="2" changeset="180067171" timestamp="2026-03-18T15:59:43Z" user="jotth" uid="611825">
  <nd ref="13641142571"/>
  <nd ref="13641142572"/>
  <nd ref="13641142573"/>
  <tag k="highway" v="service"/>
  <tag k="surface" v="unpaved"/>
 </way>
 <way id="1488018496" visible="true" version="2" changeset="180067171" timestamp="2026-03-18T15:59:43Z" user="jotth" uid="611825">
  <nd ref="13641142624"/>
  <nd ref="13641142625"/>
  <nd ref="13641142626"/>
  <nd ref="13641142627"/>
  <nd ref="13641142628"/>
  <nd ref="13641142643"/>
  <nd ref="13641142629"/>
  <nd ref="13641142647"/>
  <nd ref="13641142630"/>
  <tag k="highway" v="service"/>
  <tag k="surface" v="unpaved"/>
 </way>
 <way id="1488018497" visible="true" version="2" changeset="180067171" timestamp="2026-03-18T15:59:43Z" user="jotth" uid="611825">
  <nd ref="13641142631"/>
  <nd ref="13641142632"/>
  <nd ref="13641142633"/>
  <nd ref="13641142642"/>
  <nd ref="13641142634"/>
  <nd ref="13641142635"/>
  <nd ref="13641142636"/>
  <nd ref="13641142641"/>
  <nd ref="13641142637"/>
  <nd ref="13641142638"/>
  <nd ref="13641142625"/>
  <nd ref="13641142639"/>
  <nd ref="13641142640"/>
  <tag k="highway" v="service"/>
  <tag k="surface" v="unpaved"/>
 </way>
 <way id="1488018498" visible="true" version="2" changeset="180067171" timestamp="2026-03-18T15:59:43Z" user="jotth" uid="611825">
  <nd ref="13641142643"/>
  <nd ref="13641142644"/>
  <nd ref="13641142645"/>
  <nd ref="13641142646"/>
  <tag k="highway" v="service"/>
  <tag k="surface" v="unpaved"/>
 </way>
 <way id="1488018499" visible="true" version="2" changeset="180067171" timestamp="2026-03-18T15:59:43Z" user="jotth" uid="611825">
  <nd ref="13641142647"/>
  <nd ref="13641142323"/>
  <tag k="highway" v="service"/>
  <tag k="surface" v="unpaved"/>
 </way>
 <way id="1488025268" visible="true" version="2" changeset="180069043" timestamp="2026-03-18T16:36:56Z" user="jotth" uid="611825">
  <nd ref="13641190277"/>
  <nd ref="13641193351"/>
  <nd ref="13641190278"/>
  <nd ref="13641190279"/>
  <nd ref="13641190280"/>
  <nd ref="13641190281"/>
  <nd ref="13641190282"/>
  <nd ref="13641190283"/>
  <nd ref="13641190284"/>
  <nd ref="13641190277"/>
  <tag k="man_made" v="telescope"/>
  <tag k="telescope:type" v="radio"/>
 </way>
 <way id="1488025269" visible="true" version="1" changeset="179760080" timestamp="2026-03-12T14:09:56Z" user="jotth" uid="611825">
  <nd ref="13641190285"/>
  <nd ref="13641190286"/>
  <nd ref="13641190287"/>
  <nd ref="13641190288"/>
  <nd ref="13641190285"/>
  <tag k="building" v="yes"/>
 </way>
 <way id="1488025270" visible="true" version="1" changeset="179760080" timestamp="2026-03-12T14:09:56Z" user="jotth" uid="611825">
  <nd ref="13641190289"/>
  <nd ref="13641190290"/>
  <nd ref="13641190291"/>
  <nd ref="13641190292"/>
  <nd ref="13641190289"/>
  <tag k="building" v="yes"/>
 </way>
 <way id="1488025271" visible="true" version="2" changeset="180069043" timestamp="2026-03-18T16:36:56Z" user="jotth" uid="611825">
  <nd ref="13641190293"/>
  <nd ref="13641190294"/>
  <nd ref="13641193304"/>
  <nd ref="13641190295"/>
  <nd ref="13641190296"/>
  <nd ref="13641190297"/>
  <nd ref="13641190298"/>
  <nd ref="13641190299"/>
  <nd ref="13641190300"/>
  <nd ref="13641193301"/>
  <nd ref="13641193302"/>
  <nd ref="13641193303"/>
  <nd ref="13641190293"/>
  <tag k="man_made" v="telescope"/>
  <tag k="telescope:type" v="radio"/>
 </way>
 <way id="1488025272" visible="true" version="3" changeset="180230769" timestamp="2026-03-22T00:19:27Z" user="jotth" uid="611825">
  <nd ref="13641193304"/>
  <nd ref="13641193305"/>
  <nd ref="13641193306"/>
  <nd ref="13641193307"/>
  <nd ref="13641193308"/>
  <nd ref="13641193309"/>
  <nd ref="13641193310"/>
  <nd ref="13641193311"/>
  <nd ref="13641193312"/>
  <nd ref="13641193313"/>
  <nd ref="13641193314"/>
  <nd ref="13641193315"/>
  <nd ref="13641193316"/>
  <nd ref="13641193317"/>
  <nd ref="13641193318"/>
  <nd ref="13641193319"/>
  <nd ref="13641193320"/>
  <nd ref="13641193321"/>
  <nd ref="13641193322"/>
  <nd ref="13641193323"/>
  <nd ref="13641193324"/>
  <nd ref="13641193350"/>
  <nd ref="13641193325"/>
  <nd ref="13641193326"/>
  <nd ref="13641193327"/>
  <nd ref="13641193328"/>
  <nd ref="13641193329"/>
  <nd ref="13641193330"/>
  <nd ref="13641193331"/>
  <nd ref="13641193332"/>
  <nd ref="13641193333"/>
  <nd ref="13641193334"/>
  <nd ref="13641193335"/>
  <nd ref="13641193336"/>
  <nd ref="13641193337"/>
  <nd ref="13641193338"/>
  <nd ref="13641193339"/>
  <nd ref="13641193340"/>
  <nd ref="13641193341"/>
  <nd ref="13641193342"/>
  <nd ref="13641193343"/>
  <nd ref="13641193344"/>
  <nd ref="13641193345"/>
  <nd ref="13641193346"/>
  <nd ref="13641193347"/>
  <nd ref="13641193348"/>
  <nd ref="13668079003"/>
  <nd ref="13668079004"/>
  <nd ref="13641142547"/>
  <nd ref="13641142520"/>
  <nd ref="13668079005"/>
  <nd ref="13668079006"/>
  <nd ref="13668079007"/>
  <nd ref="13668079008"/>
  <nd ref="13668079009"/>
  <nd ref="13668079010"/>
  <nd ref="13641142630"/>
  <tag k="highway" v="service"/>
  <tag k="surface" v="unpaved"/>
 </way>
 <way id="1488025273" visible="true" version="2" changeset="180067171" timestamp="2026-03-18T15:59:43Z" user="jotth" uid="611825">
  <nd ref="13641193329"/>
  <nd ref="13641193351"/>
  <tag k="highway" v="service"/>
  <tag k="surface" v="unpaved"/>
 </way>
 <way id="1488025274" visible="true" version="2" changeset="180069043" timestamp="2026-03-18T16:36:56Z" user="jotth" uid="611825">
  <nd ref="13641193352"/>
  <nd ref="13641193353"/>
  <nd ref="13641193354"/>
  <nd ref="13641193355"/>
  <nd ref="13641193356"/>
  <nd ref="13641193373"/>
  <nd ref="13641193352"/>
  <tag k="man_made" v="telescope"/>
  <tag k="telescope:type" v="radio"/>
 </way>
 <way id="1488025275" visible="true" version="1" changeset="179760080" timestamp="2026-03-12T14:09:56Z" user="jotth" uid="611825">
  <nd ref="13641193357"/>
  <nd ref="13641193358"/>
  <nd ref="13641193359"/>
  <nd ref="13641193360"/>
  <nd ref="13641193357"/>
  <tag k="building" v="yes"/>
 </way>
 <way id="1488025276" visible="true" version="1" changeset="179760080" timestamp="2026-03-12T14:09:56Z" user="jotth" uid="611825">
  <nd ref="13641193361"/>
  <nd ref="13641193362"/>
  <nd ref="13641193363"/>
  <nd ref="13641193364"/>
  <nd ref="13641193361"/>
  <tag k="building" v="yes"/>
 </way>
 <way id="1488025278" visible="true" version="2" changeset="180067171" timestamp="2026-03-18T15:59:43Z" user="jotth" uid="611825">
  <nd ref="13641193373"/>
  <nd ref="13641193374"/>
  <nd ref="13641193375"/>
  <nd ref="13641193376"/>
  <nd ref="13641193377"/>
  <tag k="highway" v="service"/>
  <tag k="surface" v="unpaved"/>
 </way>
 <way id="1488025280" visible="true" version="2" changeset="180067171" timestamp="2026-03-18T15:59:43Z" user="jotth" uid="611825">
  <nd ref="13641193381"/>
  <nd ref="13641193382"/>
  <nd ref="13641193383"/>
  <nd ref="13641193384"/>
  <nd ref="13641193385"/>
  <nd ref="13641193386"/>
  <nd ref="13641193387"/>
  <nd ref="13641193388"/>
  <nd ref="13641193389"/>
  <nd ref="13641193390"/>
  <nd ref="13641193380"/>
  <nd ref="13641193391"/>
  <nd ref="13641193392"/>
  <nd ref="13641193393"/>
  <nd ref="13641193394"/>
  <nd ref="13641193395"/>
  <nd ref="13641193396"/>
  <nd ref="13641193397"/>
  <nd ref="13641193449"/>
  <nd ref="13641193438"/>
  <nd ref="13641193398"/>
  <nd ref="13641193450"/>
  <nd ref="13641193437"/>
  <nd ref="13641193399"/>
  <nd ref="13641193400"/>
  <nd ref="13641193401"/>
  <nd ref="13641193402"/>
  <nd ref="13641193403"/>
  <nd ref="13641193404"/>
  <nd ref="13641193405"/>
  <nd ref="13641193406"/>
  <nd ref="13641193436"/>
  <nd ref="13641193407"/>
  <nd ref="13641193435"/>
  <nd ref="13641193434"/>
  <nd ref="13641193433"/>
  <nd ref="13641193408"/>
  <nd ref="13641193409"/>
  <nd ref="13641193432"/>
  <nd ref="13641193431"/>
  <nd ref="13641193430"/>
  <nd ref="13641193410"/>
  <nd ref="13641193429"/>
  <nd ref="13641193411"/>
  <nd ref="13641193412"/>
  <nd ref="13641193428"/>
  <nd ref="13641193413"/>
  <nd ref="13641193427"/>
  <nd ref="13641193426"/>
  <nd ref="13641193414"/>
  <nd ref="13641193425"/>
  <nd ref="13641193415"/>
  <nd ref="13641193416"/>
  <nd ref="13641193377"/>
  <nd ref="13641193417"/>
  <nd ref="13641193418"/>
  <nd ref="13641193419"/>
  <nd ref="13641193420"/>
  <nd ref="13641193421"/>
  <nd ref="13641193422"/>
  <nd ref="13641193423"/>
  <nd ref="13641193424"/>
  <nd ref="13641193335"/>
  <tag k="highway" v="service"/>
  <tag k="surface" v="unpaved"/>
 </way>
 <way id="1488025282" visible="true" version="1" changeset="179760080" timestamp="2026-03-12T14:09:56Z" user="jotth" uid="611825">
  <nd ref="13641193445"/>
  <nd ref="13641193446"/>
  <nd ref="13641193447"/>
  <nd ref="13641193448"/>
  <nd ref="13641193445"/>
  <tag k="building" v="yes"/>
 </way>
 <way id="1489813927" visible="true" version="1" changeset="180015375" timestamp="2026-03-17T15:57:46Z" user="jotth" uid="611825">
  <nd ref="13655297319"/>
  <nd ref="13655297320"/>
  <nd ref="13655297321"/>
  <nd ref="13655297322"/>
  <nd ref="13655297319"/>
  <tag k="landuse" v="construction"/>
 </way>
 <way id="1490268652" visible="true" version="1" changeset="180069043" timestamp="2026-03-18T16:36:56Z" user="jotth" uid="611825">
  <nd ref="13659229710"/>
  <nd ref="13659229711"/>
  <tag k="aeroway" v="runway"/>
  <tag k="surface" v="dirt"/>
 </way>
 <way id="1491364963" visible="true" version="1" changeset="180230769" timestamp="2026-03-22T00:19:27Z" user="jotth" uid="611825">
  <nd ref="13668079010"/>
  <nd ref="13668079011"/>
  <nd ref="13668079012"/>
  <nd ref="13668079013"/>
  <tag k="highway" v="service"/>
 </way>
 <way id="1491364964" visible="true" version="1" changeset="180230769" timestamp="2026-03-22T00:19:27Z" user="jotth" uid="611825">
  <nd ref="13668079014"/>
  <nd ref="13668079015"/>
  <nd ref="13668079016"/>
  <nd ref="13668079017"/>
  <nd ref="13668079018"/>
  <nd ref="13668079019"/>
  <nd ref="13668079020"/>
  <nd ref="13668079021"/>
  <nd ref="13668079014"/>
  <tag k="man_made" v="telescope"/>
  <tag k="telescope:type" v="radio"/>
 </way>
 <relation id="20347981" visible="true" version="3" changeset="180230769" timestamp="2026-03-22T00:19:27Z" user="jotth" uid="611825">
  <member type="way" ref="1488018471" role="outer"/>
  <member type="way" ref="1488018472" role="outer"/>
  <member type="way" ref="1488018463" role="outer"/>
  <member type="way" ref="1488018467" role="outer"/>
  <member type="way" ref="1488018464" role="outer"/>
  <member type="way" ref="1488018459" role="outer"/>
  <member type="way" ref="1488018461" role="outer"/>
  <member type="way" ref="1488018462" role="outer"/>
  <member type="way" ref="1488018465" role="outer"/>
  <member type="way" ref="1488018468" role="outer"/>
  <member type="way" ref="1488018469" role="outer"/>
  <member type="way" ref="1488018457" role="outer"/>
  <member type="way" ref="1488018495" role="outer"/>
  <member type="way" ref="1488025268" role="outer"/>
  <member type="way" ref="1488025271" role="outer"/>
  <member type="way" ref="1488025274" role="outer"/>
  <member type="way" ref="1488025277" role="outer"/>
  <member type="way" ref="1488018460" role="outer"/>
  <member type="way" ref="1490304511" role="outer"/>
  <member type="way" ref="1490304510" role="outer"/>
  <member type="way" ref="1491364964" role="outer"/>
  <tag k="frequency" v="50 - 350 MHz"/>
  <tag k="man_made" v="telescope"/>
  <tag k="name" v="Square Kilometer Array Low-Frequency Telescope"/>
  <tag k="operator" v="SKA Observatory"/>
  <tag k="operator:wikidata" v="Q30296442"/>
  <tag k="short_name" v="SKA-Low"/>
  <tag k="telescope:type" v="radio"/>
  <tag k="type" v="multipolygon"/>
  <tag k="website" v="https://www.skao.int/en/explore/telescopes/ska-low"/>
 </relation>
 <relation id="20347982" visible="true" version="2" changeset="180073624" timestamp="2026-03-18T18:18:21Z" user="jotth" uid="611825">
  <member type="way" ref="1488018470" role=""/>
  <member type="way" ref="1488018458" role=""/>
  <member type="relation" ref="20347981" role=""/>
  <member type="relation" ref="20348207" role=""/>
  <tag k="description" v="Square Kilometer Array Low-Frequency Telescope site"/>
  <tag k="man_made" v="observatory"/>
  <tag k="name" v="SKA-Low Telescope Facility"/>
  <tag k="observatory:type" v="astronomical"/>
  <tag k="type" v="site"/>
  <tag k="website" v="https://www.skao.int/en/explore/telescopes/ska-low"/>
 </relation>
 <relation id="20348171" visible="true" version="1" changeset="180073373" timestamp="2026-03-18T18:10:15Z" user="jotth" uid="611825">
  <member type="node" ref="13659405630" role=""/>
  <member type="node" ref="13659405629" role=""/>
  <member type="node" ref="13659405628" role=""/>
  <member type="node" ref="13659405627" role=""/>
  <member type="node" ref="13659405626" role=""/>
  <member type="node" ref="13659405625" role=""/>
  <tag k="name" v="SKA-Low LFAA Station Cluster S10"/>
  <tag k="type" v="site"/>
 </relation>
 <relation id="20348178" visible="true" version="1" changeset="180073373" timestamp="2026-03-18T18:10:15Z" user="jotth" uid="611825">
  <member type="node" ref="13659405672" role=""/>
  <member type="node" ref="13659405671" role=""/>
  <member type="node" ref="13659405670" role=""/>
  <member type="node" ref="13659405669" role=""/>
  <member type="node" ref="13659405668" role=""/>
  <member type="node" ref="13659405667" role=""/>
  <tag k="name" v="SKA-Low LFAA Station Cluster E10"/>
  <tag k="type" v="site"/>
 </relation>
 <relation id="20348179" visible="true" version="1" changeset="180073373" timestamp="2026-03-18T18:10:15Z" user="jotth" uid="611825">
  <member type="node" ref="13659405678" role=""/>
  <member type="node" ref="13659405677" role=""/>
  <member type="node" ref="13659405676" role=""/>
  <member type="node" ref="13659405675" role=""/>
  <member type="node" ref="13659405674" role=""/>
  <member type="node" ref="13659405673" role=""/>
  <tag k="name" v="SKA-Low LFAA Station Cluster N9"/>
  <tag k="type" v="site"/>
 </relation>
 <relation id="20348180" visible="true" version="1" changeset="180073373" timestamp="2026-03-18T18:10:15Z" user="jotth" uid="611825">
  <member type="node" ref="13659405684" role=""/>
  <member type="node" ref="13659405683" role=""/>
  <member type="node" ref="13659405682" role=""/>
  <member type="node" ref="13659405681" role=""/>
  <member type="node" ref="13659405680" role=""/>
  <member type="node" ref="13659405679" role=""/>
  <tag k="name" v="SKA-Low LFAA Station Cluster N8"/>
  <tag k="type" v="site"/>
 </relation>
 <relation id="20348181" visible="true" version="1" changeset="180073373" timestamp="2026-03-18T18:10:15Z" user="jotth" uid="611825">
  <member type="node" ref="13659405690" role=""/>
  <member type="node" ref="13659405689" role=""/>
  <member type="node" ref="13659405688" role=""/>
  <member type="node" ref="13659405687" role=""/>
  <member type="node" ref="13659405686" role=""/>
  <member type="node" ref="13659405685" role=""/>
  <tag k="name" v="SKA-Low LFAA Station Cluster N7"/>
  <tag k="type" v="site"/>
 </relation>
 <relation id="20348182" visible="true" version="1" changeset="180073373" timestamp="2026-03-18T18:10:15Z" user="jotth" uid="611825">
  <member type="node" ref="13659405696" role=""/>
  <member type="node" ref="13659405695" role=""/>
  <member type="node" ref="13659405694" role=""/>
  <member type="node" ref="13659405693" role=""/>
  <member type="node" ref="13659405692" role=""/>
  <member type="node" ref="13659405691" role=""/>
  <tag k="name" v="SKA-Low LFAA Station Cluster N6"/>
  <tag k="type" v="site"/>
 </relation>
 <relation id="20348183" visible="true" version="1" changeset="180073373" timestamp="2026-03-18T18:10:15Z" user="jotth" uid="611825">
  <member type="node" ref="13659405702" role=""/>
  <member type="node" ref="13659405701" role=""/>
  <member type="node" ref="13659405700" role=""/>
  <member type="node" ref="13659405699" role=""/>
  <member type="node" ref="13659405698" role=""/>
  <member type="node" ref="13659405697" role=""/>
  <tag k="name" v="SKA-Low LFAA Station Cluster N5"/>
  <tag k="type" v="site"/>
 </relation>
 <relation id="20348185" visible="true" version="1" changeset="180073373" timestamp="2026-03-18T18:10:15Z" user="jotth" uid="611825">
  <member type="node" ref="13659405714" role=""/>
  <member type="node" ref="13659405713" role=""/>
  <member type="node" ref="13659405712" role=""/>
  <member type="node" ref="13659405711" role=""/>
  <member type="node" ref="13659405710" role=""/>
  <member type="node" ref="13659405709" role=""/>
  <tag k="name" v="SKA-Low LFAA Station Cluster S8"/>
  <tag k="type" v="site"/>
 </relation>
 <relation id="20348186" visible="true" version="1" changeset="180073373" timestamp="2026-03-18T18:10:15Z" user="jotth" uid="611825">
  <member type="node" ref="13659405720" role=""/>
  <member type="node" ref="13659405719" role=""/>
  <member type="node" ref="13659405718" role=""/>
  <member type="node" ref="13659405717" role=""/>
  <member type="node" ref="13659405716" role=""/>
  <member type="node" ref="13659405715" role=""/>
  <tag k="name" v="SKA-Low LFAA Station Cluster S7"/>
  <tag k="type" v="site"/>
 </relation>
 <relation id="20348187" visible="true" version="1" changeset="180073373" timestamp="2026-03-18T18:10:15Z" user="jotth" uid="611825">
  <member type="node" ref="13659405726" role=""/>
  <member type="node" ref="13659405725" role=""/>
  <member type="node" ref="13659405724" role=""/>
  <member type="node" ref="13659405723" role=""/>
  <member type="node" ref="13659405722" role=""/>
  <member type="node" ref="13659405721" role=""/>
  <tag k="name" v="SKA-Low LFAA Station Cluster S6"/>
  <tag k="type" v="site"/>
 </relation>
 <relation id="20348188" visible="true" version="1" changeset="180073373" timestamp="2026-03-18T18:10:15Z" user="jotth" uid="611825">
  <member type="node" ref="13659405732" role=""/>
  <member type="node" ref="13659405731" role=""/>
  <member type="node" ref="13659405730" role=""/>
  <member type="node" ref="13659405729" role=""/>
  <member type="node" ref="13659405728" role=""/>
  <member type="node" ref="13659405727" role=""/>
  <tag k="name" v="SKA-Low LFAA Station Cluster S5"/>
  <tag k="type" v="site"/>
 </relation>
 <relation id="20348189" visible="true" version="1" changeset="180073373" timestamp="2026-03-18T18:10:15Z" user="jotth" uid="611825">
  <member type="node" ref="13659405738" role=""/>
  <member type="node" ref="13659405737" role=""/>
  <member type="node" ref="13659405736" role=""/>
  <member type="node" ref="13659405735" role=""/>
  <member type="node" ref="13659405734" role=""/>
  <member type="node" ref="13659405733" role=""/>
  <tag k="name" v="SKA-Low LFAA Station Cluster E9"/>
  <tag k="type" v="site"/>
 </relation>
 <relation id="20348190" visible="true" version="1" changeset="180073373" timestamp="2026-03-18T18:10:15Z" user="jotth" uid="611825">
  <member type="node" ref="13659405744" role=""/>
  <member type="node" ref="13659405743" role=""/>
  <member type="node" ref="13659405742" role=""/>
  <member type="node" ref="13659405741" role=""/>
  <member type="node" ref="13659405740" role=""/>
  <member type="node" ref="13659405739" role=""/>
  <tag k="name" v="SKA-Low LFAA Station Cluster E8"/>
  <tag k="type" v="site"/>
 </relation>
 <relation id="20348191" visible="true" version="1" changeset="180073373" timestamp="2026-03-18T18:10:15Z" user="jotth" uid="611825">
  <member type="node" ref="13659405750" role=""/>
  <member type="node" ref="13659405749" role=""/>
  <member type="node" ref="13659405748" role=""/>
  <member type="node" ref="13659405747" role=""/>
  <member type="node" ref="13659405746" role=""/>
  <member type="node" ref="13659405745" role=""/>
  <tag k="name" v="SKA-Low LFAA Station Cluster E7"/>
  <tag k="type" v="site"/>
 </relation>
 <relation id="20348192" visible="true" version="1" changeset="180073373" timestamp="2026-03-18T18:10:15Z" user="jotth" uid="611825">
  <member type="node" ref="13659405756" role=""/>
  <member type="node" ref="13659405755" role=""/>
  <member type="node" ref="13659405754" role=""/>
  <member type="node" ref="13659405753" role=""/>
  <member type="node" ref="13659405752" role=""/>
  <member type="node" ref="13659405751" role=""/>
  <tag k="name" v="SKA-Low LFAA Station Cluster E6"/>
  <tag k="type" v="site"/>
 </relation>
 <relation id="20348193" visible="true" version="1" changeset="180073373" timestamp="2026-03-18T18:10:15Z" user="jotth" uid="611825">
  <member type="node" ref="13659405762" role=""/>
  <member type="node" ref="13659405761" role=""/>
  <member type="node" ref="13659405760" role=""/>
  <member type="node" ref="13659405759" role=""/>
  <member type="node" ref="13659405758" role=""/>
  <member type="node" ref="13659405757" role=""/>
  <tag k="name" v="SKA-Low LFAA Station Cluster E5"/>
  <tag k="type" v="site"/>
 </relation>
 <relation id="20348194" visible="true" version="1" changeset="180073373" timestamp="2026-03-18T18:10:15Z" user="jotth" uid="611825">
  <member type="node" ref="13659405768" role=""/>
  <member type="node" ref="13659405767" role=""/>
  <member type="node" ref="13659405766" role=""/>
  <member type="node" ref="13659405765" role=""/>
  <member type="node" ref="13659405764" role=""/>
  <member type="node" ref="13659405763" role=""/>
  <tag k="name" v="SKA-Low LFAA Station Cluster S4"/>
  <tag k="type" v="site"/>
 </relation>
 <relation id="20348195" visible="true" version="1" changeset="180073373" timestamp="2026-03-18T18:10:15Z" user="jotth" uid="611825">
  <member type="node" ref="13659405774" role=""/>
  <member type="node" ref="13659405773" role=""/>
  <member type="node" ref="13659405772" role=""/>
  <member type="node" ref="13659405771" role=""/>
  <member type="node" ref="13659405770" role=""/>
  <member type="node" ref="13659405769" role=""/>
  <tag k="name" v="SKA-Low LFAA Station Cluster S3"/>
  <tag k="type" v="site"/>
 </relation>
 <relation id="20348196" visible="true" version="1" changeset="180073373" timestamp="2026-03-18T18:10:15Z" user="jotth" uid="611825">
  <member type="node" ref="13659405780" role=""/>
  <member type="node" ref="13659405779" role=""/>
  <member type="node" ref="13659405778" role=""/>
  <member type="node" ref="13659405777" role=""/>
  <member type="node" ref="13659405776" role=""/>
  <member type="node" ref="13659405775" role=""/>
  <tag k="name" v="SKA-Low LFAA Station Cluster S2"/>
  <tag k="type" v="site"/>
 </relation>
 <relation id="20348197" visible="true" version="1" changeset="180073373" timestamp="2026-03-18T18:10:15Z" user="jotth" uid="611825">
  <member type="node" ref="13659405786" role=""/>
  <member type="node" ref="13659405785" role=""/>
  <member type="node" ref="13659405784" role=""/>
  <member type="node" ref="13659405783" role=""/>
  <member type="node" ref="13659405782" role=""/>
  <member type="node" ref="13659405781" role=""/>
  <tag k="name" v="SKA-Low LFAA Station Cluster S1"/>
  <tag k="type" v="site"/>
 </relation>
 <relation id="20348198" visible="true" version="1" changeset="180073373" timestamp="2026-03-18T18:10:15Z" user="jotth" uid="611825">
  <member type="node" ref="13659405792" role=""/>
  <member type="node" ref="13659405791" role=""/>
  <member type="node" ref="13659405790" role=""/>
  <member type="node" ref="13659405789" role=""/>
  <member type="node" ref="13659405788" role=""/>
  <member type="node" ref="13659405787" role=""/>
  <tag k="name" v="SKA-Low LFAA Station Cluster N4"/>
  <tag k="type" v="site"/>
 </relation>
 <relation id="20348199" visible="true" version="1" changeset="180073373" timestamp="2026-03-18T18:10:15Z" user="jotth" uid="611825">
  <member type="node" ref="13659405798" role=""/>
  <member type="node" ref="13659405797" role=""/>
  <member type="node" ref="13659405796" role=""/>
  <member type="node" ref="13659405795" role=""/>
  <member type="node" ref="13659405794" role=""/>
  <member type="node" ref="13659405793" role=""/>
  <tag k="name" v="SKA-Low LFAA Station Cluster N3"/>
  <tag k="type" v="site"/>
 </relation>
 <relation id="20348200" visible="true" version="1" changeset="180073373" timestamp="2026-03-18T18:10:15Z" user="jotth" uid="611825">
  <member type="node" ref="13659405804" role=""/>
  <member type="node" ref="13659405803" role=""/>
  <member type="node" ref="13659405802" role=""/>
  <member type="node" ref="13659405801" role=""/>
  <member type="node" ref="13659405800" role=""/>
  <member type="node" ref="13659405799" role=""/>
  <tag k="name" v="SKA-Low LFAA Station Cluster N2"/>
  <tag k="type" v="site"/>
 </relation>
 <relation id="20348201" visible="true" version="1" changeset="180073373" timestamp="2026-03-18T18:10:15Z" user="jotth" uid="611825">
  <member type="node" ref="13659405810" role=""/>
  <member type="node" ref="13659405809" role=""/>
  <member type="node" ref="13659405808" role=""/>
  <member type="node" ref="13659405807" role=""/>
  <member type="node" ref="13659405806" role=""/>
  <member type="node" ref="13659405805" role=""/>
  <tag k="name" v="SKA-Low LFAA Station Cluster N1"/>
  <tag k="type" v="site"/>
 </relation>
 <relation id="20348202" visible="true" version="1" changeset="180073373" timestamp="2026-03-18T18:10:15Z" user="jotth" uid="611825">
  <member type="node" ref="13659405816" role=""/>
  <member type="node" ref="13659405815" role=""/>
  <member type="node" ref="13659405814" role=""/>
  <member type="node" ref="13659405813" role=""/>
  <member type="node" ref="13659405812" role=""/>
  <member type="node" ref="13659405811" role=""/>
  <tag k="name" v="SKA-Low LFAA Station Cluster E4"/>
  <tag k="type" v="site"/>
 </relation>
 <relation id="20348203" visible="true" version="1" changeset="180073373" timestamp="2026-03-18T18:10:15Z" user="jotth" uid="611825">
  <member type="node" ref="13659405822" role=""/>
  <member type="node" ref="13659405821" role=""/>
  <member type="node" ref="13659405820" role=""/>
  <member type="node" ref="13659405819" role=""/>
  <member type="node" ref="13659405818" role=""/>
  <member type="node" ref="13659405817" role=""/>
  <tag k="name" v="SKA-Low LFAA Station Cluster E3"/>
  <tag k="type" v="site"/>
 </relation>
 <relation id="20348204" visible="true" version="1" changeset="180073373" timestamp="2026-03-18T18:10:15Z" user="jotth" uid="611825">
  <member type="node" ref="13659405828" role=""/>
  <member type="node" ref="13659405827" role=""/>
  <member type="node" ref="13659405826" role=""/>
  <member type="node" ref="13659405825" role=""/>
  <member type="node" ref="13659405824" role=""/>
  <member type="node" ref="13659405823" role=""/>
  <tag k="name" v="SKA-Low LFAA Station Cluster E2"/>
  <tag k="type" v="site"/>
 </relation>
 <relation id="20348205" visible="true" version="1" changeset="180073373" timestamp="2026-03-18T18:10:15Z" user="jotth" uid="611825">
  <member type="node" ref="13659405834" role=""/>
  <member type="node" ref="13659405833" role=""/>
  <member type="node" ref="13659405832" role=""/>
  <member type="node" ref="13659405831" role=""/>
  <member type="node" ref="13659405830" role=""/>
  <member type="node" ref="13659405829" role=""/>
  <tag k="name" v="SKA-Low LFAA Station Cluster E1"/>
  <tag k="type" v="site"/>
 </relation>
 <relation id="20348206" visible="true" version="1" changeset="180073373" timestamp="2026-03-18T18:10:15Z" user="jotth" uid="611825">
  <member type="node" ref="13659406058" role=""/>
  <member type="node" ref="13659406057" role=""/>
  <member type="node" ref="13659406056" role=""/>
  <member type="node" ref="13659406055" role=""/>
  <member type="node" ref="13659406054" role=""/>
  <member type="node" ref="13659406053" role=""/>
  <member type="node" ref="13659406052" role=""/>
  <member type="node" ref="13659406051" role=""/>
  <member type="node" ref="13659406050" role=""/>
  <member type="node" ref="13659406049" role=""/>
  <member type="node" ref="13659406048" role=""/>
  <member type="node" ref="13659406047" role=""/>
  <member type="node" ref="13659406046" role=""/>
  <member type="node" ref="13659406045" role=""/>
  <member type="node" ref="13659406044" role=""/>
  <member type="node" ref="13659406043" role=""/>
  <member type="node" ref="13659406042" role=""/>
  <member type="node" ref="13659406041" role=""/>
  <member type="node" ref="13659406040" role=""/>
  <member type="node" ref="13659406039" role=""/>
  <member type="node" ref="13659406038" role=""/>
  <member type="node" ref="13659406037" role=""/>
  <member type="node" ref="13659406036" role=""/>
  <member type="node" ref="13659406035" role=""/>
  <member type="node" ref="13659406034" role=""/>
  <member type="node" ref="13659406033" role=""/>
  <member type="node" ref="13659406032" role=""/>
  <member type="node" ref="13659406031" role=""/>
  <member type="node" ref="13659406030" role=""/>
  <member type="node" ref="13659406029" role=""/>
  <member type="node" ref="13659406028" role=""/>
  <member type="node" ref="13659406027" role=""/>
  <member type="node" ref="13659406026" role=""/>
  <member type="node" ref="13659406025" role=""/>
  <member type="node" ref="13659406024" role=""/>
  <member type="node" ref="13659406023" role=""/>
  <member type="node" ref="13659406022" role=""/>
  <member type="node" ref="13659406021" role=""/>
  <member type="node" ref="13659406020" role=""/>
  <member type="node" ref="13659406019" role=""/>
  <member type="node" ref="13659406018" role=""/>
  <member type="node" ref="13659406017" role=""/>
  <member type="node" ref="13659406016" role=""/>
  <member type="node" ref="13659406015" role=""/>
  <member type="node" ref="13659406014" role=""/>
  <member type="node" ref="13659406013" role=""/>
  <member type="node" ref="13659406012" role=""/>
  <member type="node" ref="13659406011" role=""/>
  <member type="node" ref="13659406010" role=""/>
  <member type="node" ref="13659406009" role=""/>
  <member type="node" ref="13659406008" role=""/>
  <member type="node" ref="13659406007" role=""/>
  <member type="node" ref="13659406006" role=""/>
  <member type="node" ref="13659406005" role=""/>
  <member type="node" ref="13659406004" role=""/>
  <member type="node" ref="13659406003" role=""/>
  <member type="node" ref="13659406002" role=""/>
  <member type="node" ref="13659406001" role=""/>
  <member type="node" ref="13659406000" role=""/>
  <member type="node" ref="13659405999" role=""/>
  <member type="node" ref="13659405998" role=""/>
  <member type="node" ref="13659405997" role=""/>
  <member type="node" ref="13659405996" role=""/>
  <member type="node" ref="13659405995" role=""/>
  <member type="node" ref="13659405994" role=""/>
  <member type="node" ref="13659405993" role=""/>
  <member type="node" ref="13659405992" role=""/>
  <member type="node" ref="13659405991" role=""/>
  <member type="node" ref="13659405990" role=""/>
  <member type="node" ref="13659405989" role=""/>
  <member type="node" ref="13659405988" role=""/>
  <member type="node" ref="13659405987" role=""/>
  <member type="node" ref="13659405986" role=""/>
  <member type="node" ref="13659405985" role=""/>
  <member type="node" ref="13659405984" role=""/>
  <member type="node" ref="13659405983" role=""/>
  <member type="node" ref="13659405982" role=""/>
  <member type="node" ref="13659405981" role=""/>
  <member type="node" ref="13659405980" role=""/>
  <member type="node" ref="13659405979" role=""/>
  <member type="node" ref="13659405978" role=""/>
  <member type="node" ref="13659405977" role=""/>
  <member type="node" ref="13659405976" role=""/>
  <member type="node" ref="13659405975" role=""/>
  <member type="node" ref="13659405974" role=""/>
  <member type="node" ref="13659405973" role=""/>
  <member type="node" ref="13659405972" role=""/>
  <member type="node" ref="13659405971" role=""/>
  <member type="node" ref="13659405970" role=""/>
  <member type="node" ref="13659405969" role=""/>
  <member type="node" ref="13659405968" role=""/>
  <member type="node" ref="13659405967" role=""/>
  <member type="node" ref="13659405966" role=""/>
  <member type="node" ref="13659405965" role=""/>
  <member type="node" ref="13659405964" role=""/>
  <member type="node" ref="13659405963" role=""/>
  <member type="node" ref="13659405962" role=""/>
  <member type="node" ref="13659405961" role=""/>
  <member type="node" ref="13659405960" role=""/>
  <member type="node" ref="13659405959" role=""/>
  <member type="node" ref="13659405958" role=""/>
  <member type="node" ref="13659405957" role=""/>
  <member type="node" ref="13659405956" role=""/>
  <member type="node" ref="13659405955" role=""/>
  <member type="node" ref="13659405954" role=""/>
  <member type="node" ref="13659405953" role=""/>
  <member type="node" ref="13659405952" role=""/>
  <member type="node" ref="13659405951" role=""/>
  <member type="node" ref="13659405950" role=""/>
  <member type="node" ref="13659405949" role=""/>
  <member type="node" ref="13659405948" role=""/>
  <member type="node" ref="13659405947" role=""/>
  <member type="node" ref="13659405946" role=""/>
  <member type="node" ref="13659405945" role=""/>
  <member type="node" ref="13659405944" role=""/>
  <member type="node" ref="13659405943" role=""/>
  <member type="node" ref="13659405942" role=""/>
  <member type="node" ref="13659405941" role=""/>
  <member type="node" ref="13659405940" role=""/>
  <member type="node" ref="13659405939" role=""/>
  <member type="node" ref="13659405938" role=""/>
  <member type="node" ref="13659405937" role=""/>
  <member type="node" ref="13659405936" role=""/>
  <member type="node" ref="13659405935" role=""/>
  <member type="node" ref="13659405934" role=""/>
  <member type="node" ref="13659405933" role=""/>
  <member type="node" ref="13659405932" role=""/>
  <member type="node" ref="13659405931" role=""/>
  <member type="node" ref="13659405930" role=""/>
  <member type="node" ref="13659405929" role=""/>
  <member type="node" ref="13659405928" role=""/>
  <member type="node" ref="13659405927" role=""/>
  <member type="node" ref="13659405926" role=""/>
  <member type="node" ref="13659405925" role=""/>
  <member type="node" ref="13659405924" role=""/>
  <member type="node" ref="13659405923" role=""/>
  <member type="node" ref="13659405922" role=""/>
  <member type="node" ref="13659405921" role=""/>
  <member type="node" ref="13659405920" role=""/>
  <member type="node" ref="13659405919" role=""/>
  <member type="node" ref="13659405918" role=""/>
  <member type="node" ref="13659405917" role=""/>
  <member type="node" ref="13659405916" role=""/>
  <member type="node" ref="13659405915" role=""/>
  <member type="node" ref="13659405914" role=""/>
  <member type="node" ref="13659405913" role=""/>
  <member type="node" ref="13659405912" role=""/>
  <member type="node" ref="13659405911" role=""/>
  <member type="node" ref="13659405910" role=""/>
  <member type="node" ref="13659405909" role=""/>
  <member type="node" ref="13659405908" role=""/>
  <member type="node" ref="13659405907" role=""/>
  <member type="node" ref="13659405906" role=""/>
  <member type="node" ref="13659405905" role=""/>
  <member type="node" ref="13659405904" role=""/>
  <member type="node" ref="13659405903" role=""/>
  <member type="node" ref="13659405902" role=""/>
  <member type="node" ref="13659405901" role=""/>
  <member type="node" ref="13659405900" role=""/>
  <member type="node" ref="13659405899" role=""/>
  <member type="node" ref="13659405898" role=""/>
  <member type="node" ref="13659405897" role=""/>
  <member type="node" ref="13659405896" role=""/>
  <member type="node" ref="13659405895" role=""/>
  <member type="node" ref="13659405894" role=""/>
  <member type="node" ref="13659405893" role=""/>
  <member type="node" ref="13659405892" role=""/>
  <member type="node" ref="13659405891" role=""/>
  <member type="node" ref="13659405890" role=""/>
  <member type="node" ref="13659405889" role=""/>
  <member type="node" ref="13659405888" role=""/>
  <member type="node" ref="13659405887" role=""/>
  <member type="node" ref="13659405886" role=""/>
  <member type="node" ref="13659405885" role=""/>
  <member type="node" ref="13659405884" role=""/>
  <member type="node" ref="13659405883" role=""/>
  <member type="node" ref="13659405882" role=""/>
  <member type="node" ref="13659405881" role=""/>
  <member type="node" ref="13659405880" role=""/>
  <member type="node" ref="13659405879" role=""/>
  <member type="node" ref="13659405878" role=""/>
  <member type="node" ref="13659405877" role=""/>
  <member type="node" ref="13659405876" role=""/>
  <member type="node" ref="13659405875" role=""/>
  <member type="node" ref="13659405874" role=""/>
  <member type="node" ref="13659405873" role=""/>
  <member type="node" ref="13659405872" role=""/>
  <member type="node" ref="13659405871" role=""/>
  <member type="node" ref="13659405870" role=""/>
  <member type="node" ref="13659405869" role=""/>
  <member type="node" ref="13659405868" role=""/>
  <member type="node" ref="13659405867" role=""/>
  <member type="node" ref="13659405866" role=""/>
  <member type="node" ref="13659405865" role=""/>
  <member type="node" ref="13659405864" role=""/>
  <member type="node" ref="13659405863" role=""/>
  <member type="node" ref="13659405862" role=""/>
  <member type="node" ref="13659405861" role=""/>
  <member type="node" ref="13659405860" role=""/>
  <member type="node" ref="13659405859" role=""/>
  <member type="node" ref="13659405858" role=""/>
  <member type="node" ref="13659405857" role=""/>
  <member type="node" ref="13659405856" role=""/>
  <member type="node" ref="13659405855" role=""/>
  <member type="node" ref="13659405854" role=""/>
  <member type="node" ref="13659405853" role=""/>
  <member type="node" ref="13659405852" role=""/>
  <member type="node" ref="13659405851" role=""/>
  <member type="node" ref="13659405850" role=""/>
  <member type="node" ref="13659405849" role=""/>
  <member type="node" ref="13659405848" role=""/>
  <member type="node" ref="13659405847" role=""/>
  <member type="node" ref="13659405846" role=""/>
  <member type="node" ref="13659405845" role=""/>
  <member type="node" ref="13659405844" role=""/>
  <member type="node" ref="13659405843" role=""/>
  <member type="node" ref="13659405842" role=""/>
  <member type="node" ref="13659405841" role=""/>
  <member type="node" ref="13659405840" role=""/>
  <member type="node" ref="13659405839" role=""/>
  <member type="node" ref="13659405838" role=""/>
  <member type="node" ref="13659405837" role=""/>
  <member type="node" ref="13659405836" role=""/>
  <member type="node" ref="13659405835" role=""/>
  <tag k="name" v="SKA-Low LFAA Station Cluster C"/>
  <tag k="type" v="site"/>
 </relation>
 <relation id="20348207" visible="true" version="1" changeset="180073373" timestamp="2026-03-18T18:10:15Z" user="jotth" uid="611825">
  <member type="relation" ref="20348206" role=""/>
  <member type="relation" ref="20348205" role=""/>
  <member type="relation" ref="20348204" role=""/>
  <member type="relation" ref="20348203" role=""/>
  <member type="relation" ref="20348202" role=""/>
  <member type="relation" ref="20348201" role=""/>
  <member type="relation" ref="20348200" role=""/>
  <member type="relation" ref="20348199" role=""/>
  <member type="relation" ref="20348198" role=""/>
  <member type="relation" ref="20348197" role=""/>
  <member type="relation" ref="20348196" role=""/>
  <member type="relation" ref="20348195" role=""/>
  <member type="relation" ref="20348194" role=""/>
  <member type="relation" ref="20348193" role=""/>
  <member type="relation" ref="20348192" role=""/>
  <member type="relation" ref="20348191" role=""/>
  <member type="relation" ref="20348190" role=""/>
  <member type="relation" ref="20348189" role=""/>
  <member type="relation" ref="20348188" role=""/>
  <member type="relation" ref="20348187" role=""/>
  <member type="relation" ref="20348186" role=""/>
  <member type="relation" ref="20348185" role=""/>
  <member type="relation" ref="20348184" role=""/>
  <member type="relation" ref="20348183" role=""/>
  <member type="relation" ref="20348182" role=""/>
  <member type="relation" ref="20348181" role=""/>
  <member type="relation" ref="20348180" role=""/>
  <member type="relation" ref="20348179" role=""/>
  <member type="relation" ref="20348178" role=""/>
  <member type="relation" ref="20348177" role=""/>
  <member type="relation" ref="20348176" role=""/>
  <member type="relation" ref="20348175" role=""/>
  <member type="relation" ref="20348174" role=""/>
  <member type="relation" ref="20348173" role=""/>
  <member type="relation" ref="20348172" role=""/>
  <member type="relation" ref="20348171" role=""/>
  <member type="relation" ref="20348170" role=""/>
  <member type="relation" ref="20348169" role=""/>
  <member type="relation" ref="20348168" role=""/>
  <member type="relation" ref="20348167" role=""/>
  <member type="relation" ref="20348166" role=""/>
  <member type="relation" ref="20348165" role=""/>
  <member type="relation" ref="20348164" role=""/>
  <member type="relation" ref="20348163" role=""/>
  <member type="relation" ref="20348162" role=""/>
  <member type="relation" ref="20348161" role=""/>
  <member type="relation" ref="20348160" role=""/>
  <member type="relation" ref="20348159" role=""/>
  <member type="relation" ref="20348158" role=""/>
  <tag k="name" v="SKA-Low LFAA Stations"/>
  <tag k="type" v="site"/>
 </relation>
</osm>
